# Image list with two lines of data per image:
#   IMAGE_ID, QW, QX, QY, QZ, TX, TY, TZ, CAMERA_ID, NAME
#   POINTS2D[] as (X, Y, POINT3D_ID)
# Number of images: 74, mean observations per image: 90.256756756756758
93 0.99702399517994844 -0.051293810784446128 -0.053308809224369466 -0.021685683519395833 2.4426880623754976 -0.31325350347093894 2.8943417104662608 93 img_098.jpg
1290.04638671875 1476.0048828125 -1 1080.48681640625 1495.575927734375 -1 1289.3587646484375 1563.6563720703125 -1 1283.370361328125 1581.667236328125 -1 1260.237548828125 1599.60595703125 -1 1200.387939453125 1605.2225341796875 1 1018.8939208984375 1682.488037109375 -1 2140.610595703125 2356.1689453125 -1 2222.0302734375 2410.262451171875 -1 2246.552001953125 2466.44189453125 -1 2048.509521484375 2549.802978515625 -1 2035.710693359375 2557.10498046875 -1 2043.347412109375 2556.79443359375 -1 1954.269287109375 2612.48046875 -1 665.87939453125 2740.024169921875 -1 661.41015625 2740.4365234375 -1 1191.3885498046875 2817.94677734375 -1 1708.64501953125 2875.17138671875 -1 1198.6488037109375 2970.738037109375 -1 1109.6474609375 1382.932861328125 -1 1284.3975830078125 1480.3521728515625 -1 2123.677490234375 2354.158203125 -1 2090.351318359375 2362.02294921875 -1 2176.319091796875 2363.085205078125 -1 2082.905029296875 2375.170166015625 -1 2073.89599609375 2387.501220703125 -1 2063.6181640625 2543.128662109375 -1 2023.14013671875 2565.33447265625 -1 2013.7384033203125 2575.720458984375 -1 1973.20703125 2601.060302734375 -1 2577.2021484375 2700.40771484375 422 1347.38818359375 2992.613525390625 -1 1237.7596435546875 2998.3037109375 -1 2084.21240234375 2368.35595703125 -1 2197.18798828125 2375.692626953125 -1 2081.10302734375 2527.401123046875 -1 2074.46923828125 2528.650634765625 -1 2009.281494140625 2573.673095703125 -1 1955.168701171875 2613.10595703125 -1 2166.712646484375 2357.801025390625 -1 2090.5029296875 2360.4423828125 -1 1116.384765625 1383.3858642578125 329 1071.3988037109375 1490.9556884765625 115 667.27496337890625 2270.0087890625 116 654.93084716796875 2736.652099609375 -1 978.44927978515625 1269.2781982421875 2 1103.386474609375 1282.9915771484375 152 1080.1441650390625 1508.1396484375 3 1080.1441650390625 1508.1396484375 175 951.19677734375 1778.6591796875 4 931.12188720703125 1797.4185791015625 5 1055.3643798828125 1933.4207763671875 6 669.22900390625 2449.8203125 117 1082.5843505859375 1508.4334716796875 175 1082.5843505859375 1508.4334716796875 -1 906.17059326171875 1773.061767578125 7 952.951416015625 2139.568603515625 8 1125.54150390625 2184.8818359375 -1 938.15069580078125 2245.35498046875 443 938.15069580078125 2245.35498046875 442 865.880126953125 2274.199462890625 498 1218.3662109375 2742.692138671875 -1 1749.24072265625 2862.3759765625 10 858.44921875 1318.0360107421875 -1 1090.1317138671875 1540.5718994140625 12 681.97869873046875 1677.816650390625 -1 681.97869873046875 1677.816650390625 122 985.43280029296875 1738.728515625 57 972.20343017578125 2116.798583984375 13 1164.2340087890625 2170.76416015625 14 882.82275390625 2197.01806640625 187 1119.48486328125 2222.469970703125 15 871.640380859375 2243.490966796875 16 871.640380859375 2243.490966796875 124 952.41510009765625 2279.960693359375 58 666.809326171875 2398.47021484375 -1 839.54559326171875 2461.25634765625 17 1045.526123046875 2704.769287109375 59 1682.76123046875 2846.3056640625 18 1016.6268920898438 2933.676513671875 -1 996.183837890625 1132.144287109375 -1 1048.1004638671875 1169.3077392578125 61 833.86907958984375 1283.5343017578125 62 1013.3698120117188 1346.3797607421875 19 775.9920654296875 1370.2918701171875 63 1269.1788330078125 1462.0552978515625 159 818.76202392578125 1674.2047119140625 65 902.69354248046875 1695.1949462890625 322 630.61712646484375 1841.384765625 128 844.57568359375 2194.520263671875 21 1132.5128173828125 2260.010498046875 22 869.42523193359375 2317.628173828125 66 972.375 2415.776123046875 23 1156.6939697265625 2427.423095703125 24 1209.287841796875 2428.39013671875 130 1964.1517333984375 2579.622314453125 132 920.86492919921875 2810.232177734375 -1 1591.6510009765625 2861.501708984375 25 966.6507568359375 1179.4100341796875 70 1265.034423828125 1458.45556640625 159 897.9239501953125 1694.9617919921875 426 938.8460693359375 1948.6573486328125 71 664.5960693359375 2140.1640625 -1 975.350341796875 2239.54638671875 26 1001.0153198242188 2310.70263671875 27 805.94439697265625 2340.532470703125 469 1136.6253662109375 2478.27783203125 29 1967.996337890625 2571.009521484375 -1 2223.969482421875 2793.674560546875 -1 1721.513916015625 2834.290283203125 30 1721.513916015625 2834.290283203125 31 2285.521240234375 2857.598388671875 68 916.0418701171875 2889 84 1177.0694580078125 2977.515869140625 69 1260.105712890625 3086.694091796875 76 718.08258056640625 3202.04541015625 -1 994.344970703125 1236.124267578125 77 1247.7530517578125 1562.5889892578125 32 1062.6981201171875 1697.7357177734375 -1 1538.2562255859375 2130.86865234375 79 1304.3968505859375 2197.441650390625 339 1069.80615234375 2282.54833984375 81 1184.0655517578125 2318.34130859375 618 1782.47607421875 2360.581787109375 82 1782.47607421875 2360.581787109375 34 1735.3883056640625 2524.580810546875 -1 1508.660400390625 2548.64794921875 35 1827.176025390625 2554.501708984375 36 1917.1456298828125 2679.053466796875 -1 997.79205322265625 2740.61669921875 -1 666.388427734375 2889.013671875 243 1157.459716796875 2897.108642578125 136 1157.459716796875 2897.108642578125 -1 1297.141845703125 3024.921142578125 85 744.810546875 3069.370361328125 99 1370.935302734375 3103.94482421875 138 1370.935302734375 3103.94482421875 137 628.9454345703125 3377.104736328125 -1 932.03704833984375 1306.5662841796875 78 1180.5390625 1351.638916015625 38 1042.4814453125 1439.6434326171875 86 658.056640625 1745.1163330078125 -1 583.2921142578125 2046.5029296875 -1 583.2921142578125 2046.5029296875 -1 1376.3685302734375 2152.10693359375 -1 1521.1947021484375 2212.196044921875 39 1521.1947021484375 2212.196044921875 415 1473.2325439453125 2293.262451171875 40 1739.4923095703125 2432.9033203125 41 2153.885009765625 2481.10302734375 42 907.71380615234375 2487.362548828125 43 737.70330810546875 2510.980712890625 44 1730.4967041015625 2525.497802734375 92 1184.68798828125 2574.588623046875 94 845.8795166015625 2578.40380859375 93 721.61798095703125 2600.6796875 95 2307.615234375 2606.70654296875 -1 1782.0836181640625 2631.284912109375 -1 774.8037109375 2690.0615234375 151 658.86541748046875 2795.2041015625 45 1394.2647705078125 2801.74951171875 98 978.999267578125 2861.98388671875 -1 978.999267578125 2861.98388671875 -1 414.92385864257812 773.907958984375 607 1073.6602783203125 1335.6654052734375 46 1068.4896240234375 1712.3768310546875 446 1001.1951904296875 1922.5447998046875 88 304.95965576171875 2145.90380859375 -1 1472.99072265625 2392.83056640625 449 1595.361572265625 2538.76806640625 140 1515.8746337890625 2867.64208984375 47 2022.2379150390625 3033.510986328125 102 2139.02783203125 3061.56982421875 103 2139.02783203125 3061.56982421875 -1 633.61468505859375 3253.633056640625 -1 695.24725341796875 3463.448486328125 -1 822.7470703125 3493.1767578125 -1 812.62554931640625 1788.2049560546875 554 683.48028564453125 2046.457763671875 -1 916.20819091796875 2213.854736328125 100 1311.2919921875 2310.5654296875 211 1583.30029296875 2319.332763671875 48 540.84197998046875 2720.009521484375 -1 540.84197998046875 2720.009521484375 -1 1492.8203125 2704.748291015625 141 1619.8065185546875 2720.330810546875 49 657.515869140625 3049.619384765625 -1 675.35247802734375 1401.9749755859375 -1 747.47088623046875 2198.32080078125 105 747.47088623046875 2198.32080078125 -1 1835.093505859375 2230.162841796875 172 1121.9351806640625 2761.557861328125 -1 2144.8720703125 2849.247314453125 50 1254.508544921875 2900.0634765625 51 1254.508544921875 2900.0634765625 108 795.44769287109375 3880.07861328125 -1 524.8380126953125 2181.836181640625 -1 524.8380126953125 2181.836181640625 -1 2049.139892578125 2667.42724609375 627 2144.086181640625 2856.82861328125 110 780.8753662109375 2950.854248046875 -1 1989.98046875 2311.09765625 -1 1004.0789794921875 3763.9658203125 451 230.52001953125 1943.813720703125 -1 2383.901123046875 2313.015625 240 984.58306884765625 1508.6009521484375 353 1016.33837890625 2613.21728515625 -1 1762.35595703125 2940.226806640625 149 1149.3797607421875 2013.950439453125 112 1155.9837646484375 3079.0263671875 455 
88 0.99469312364193929 -0.077408262708022216 0.067202049554010546 -0.0087997261155085636 2.3819016781097822 -0.16218923043052089 2.3919203224014369 88 img_093.jpg
1364.7506103515625 1574.673095703125 -1 1323.2276611328125 1656.3563232421875 558 1294.9014892578125 1664.6148681640625 -1 1466.5386962890625 1756.807861328125 1 1386.658447265625 1793.2369384765625 -1 1353.69921875 1802.6717529296875 -1 1329.09765625 1813.2457275390625 -1 1299.5867919921875 1823.6458740234375 -1 1294.3533935546875 1834.0836181640625 -1 1161.525634765625 1923.0462646484375 -1 2286.68310546875 2553.704833984375 -1 2082.7353515625 2820.388916015625 -1 1363.4046630859375 1575.438232421875 -1 1338.5152587890625 1652.7630615234375 -1 1299.873046875 1666.3184814453125 -1 57.375778198242188 4063.50048828125 -1 57.375778198242188 4063.50048828125 -1 185.847412109375 4073.70947265625 -1 2806.43701171875 2902.5302734375 -1 2806.43701171875 2902.5302734375 -1 2859.114990234375 2930.96337890625 -1 2859.114990234375 2930.96337890625 -1 1232.0565185546875 1433.0643310546875 -1 1305.974609375 1639.750244140625 54 1222.373779296875 1976.7440185546875 751 1240.4659423828125 2021.4959716796875 -1 1191.4378662109375 1962.6202392578125 696 1206.12060546875 1979.8896484375 -1 1224.136474609375 2000.32958984375 -1 1277.3206787109375 2074.703369140625 6 839.917724609375 2506.8037109375 -1 2293.079833984375 2539.3203125 388 1252.91064453125 1441.46875 508 1405.504638671875 1486.5595703125 512 1326.5814208984375 1665.290771484375 3 1188.8076171875 1926.059814453125 4 1167.1771240234375 1944.3599853515625 5 1283.41748046875 2047.8880615234375 -1 1089.726806640625 2266.69775390625 511 1023.1077880859375 2521.841552734375 -1 1242.2041015625 2825.835693359375 -1 1189.8531494140625 1340.2459716796875 -1 1189.8531494140625 1340.2459716796875 -1 1096.2222900390625 1462.4195556640625 -1 1120.099609375 1485.470947265625 555 1043.015869140625 1544.0279541015625 509 1503.388671875 1555.02392578125 -1 1061.457275390625 1568.9111328125 -1 1551.08447265625 1647.81591796875 513 1281.8372802734375 1675.167236328125 177 1281.8372802734375 1675.167236328125 -1 1335.4896240234375 1692.798583984375 12 1144.8189697265625 1919.1822509765625 7 1254.9034423828125 2005.5076904296875 -1 1104.2230224609375 2247.510498046875 514 1253.5621337890625 2300.3759765625 -1 1224.9189453125 2319.2841796875 9 1011.3547973632812 2370.086181640625 16 1070.0362548828125 2403.8662109375 516 1068.095947265625 2442.1708984375 -1 1316.8778076171875 2886.6201171875 -1 1202.802734375 2984.63232421875 -1 1821.794677734375 3012.976806640625 -1 1878.0982666015625 3039.909912109375 10 1587.81103515625 3097.34375 567 1319.6103515625 1334.73779296875 61 1385.8426513671875 1421.8555908203125 -1 1264.135498046875 1509.40478515625 19 1348.91552734375 1583.60693359375 56 943.2891845703125 1796.0682373046875 -1 951.63836669921875 1829.2203369140625 -1 951.63836669921875 1829.2203369140625 -1 994.849365234375 2321.0771484375 21 1215.6802978515625 2355.140625 15 986.500732421875 2388.616943359375 515 986.500732421875 2388.616943359375 -1 1224.4949951171875 2389.1982421875 22 962.78857421875 2574.761962890625 17 860.48602294921875 2777.574462890625 -1 1209.4703369140625 2932.048828125 -1 1269.43310546875 2964.172607421875 460 781.08837890625 2991.2919921875 526 1279.78515625 1306.238525390625 -1 1231.880615234375 1353.625732421875 572 1366.6593017578125 1377.8502197265625 667 1268.3677978515625 1828.5191650390625 -1 1146.274658203125 1847.19921875 322 956.81317138671875 1952.072998046875 523 892.99169921875 1978.0302734375 573 1091.5732421875 2367.26123046875 463 1091.5732421875 2367.26123046875 26 1109.5089111328125 2438.404541015625 27 1077.9932861328125 2539.071044921875 67 1077.9932861328125 2539.071044921875 23 1226.020751953125 2558.14013671875 24 958.81524658203125 2573.6962890625 -1 1211.35986328125 2606.0703125 29 2089.2783203125 2792.84423828125 -1 2383.715576171875 2981.67822265625 605 1856.905517578125 3012.270263671875 31 1856.905517578125 3012.270263671875 30 1224.0281982421875 3096.15966796875 465 1530.1287841796875 1607.87939453125 416 1268.0272216796875 1826.3006591796875 -1 1329.722900390625 1840.2017822265625 -1 1462.46044921875 2142.256591796875 466 1534.8873291015625 2182.1962890625 -1 873.82000732421875 2263.94384765625 -1 1288.061767578125 2272.876953125 467 1721.2342529296875 2347.12109375 501 1165.87451171875 2417.24560546875 468 1165.87451171875 2417.24560546875 -1 948.25335693359375 2460.8671875 28 2016.364013671875 2741.883056640625 502 2016.364013671875 2741.883056640625 503 2095.556640625 2783.050048828125 -1 1663.1197509765625 3022.59228515625 25 2480.54736328125 3063.2412109375 -1 1127.9976806640625 3080.80126953125 479 1122.7001953125 1351.413330078125 -1 1263.933349609375 1403.826904296875 77 1298.5853271484375 1594.031494140625 537 1519.4986572265625 1713.09619140625 32 921.32421875 1893.822998046875 556 1500.4139404296875 2234.671630859375 472 1656.9359130859375 2285.945068359375 473 1412.807373046875 2345.028564453125 529 1265.03125 2452.37939453125 456 1886.5313720703125 2520.7880859375 34 2366.24755859375 2564.703369140625 83 892.927978515625 2623.280029296875 44 886.96826171875 2699.40625 656 886.96826171875 2699.40625 525 1925.1890869140625 2725.063720703125 36 824.70794677734375 2894.185546875 45 2038.7103271484375 2903.052734375 -1 833.3519287109375 2979.493896484375 581 2425.47802734375 2986.3154296875 -1 1326.60498046875 3228.08544921875 -1 1126.4686279296875 1327.09423828125 -1 1189.45263671875 1479.751220703125 -1 1448.5711669921875 1510.872314453125 38 1339.6622314453125 1848.8990478515625 431 1065.150390625 1933.107177734375 -1 827.36846923828125 2170.486572265625 -1 827.36846923828125 2170.486572265625 -1 1479.56591796875 2304.606689453125 482 1780.0760498046875 2304.103271484375 150 1604.7774658203125 2355.938232421875 39 1546.6943359375 2431.76171875 721 1831.0050048828125 2593.029296875 41 1022.368896484375 2606.31591796875 43 1022.368896484375 2606.31591796875 542 2358.259765625 2665.39013671875 42 1565.752685546875 2693.922119140625 35 921.29803466796875 2788.7744140625 402 1567.6483154296875 2847.1259765625 544 1131.78955078125 2883.57177734375 -1 1131.78955078125 2883.57177734375 -1 1440.46875 2946.1689453125 98 892.061767578125 3346.080322265625 -1 1055.1507568359375 977.17376708984375 607 1329.2894287109375 1495.426025390625 46 1329.2894287109375 1495.426025390625 546 1353.8935546875 1856.5203857421875 171 808.92889404296875 2159.613037109375 -1 915.4339599609375 2159.228271484375 586 924.08526611328125 2330.06298828125 484 924.08526611328125 2330.06298828125 403 1051.940185546875 2333.94580078125 -1 1035.6004638671875 2467.8544921875 107 1539.5552978515625 2545.209716796875 101 1454.3236083984375 2683.92822265625 -1 1659.9111328125 2703.162109375 -1 1254.0421142578125 2891.92529296875 486 1443.0621337890625 2946.560546875 98 2334.439697265625 3272.671142578125 -1 2000.0377197265625 3293.843017578125 -1 899.19012451171875 3346.63330078125 -1 1399.847900390625 2440.94140625 490 1665.0150146484375 2471.516845703125 48 1665.0150146484375 2471.516845703125 -1 1276.878662109375 2686.33837890625 492 2142.966552734375 2721.048583984375 -1 1674.977783203125 2876.2666015625 592 1575.5208740234375 3016.742919921875 550 1808.35791015625 3701.1689453125 170 1916.8310546875 2354.990234375 505 1304.4874267578125 3035.546142578125 51 788.28173828125 3195.529052734375 -1 2167.462646484375 3260.37255859375 -1 1015.0170288085938 3975.9296875 -1 1099.98828125 2410.339599609375 -1 2180.87255859375 2866.70556640625 553 2311.736328125 3055.96044921875 600 1165.7957763671875 758.3004150390625 -1 991.56298828125 3086.59814453125 -1 1206.2315673828125 3853.023681640625 -1 848.9468994140625 462.22122192382812 -1 848.9468994140625 462.22122192382812 -1 2170.80615234375 2463.8603515625 146 2612.278564453125 2480.998291015625 185 1110.3970947265625 2760.95947265625 -1 1001.2496337890625 3117.4091796875 -1 1247.352294921875 1672.7969970703125 -1 1247.352294921875 1672.7969970703125 -1 140.30325317382812 2111.032958984375 -1 469.40103149414062 2470.37890625 -1 1836.4478759765625 3114.107666015625 114 1323.674072265625 2180.106689453125 -1 1444.6375732421875 3218.007080078125 -1 
92 0.99736246738480727 -0.061378516638172252 -0.033895074985911669 -0.018759270750384451 2.4108901098612341 -0.25939766640867928 2.8010572034349277 92 img_097.jpg
1296.343505859375 1538.8709716796875 -1 1309.669189453125 1543.985107421875 -1 1105.1463623046875 1554.516845703125 -1 1319.735107421875 1617.492919921875 -1 1188.1119384765625 1681.3804931640625 -1 2184.689697265625 2419.433349609375 -1 2092.90478515625 2426.520751953125 -1 2086.5185546875 2433.072509765625 53 2222.393798828125 2459.888671875 -1 2227.885498046875 2467.729736328125 -1 2084.492919921875 2580.884765625 -1 2079.26025390625 2586.837158203125 -1 2040.0018310546875 2612.537109375 -1 2015.8232421875 2631.618408203125 -1 2006.1563720703125 2633.555908203125 -1 1994.607666015625 2641.03857421875 -1 1999.1715087890625 2641.13720703125 -1 1984.54052734375 2647.44189453125 -1 1959.7098388671875 2662.036865234375 -1 1951.9586181640625 2670.06640625 -1 654.90740966796875 2791.64501953125 -1 1107.9991455078125 2971.251220703125 -1 1028.8194580078125 1766.1162109375 -1 2190.730224609375 2423.385986328125 -1 2068.17919921875 2599.952880859375 -1 2052.260986328125 2605.40869140625 -1 2040.619873046875 2616.87060546875 -1 2028.1890869140625 2619.91357421875 -1 2029.7742919921875 2623.515380859375 -1 2007.6400146484375 2636.6357421875 -1 1977.123779296875 2655.747802734375 -1 1965.1998291015625 2662.6728515625 -1 2090.1015625 2423.306396484375 -1 2014.7056884765625 2627.7744140625 -1 1984.0762939453125 2652.232421875 -1 1984.76513671875 2652.9169921875 -1 1083.0322265625 1546.1083984375 -1 1002.2893676757812 1332.5863037109375 2 1002.2893676757812 1332.5863037109375 -1 1070.3399658203125 1957.3948974609375 -1 1072.9385986328125 1538.35205078125 -1 1099.51318359375 1567.1141357421875 3 1099.51318359375 1567.1141357421875 175 992.88763427734375 1708.967529296875 -1 970.43475341796875 1830.140625 4 949.9251708984375 1850.1661376953125 5 932.17791748046875 1868.5372314453125 -1 1067.2542724609375 1982.4449462890625 6 1067.2542724609375 1982.4449462890625 -1 924.54962158203125 1824.895751953125 7 931.216796875 1871.9686279296875 119 949.3272705078125 2186.307861328125 8 1110.0882568359375 2232.876953125 9 884.4371337890625 2444.81689453125 -1 674.61865234375 2492.436767578125 -1 674.61865234375 2492.436767578125 -1 2178.048828125 2840.147216796875 -1 1678.167236328125 2898.236083984375 18 1743.68603515625 2914.33251953125 10 995.7156982421875 3040.82080078125 -1 924.8436279296875 1264.6094970703125 242 1113.66748046875 1485.960693359375 56 1110.9737548828125 1598.5958251953125 12 704.33282470703125 1733.0078125 -1 1008.3981323242188 1793.9122314453125 57 968.80950927734375 2164.97119140625 13 1150.766357421875 2218.775634765625 14 868.15069580078125 2289.004638671875 16 827.17022705078125 2298.38671875 440 943.63507080078125 2325.59130859375 58 1051.7291259765625 2747.031005859375 59 1733.9339599609375 2852.279296875 125 1030.9190673828125 1196.740234375 60 1075.05078125 1234.374267578125 61 860.1751708984375 1347.542236328125 62 877.3741455078125 1385.86181640625 158 1036.371337890625 1404.984619140625 19 807.3206787109375 1430.431640625 63 1292.0030517578125 1519.546630859375 159 1034.46142578125 1724.7501220703125 -1 844.09307861328125 1730.98876953125 65 923.22674560546875 1750.3248291015625 322 1196.353759765625 2060.822265625 161 630.0123291015625 2104.018310546875 -1 630.0123291015625 2104.018310546875 -1 843.41693115234375 2239.798828125 21 1121.041259765625 2304.3427734375 22 863.49951171875 2363.975830078125 66 707.681396484375 2441.58740234375 -1 707.681396484375 2441.58740234375 -1 958.55133056640625 2460.737060546875 23 958.55133056640625 2460.737060546875 67 1134.666259765625 2473.745849609375 24 1954.57080078125 2644.24072265625 -1 960.46539306640625 2829.7998046875 -1 960.46539306640625 2829.7998046875 -1 919.632568359375 2837.9677734375 -1 2279.787841796875 2913.4296875 68 1154.767333984375 3018.8193359375 -1 1030.3997802734375 1195.308837890625 -1 990.84979248046875 1244.2490234375 70 944.0120849609375 1998.928466796875 71 1178.927001953125 2182.318115234375 467 1635.6376953125 2206.793212890625 557 1635.6376953125 2206.793212890625 150 1616.0791015625 2254.987548828125 541 1616.0791015625 2254.987548828125 -1 991.0643310546875 2358.090576171875 27 805.66748046875 2384.599365234375 28 1118.733642578125 2523.06787109375 29 1888.98193359375 2610.610595703125 131 2225.490966796875 2849.580078125 -1 1716.0697021484375 2887.803466796875 30 1716.0697021484375 2887.803466796875 31 1233.364013671875 3127.265869140625 260 1023.3963012695312 1301.3360595703125 77 956.28265380859375 1368.0367431640625 78 1272.23046875 1620.1431884765625 32 1220.6650390625 1693.7183837890625 369 698.424560546875 1797.951416015625 -1 1530.14990234375 2182.82421875 79 1294.8509521484375 2247.73583984375 339 1056.4765625 2330.4990234375 81 1160.43994140625 2366.063720703125 456 1771.0758056640625 2414.178955078125 82 1771.0758056640625 2414.178955078125 34 2161.045166015625 2438.149169921875 83 744.5250244140625 2556.701904296875 -1 1487.18212890625 2594.4765625 35 1813.240966796875 2608.939453125 36 1895.93212890625 2726.10498046875 135 1005.512939453125 2782.050048828125 -1 907.27716064453125 2932.923583984375 -1 975.26617431640625 2993.01708984375 -1 676.78155517578125 3075.957763671875 -1 1269.5595703125 3069.05126953125 85 685.55621337890625 3159.7919921875 -1 1886.5146484375 3199.491455078125 -1 1912.092529296875 3270.74755859375 -1 1777.4444580078125 3381.627197265625 -1 1204.67578125 1414.25341796875 38 1063.4906005859375 1498.5421142578125 86 674.740966796875 1716.511962890625 -1 1091.8660888671875 1757.360595703125 87 1019.3833618164062 1970.6927490234375 -1 422.50546264648438 2186.87158203125 -1 1367.779052734375 2204.871826171875 -1 1503.1915283203125 2261.875 39 1503.1915283203125 2261.875 415 1454.021240234375 2342.109375 40 1721.680908203125 2483.880859375 400 898.3922119140625 2530.544189453125 43 2159.462646484375 2537.24755859375 42 1709.1832275390625 2577.51953125 204 1970.704345703125 2613.1005859375 -1 833.788818359375 2620.240234375 93 1165.395751953125 2620.61181640625 94 726.43707275390625 2639.800048828125 95 1760.705078125 2686.5126953125 96 776.42034912109375 2726.19189453125 402 661.2579345703125 2834.73779296875 45 1374.5894775390625 2850.400634765625 98 982.46429443359375 2898.24853515625 -1 982.46429443359375 2898.24853515625 -1 671.72967529296875 2928.307861328125 243 749.61798095703125 3113.80712890625 -1 1267.35546875 3747.538818359375 -1 1097.0867919921875 1397.3780517578125 46 902.81781005859375 2264.66162109375 -1 1452.8994140625 2447.01904296875 101 1493.6666259765625 2915.322509765625 47 2019.980712890625 3090.913330078125 102 2143.408447265625 3120.10400390625 103 2143.408447265625 3120.10400390625 -1 697.3033447265625 3508.189208984375 -1 613.95831298828125 2197.499267578125 -1 751.83892822265625 2244.73046875 105 1773.91015625 2267.10498046875 -1 1293.72021484375 2357.182373046875 211 1565.0712890625 2368.59375 48 904.47332763671875 2384.020263671875 -1 1600.722412109375 2772.843505859375 49 1609.8153076171875 2933.3525390625 -1 1098.62939453125 3038.671142578125 -1 1249.0057373046875 3869.851318359375 -1 1811.2493896484375 2276.61474609375 -1 1121.2335205078125 2803.57177734375 -1 1231.883544921875 2946.294921875 51 1231.883544921875 2946.294921875 108 2039.8626708984375 2726.378173828125 627 2140.575927734375 2917.3701171875 110 784.63067626953125 2996.6318359375 -1 886.1075439453125 1195.17041015625 -1 1988.140625 2359.607421875 -1 1020.0062866210938 3811.693359375 -1 914.46728515625 1158.7606201171875 -1 322.35333251953125 1988.0364990234375 -1 2380.9609375 2365.130615234375 437 524.4180908203125 3234.70361328125 -1 1011.9093017578125 1569.701416015625 353 1045.1051025390625 2056.877197265625 -1 1746.2513427734375 2984.696533203125 114 1137.07763671875 2067.9775390625 -1 1190.9093017578125 3128.4970703125 -1 
94 0.99616815965348615 -0.048744727065992872 -0.068962414093652988 -0.022740596259201336 2.5010689053154849 -0.33961453632317262 2.9659181463319833 94 img_099.jpg
992.9683837890625 1250.490966796875 -1 1116.717041015625 1280.1697998046875 -1 1127.6185302734375 1324.8438720703125 -1 1072.470947265625 1466.1651611328125 -1 1286.3870849609375 1560.72998046875 -1 1280.9649658203125 1566.749755859375 -1 648.2037353515625 2035.46728515625 -1 647.8311767578125 2044.5687255859375 -1 2125.952880859375 2328.905517578125 277 2147.199462890625 2332.092041015625 -1 2223.748046875 2355.566650390625 -1 2086.631591796875 2514.100830078125 -1 2069.95654296875 2525.275390625 -1 2026.6124267578125 2549.88525390625 -1 2020.243408203125 2553.685302734375 -1 1217.423095703125 2686.277099609375 -1 1572.314208984375 2928.437744140625 -1 1243.649169921875 2942.567138671875 -1 1249.3955078125 2948.004150390625 -1 1288.5667724609375 2972.96044921875 -1 1388.083251953125 2973.4541015625 -1 1096.1629638671875 1467.0057373046875 -1 1096.4832763671875 1471.167724609375 -1 1275.1644287109375 1570.2462158203125 218 2107.646728515625 2336.968505859375 -1 2232.86279296875 2365.021728515625 -1 2229.697265625 2367.7861328125 -1 2065.00830078125 2529.3681640625 -1 2051.77978515625 2533.031982421875 -1 2041.6505126953125 2544.80908203125 -1 1984.067626953125 2578.879150390625 -1 1210.0247802734375 2820.9482421875 -1 1268.4605712890625 2971.02490234375 -1 2241.30810546875 2384.214599609375 -1 2040.948486328125 2539.711669921875 -1 2010.6888427734375 2566.073486328125 -1 1282.621826171875 2972.788818359375 -1 2010.5479736328125 2566.8076171875 -1 1997.9178466796875 2574.97119140625 -1 2067.41162109375 2521.35693359375 -1 1082.739013671875 1466.9229736328125 115 880.55340576171875 1847.164794921875 -1 989.5284423828125 1243.5994873046875 2 1093.8282470703125 1482.7772216796875 3 1093.8282470703125 1482.7772216796875 175 967.251708984375 1753.2015380859375 4 948.6322021484375 1773.0355224609375 5 698.78045654296875 2248.968994140625 116 698.83673095703125 2428.322265625 154 698.83673095703125 2428.322265625 117 1096.939453125 1483.0653076171875 175 922.62786865234375 1748.75244140625 7 929.2545166015625 1796.021484375 119 989.19775390625 2117.3173828125 8 914.23291015625 2250.170654296875 120 728.00140380859375 2391.827392578125 153 1782.9962158203125 2832.851318359375 10 1027.0167236328125 2913.749755859375 -1 1063.99658203125 1224.521484375 155 1101.8104248046875 1515.9591064453125 12 700.99853515625 1652.10498046875 121 700.99853515625 1652.10498046875 122 922.90997314453125 1668.61572265625 462 834.10736083984375 1691.036865234375 178 1009.7420043945312 2093.039306640625 13 1207.62939453125 2147.2138671875 14 1165.4949951171875 2161.936279296875 9 923.27545166015625 2170.69970703125 187 668.7674560546875 2192.8056640625 -1 909.70068359375 2219.502197265625 16 909.70068359375 2219.502197265625 124 993.80621337890625 2256.462646484375 58 877.928466796875 2437.35595703125 17 1225.7451171875 2652.201416015625 -1 1225.7451171875 2652.201416015625 -1 1069.296142578125 2683.830078125 59 1234.9073486328125 2690.60107421875 -1 1203.9473876953125 2707.109130859375 157 1768.021240234375 2769.817626953125 125 954.79656982421875 2789.740966796875 -1 1712.605224609375 2821.686767578125 18 1047.3505859375 2859.727294921875 -1 1010.074462890625 1106.8050537109375 60 1056.36181640625 1144.706787109375 61 906.81689453125 1172.185302734375 242 844.823486328125 1254.9384765625 62 864.50079345703125 1295.909423828125 158 1027.8558349609375 1317.4443359375 19 1273.87890625 1436.9898681640625 159 682.9439697265625 1614.792724609375 -1 829.6202392578125 1649.59521484375 65 645.2645263671875 1816.6669921875 128 689.6348876953125 2128.380615234375 -1 880.375244140625 2174.301513671875 21 867.75421142578125 2233.17529296875 -1 1179.9962158203125 2234.31689453125 22 1179.9962158203125 2234.31689453125 162 908.685791015625 2295.14208984375 66 700.30767822265625 2375.914306640625 -1 747.22113037109375 2374.69873046875 -1 1012.970458984375 2391.750732421875 23 1204.7691650390625 2404.345947265625 24 1262.353515625 2404.3857421875 130 1921.917236328125 2402.708251953125 -1 1941.30859375 2533.38525390625 -1 1995.84765625 2549.28662109375 132 1635.381591796875 2834.611572265625 25 978.60498046875 1152.809814453125 70 786.89111328125 1343.1922607421875 63 693.62359619140625 1602.73779296875 -1 963.33245849609375 1925.603271484375 71 1689.457275390625 2135.026123046875 182 1689.457275390625 2135.026123046875 133 990.30029296875 2174.88720703125 199 1675.3516845703125 2188 276 1675.3516845703125 2188 165 1017.7710571289062 2214.203857421875 26 1043.171142578125 2287.580810546875 27 850.666015625 2318.317626953125 28 1188.7418212890625 2453.7216796875 29 2000.9305419921875 2537.5244140625 -1 1752.6995849609375 2807.656494140625 30 1752.6995849609375 2807.656494140625 31 948.99786376953125 2866.749755859375 84 1226.611083984375 2956.143798828125 69 1310.2376708984375 3063.861572265625 76 1004.268310546875 1208.369873046875 77 946.63995361328125 1277.4876708984375 78 926.87298583984375 1406.6083984375 163 1062.210693359375 1411.401123046875 134 1251.498291015625 1538.471923828125 32 1574.6851806640625 2106.66162109375 79 1344.1251220703125 2172.3466796875 339 1563.2064208984375 2187.6396484375 39 1563.2064208984375 2187.6396484375 415 1113.7705078125 2257.48046875 81 1821.753662109375 2337.341552734375 82 1773.7293701171875 2499.530517578125 92 1557.351806640625 2518.669189453125 35 1866.069091796875 2531.582763671875 36 1949.9381103515625 2646.23828125 135 1022.1932373046875 2723.83349609375 -1 690.244140625 2869.12353515625 -1 1204.8160400390625 2873.525634765625 136 777.71221923828125 3050.13916015625 99 1424.5435791015625 3083.58251953125 -1 1424.5435791015625 3083.58251953125 -1 1187.9161376953125 1326.0316162109375 38 1074.3631591796875 1675.7642822265625 87 670.1632080078125 1722.9576416015625 -1 1736.683349609375 2061.055908203125 -1 1782.9332275390625 2408.40234375 41 2177.3056640625 2456.04345703125 263 947.5738525390625 2463.637451171875 43 771.1917724609375 2489.547607421875 44 892.2972412109375 2556.165771484375 93 1228.3299560546875 2550.2451171875 94 756.20587158203125 2580.73291015625 95 756.20587158203125 2580.73291015625 167 1190.71142578125 2775.297607421875 -1 1450.5738525390625 2779.342529296875 98 815.4654541015625 2799.648681640625 188 1659.414794921875 2848.965576171875 -1 699.5535888671875 2873.408203125 243 2049.644287109375 2994.681640625 183 716.76080322265625 3434.779541015625 -1 1086.644775390625 1309.22998046875 46 1016.7676391601562 1899.860595703125 88 581.36273193359375 2014.4935302734375 -1 228.76029968261719 2125.893310546875 -1 1639.222412109375 2513.646728515625 140 811.57281494140625 2670.941650390625 151 1543.64892578125 2679.442138671875 141 692.9078369140625 2768.85595703125 620 1564.9759521484375 2843.438232421875 47 2156.968994140625 3030.49853515625 103 796.00537109375 3060.083984375 -1 634.997314453125 3544.3427734375 -1 828.46282958984375 1765.959228515625 554 304.71533203125 1998.066650390625 -1 701.42822265625 2022.432861328125 -1 780.73779296875 2172.775146484375 144 780.73779296875 2172.775146484375 -1 1823.45263671875 2195.510009765625 -1 1348.455078125 2288.7109375 106 1624.9161376953125 2295.121826171875 48 1518.1568603515625 2370.01220703125 101 1662.494873046875 2695.46923828125 49 779.2532958984375 3217.580078125 -1 846.25677490234375 3528.126708984375 -1 443.8450927734375 2142.0185546875 -1 476.38510131835938 2662.070556640625 -1 1141.928955078125 2750.171875 -1 2170.703369140625 2819.87353515625 50 1305.0980224609375 2875.713623046875 51 1305.0980224609375 2875.713623046875 108 671.16143798828125 3059.041748046875 -1 723.78839111328125 3797.71435546875 -1 651.4346923828125 1402.899169921875 -1 447.61758422851562 2155.311279296875 -1 2079.679931640625 2636.662841796875 109 2004.7939453125 2275.10400390625 -1 2039.9345703125 3180.371337890625 -1 1008.8001708984375 3740.171630859375 451 1008.8001708984375 3740.171630859375 -1 2392.91259765625 2287.462646484375 240 990.68377685546875 1480.5882568359375 -1 1052.318359375 2599.963134765625 -1 1810.0728759765625 2907.231201171875 149 1182.796142578125 1987.90478515625 112 1165.0860595703125 3060.518798828125 455 
95 0.99414752493505476 -0.040065459049085775 -0.096472518285347503 -0.027541076093246561 2.5019986094467748 -0.40212373729173612 3.1247377181717741 95 img_100.jpg
1033.387451171875 1415.887451171875 -1 1033.588623046875 1415.7000732421875 115 939.60748291015625 1191.3419189453125 2 1061.0224609375 1202.4266357421875 152 1696.621337890625 2728.606201171875 -1 923.604736328125 1705.7071533203125 4 904.11865234375 1724.576416015625 5 878.02386474609375 1700.884521484375 7 885.62359619140625 1747.9512939453125 119 674.02069091796875 2208.21240234375 116 897.9185791015625 2208.369384765625 120 709.7755126953125 2353.15478515625 153 676.4549560546875 2392.446533203125 117 676.4549560546875 2392.446533203125 154 820.77471923828125 2412.06640625 190 1760.1029052734375 2775.74072265625 10 1001.8604125976562 2858.66064453125 -1 1014.4541625976562 1171.679443359375 155 1055.419189453125 1431.3043212890625 221 1003.0752563476562 1439.430419921875 177 1053.006591796875 1464.4034423828125 12 625.30035400390625 1521.806640625 192 649.7301025390625 1602.8800048828125 121 649.7301025390625 1602.8800048828125 122 998.6514892578125 2050.890380859375 13 973.8284912109375 2074.29296875 8 1203.880615234375 2102.345703125 14 1158.16748046875 2116.35205078125 9 901.5670166015625 2132.517822265625 -1 982.81292724609375 2173.055419921875 389 982.81292724609375 2173.055419921875 156 896.50244140625 2177.060546875 124 896.50244140625 2177.060546875 16 984.83660888671875 2214.05712890625 58 869.01611328125 2397.23583984375 17 1166.9072265625 2662.73388671875 157 1746.245361328125 2709.927978515625 -1 627.6461181640625 2712.225341796875 -1 1689.8817138671875 2766.03271484375 18 956.64703369140625 1055.304443359375 179 1002.2579345703125 1091.7432861328125 194 1002.2579345703125 1091.7432861328125 -1 931.3414306640625 1103.10693359375 -1 931.3414306640625 1103.10693359375 -1 853.359619140625 1114.7779541015625 242 816.3487548828125 1239.22900390625 158 1218.228759765625 1385.0107421875 159 620.8419189453125 1571.6514892578125 457 767.77252197265625 1599.0343017578125 -1 872.373779296875 1621.11279296875 322 1200.7825927734375 1938.8587646484375 -1 863.24578857421875 2134.18212890625 -1 846.1827392578125 2187.63623046875 440 1176.623291015625 2188.141357421875 22 1176.623291015625 2188.141357421875 162 895.14556884765625 2254.690185546875 66 727.77813720703125 2337.417724609375 -1 678.34271240234375 2340.9189453125 -1 1006.2645263671875 2349.293212890625 23 1006.2645263671875 2349.293212890625 67 1205.685546875 2356.72412109375 24 1269.5174560546875 2356.453125 -1 1919.6416015625 2470.01318359375 131 1971.0343017578125 2478.27099609375 -1 1214.4190673828125 2602.582275390625 -1 2195.45166015625 2705.045166015625 -1 938.8336181640625 2820.7646484375 -1 792.5543212890625 1198.1094970703125 62 734.1663818359375 1288.3775634765625 63 884.00701904296875 1355.72705078125 163 884.00701904296875 1355.72705078125 198 1213.422607421875 1380.7315673828125 416 930.92242431640625 1879.5078125 71 1664.253173828125 2139.809326171875 276 1664.253173828125 2139.809326171875 165 1005.7294311523438 2168.45361328125 26 1034.8302001953125 2241.02783203125 27 837.32293701171875 2277.033935546875 28 679.707275390625 2340.37353515625 -1 1193.135986328125 2406.617431640625 -1 1852.5501708984375 2472.912841796875 36 1729.6767578125 2748.339599609375 30 1729.6767578125 2748.339599609375 31 976.4476318359375 2806.3291015625 -1 976.4476318359375 2806.3291015625 -1 1232.966796875 2909.716796875 69 1315.6322021484375 3012.57958984375 76 1834.215087890625 3217.509765625 -1 950.98382568359375 1154.739501953125 77 1194.1402587890625 1488.2296142578125 32 1560.9315185546875 2055.297119140625 79 1330.927001953125 2121.550048828125 80 1556.0592041015625 2137.555908203125 39 1556.0592041015625 2137.555908203125 415 1108.6070556640625 2213.624755859375 81 1808.1551513671875 2286.12841796875 82 1979.3414306640625 2458.720947265625 -1 1931.2315673828125 2580.322265625 -1 1213.9383544921875 2657.672119140625 202 1172.5582275390625 2755.890625 -1 1203.5137939453125 2829.25830078125 136 2013.706298828125 2933.646728515625 183 758.80963134765625 3006.310546875 -1 1418.2611083984375 3028.513671875 138 1418.2611083984375 3028.513671875 137 1081.655517578125 3740.795654296875 -1 895.5653076171875 1223.823486328125 78 1036.376220703125 1257.503173828125 46 1133.64013671875 1273.9552001953125 38 1007.5602416992188 1364.358154296875 86 1022.6771240234375 1627.4447021484375 87 86.470573425292969 2085.090087890625 -1 1768.0228271484375 2354.8232421875 41 2130.76953125 2395.83740234375 42 939.63909912109375 2420.3955078125 -1 750.4000244140625 2448.149169921875 311 1631.1375732421875 2452.00439453125 203 1758.1322021484375 2446.755126953125 92 1553.5283203125 2474.3408203125 -1 1224.9217529296875 2502.29833984375 94 893.49237060546875 2515.064697265625 93 742.945556640625 2541.22412109375 95 742.945556640625 2541.22412109375 -1 1804.91357421875 2550.560791015625 96 2194.89892578125 2621.427978515625 -1 1452.6019287109375 2725.609130859375 98 795.74737548828125 2763.431396484375 -1 1651.9278564453125 2787.24462890625 -1 675.1982421875 2837.698486328125 243 734.69671630859375 3147.044189453125 -1 1737.35791015625 3292.675048828125 -1 1727.2291259765625 3390.342041015625 170 684.94183349609375 3527.2041015625 -1 1139.740966796875 1270.86083984375 -1 1040.340087890625 1521.5894775390625 608 1026.370361328125 1634.7471923828125 171 970.3289794921875 1855.857421875 88 1619.0015869140625 2248.420654296875 48 751.79425048828125 2446.3486328125 -1 795.69000244140625 2635.01904296875 151 674.0880126953125 2728.0244140625 235 2121.810791015625 2959.008056640625 103 2008.220947265625 2977.1669921875 -1 1735.894775390625 3289.25390625 -1 1607.3851318359375 3379.72705078125 436 585.2325439453125 3447.9765625 -1 810.94580078125 3473.55029296875 -1 1183.3914794921875 3629.306640625 -1 781.13287353515625 1722.179931640625 554 523.48321533203125 1973.14111328125 -1 658.5111083984375 1974.115478515625 143 1814.5008544921875 2152.402587890625 -1 1340.384521484375 2241.60302734375 106 1514.8701171875 2316.34033203125 449 1660.6055908203125 2641.05908203125 49 1352.0257568359375 2644.688720703125 -1 694.23065185546875 3359.26318359375 -1 1358.73974609375 3487.29296875 -1 1331.3587646484375 3632.226318359375 -1 497.16162109375 1954.398681640625 -1 497.16162109375 1954.398681640625 -1 291.1395263671875 2108.494384765625 -1 291.1395263671875 2108.494384765625 -1 758.54656982421875 2129.397705078125 144 1107.76611328125 2729.177490234375 -1 2134.6796875 2757.576904296875 50 1310.6806640625 2825.879638671875 51 1176.177001953125 3801.183349609375 -1 292.94961547851562 2111.5546875 -1 292.94961547851562 2111.5546875 -1 2051.12841796875 2574.258544921875 109 618.82489013671875 3043.2900390625 -1 544.853759765625 1397.0509033203125 -1 1967.214599609375 2216.982421875 146 2320.408447265625 2218.56005859375 185 2011.4586181640625 3149.9267578125 213 623.0618896484375 3700.05029296875 -1 947.9727783203125 3724.620361328125 147 947.9727783203125 3724.620361328125 186 932.20281982421875 1423.967041015625 323 1032.6197509765625 2541.660400390625 -1 1804.4642333984375 2849.983642578125 149 1146.80615234375 1930.020751953125 -1 2011.7156982421875 1024.288330078125 -1 1149.8521728515625 3023.779052734375 -1 
96 0.99390904614869935 -0.039661996886580182 -0.099095160990947853 -0.027420486044741114 2.5074485147172019 -0.40302553935697355 3.1346797964623918 96 img_101.jpg
1072.99658203125 1244.315673828125 -1 1047.9947509765625 1412.5560302734375 -1 1230.52392578125 1507.6563720703125 -1 1207.5350341796875 1523.7894287109375 -1 1120.0146484375 1541.85986328125 -1 1103.9036865234375 1549.086181640625 -1 1082.4755859375 1559.9990234375 -1 1001.5957641601562 1585.5283203125 -1 986.33087158203125 1596.480224609375 -1 666.95159912109375 2092.958984375 -1 2108.833251953125 2274.080322265625 -1 2143.37841796875 2275.896484375 -1 2050.237060546875 2293.810302734375 -1 2187.072021484375 2309.337890625 -1 2047.559814453125 2440.9501953125 -1 2004.2022705078125 2479.40234375 -1 1194.15771484375 2687.859619140625 -1 1191.3984375 2691.312744140625 -1 1311.8194580078125 2926.108642578125 -1 1312.5340576171875 2929.2470703125 -1 1036.44970703125 1575.356689453125 -1 610.83441162109375 2012.7724609375 -1 2057.886962890625 2281.685546875 -1 2062.411865234375 2282.4345703125 -1 2032.107421875 2454.4287109375 -1 2020.4755859375 2468.535888671875 -1 1998.886962890625 2483.586669921875 -1 1964.037109375 2504.050048828125 -1 1753.719482421875 2763.75048828125 -1 1737.967041015625 2770.87646484375 -1 1193.8590087890625 2789.212890625 -1 1277.7626953125 2910.71630859375 -1 2316.6513671875 4076.533935546875 -1 965.6436767578125 1625.1922607421875 -1 2015.1492919921875 2472.242431640625 -1 1993.7598876953125 2482.075439453125 -1 1347.9940185546875 2924.889404296875 -1 1077.1912841796875 1295.7764892578125 -1 2185.01513671875 2303.236572265625 -1 2045.464599609375 2304.722900390625 324 2025.109619140625 2466.255126953125 -1 1993.8741455078125 2481.75146484375 -1 1195.5062255859375 2687.446044921875 -1 940.9237060546875 1189.763427734375 -1 923.721923828125 1701.64453125 4 905.16998291015625 1722.4974365234375 5 684.298095703125 2360.4013671875 -1 1014.28271484375 1167.784912109375 155 1053.6708984375 1459.95166015625 12 624.4521484375 1519.8460693359375 192 880.57470703125 1697.5362548828125 7 887.49859619140625 1745.2406005859375 119 677.49981689453125 2205.232421875 116 962.68695068359375 2230.214111328125 189 678.6689453125 2388.711181640625 154 1760.03271484375 2772.239990234375 10 1057.2879638671875 1428.91650390625 221 1003.935546875 1436.2166748046875 177 644.0264892578125 1600.2413330078125 -1 787.40618896484375 1637.4775390625 178 1236.1002197265625 1896.846923828125 193 1000.6887817382812 2046.8472900390625 13 975.2545166015625 2072.3876953125 8 989.43890380859375 2210.950439453125 58 1067.13330078125 2208.365234375 -1 721.45159912109375 2345.791748046875 195 721.45159912109375 2345.791748046875 -1 872.77001953125 2393.970947265625 17 1689.4073486328125 2764.89013671875 18 942.44671630859375 2816.07080078125 -1 1473.08203125 3038.010498046875 -1 954.62139892578125 1051.911865234375 179 1001.6339721679688 1088.30615234375 -1 1001.6339721679688 1088.30615234375 194 931.96014404296875 1098.630859375 -1 931.96014404296875 1098.630859375 -1 854.61090087890625 1112.439697265625 242 816.4091796875 1238.37939453125 158 1256.84814453125 1351.88037109375 -1 1217.41943359375 1382.37841796875 159 766.6436767578125 1595.925537109375 -1 872.98675537109375 1619.9449462890625 322 727.12066650390625 1775.7799072265625 228 1671.4788818359375 2082.809814453125 -1 1208.6331787109375 2100.901611328125 14 912.04498291015625 2124.776611328125 187 867.98663330078125 2126.730224609375 21 998.494384765625 2168.68896484375 -1 900.81610107421875 2174.233642578125 16 900.81610107421875 2174.233642578125 124 1182.339111328125 2185.4833984375 22 1182.339111328125 2185.4833984375 162 850.20465087890625 2184.6640625 440 899.44677734375 2251.164306640625 66 682.21356201171875 2339.876708984375 -1 1012.0745849609375 2346.543212890625 23 1270.72900390625 2354.2041015625 130 1206.8997802734375 2354.908203125 24 1970.9112548828125 2476.315673828125 -1 1219.7900390625 2599.977783203125 -1 1162.6124267578125 2666.41650390625 -1 2186.000244140625 2700.011474609375 -1 870.74420166015625 2789.34326171875 -1 792.7757568359375 1197.178466796875 62 733.853515625 1284.6112060546875 63 885.854248046875 1353.1448974609375 163 885.854248046875 1353.1448974609375 198 1213.6353759765625 1379.172607421875 416 1150.9110107421875 1553.460205078125 181 597.90447998046875 1768.081298828125 128 931.89788818359375 1877.158203125 71 1237.0247802734375 2058.865966796875 244 1678.465576171875 2084.36962890625 133 1678.465576171875 2084.36962890625 182 1665.965087890625 2136.58056640625 276 1012.5335693359375 2168.885986328125 26 1040.9041748046875 2239.669189453125 27 841.77191162109375 2275.369873046875 28 1885.8564453125 2398.20361328125 429 1194.01123046875 2404.75537109375 29 1730.4559326171875 2745.9521484375 30 1730.4559326171875 2745.9521484375 31 873.54998779296875 2789.5048828125 -1 1237.899658203125 2906.863525390625 69 2013.669921875 2927.781982421875 183 1320.340576171875 3010.576904296875 76 1919.641845703125 3038.572021484375 -1 726.73248291015625 3130.643798828125 -1 950.74261474609375 1151.1600341796875 77 1014.4437866210938 1357.7734375 134 1193.1368408203125 1486.179443359375 32 1563.12548828125 2052.881591796875 79 1337.1705322265625 2120.14990234375 80 1559.8878173828125 2136.227783203125 39 1559.8878173828125 2136.227783203125 415 1113.4512939453125 2210.639892578125 81 1808.8565673828125 2283.013671875 82 1775.8067626953125 2353.96630859375 41 1978.38427734375 2459.0537109375 -1 1559.0089111328125 2467.116455078125 35 1225.30810546875 2497.111572265625 -1 1933.017578125 2579.785888671875 -1 1213.809814453125 2655.091796875 202 1172.127197265625 2756.410888671875 -1 1207.01416015625 2826.886962890625 136 2266.892333984375 2823.78125 -1 758.54901123046875 3001.3017578125 -1 1419.6441650390625 3024.52197265625 138 1419.6441650390625 3024.52197265625 137 896.13128662109375 1221.9638671875 78 1036.9478759765625 1255.196044921875 46 1133.4603271484375 1271.9599609375 38 1022.5596313476562 1626.60205078125 87 70.93408203125 2079.9716796875 -1 1771.8153076171875 2353.080810546875 41 2129.104248046875 2394.6875 42 947.46429443359375 2420.4453125 43 753.13641357421875 2444.833740234375 311 1634.1361083984375 2450.652587890625 203 1755.6072998046875 2444.602783203125 -1 896.36956787109375 2512.724609375 93 745.184326171875 2539.209716796875 95 745.184326171875 2539.209716796875 -1 1809.1627197265625 2547.57470703125 96 2195.987060546875 2618.929443359375 -1 1458.3118896484375 2723.5029296875 98 815.7518310546875 2757.806640625 188 1653.8436279296875 2781.666748046875 -1 678.52044677734375 2835.756103515625 243 737.31268310546875 3149.849853515625 -1 1738.8306884765625 3288.88671875 -1 1731.088134765625 3388.028564453125 170 681.2261962890625 3519.938720703125 -1 1070.9158935546875 3736.515625 -1 1139.608154296875 1268.3231201171875 -1 1025.8997802734375 1633.030517578125 171 969.62261962890625 1854.6287841796875 88 1622.39697265625 2246.09521484375 48 1521.850341796875 2319.39892578125 101 944.65423583984375 2419.29248046875 43 800.2353515625 2632.2001953125 151 1546.5782470703125 2633.392822265625 206 676.14306640625 2725.84716796875 235 813.89300537109375 2757.5224609375 188 2119.539794921875 2956.52783203125 103 774.9832763671875 3003.615966796875 -1 1739.60986328125 3285.239990234375 -1 1610.893798828125 3375.43701171875 436 815.98980712890625 3475.14013671875 -1 1183.9351806640625 3630.21875 -1 782.3643798828125 1718.4510498046875 554 659.8463134765625 1972.3004150390625 143 1342.90576171875 2240.772705078125 106 1662.576904296875 2638.89111328125 49 693.33343505859375 3356.417236328125 -1 565.8302001953125 3433.58447265625 -1 1359.32568359375 3483.89697265625 -1 1331.5126953125 3627.786376953125 -1 490.73001098632812 1945.113037109375 -1 490.73001098632812 1945.113037109375 -1 272.8145751953125 2100.626220703125 -1 272.8145751953125 2100.626220703125 -1 761.15289306640625 2126.978515625 144 2132.45263671875 2756.017333984375 110 1173.577392578125 3796.4443359375 -1 274.23550415039062 2101.874755859375 -1 274.23550415039062 2101.874755859375 -1 2051.32177734375 2571.517822265625 109 617.729736328125 3043.04638671875 -1 538.66217041015625 1398.0452880859375 -1 1969.2537841796875 2212.9443359375 146 2319.66015625 2217.34716796875 185 2012.1492919921875 3141.57080078125 213 611.5010986328125 3695.330078125 -1 946.290771484375 3722.902587890625 147 946.290771484375 3722.902587890625 186 930.92730712890625 1426.3536376953125 323 1035.49609375 2537.331298828125 -1 1806.7247314453125 2846.541015625 149 1151.7734375 1928.2034912109375 -1 2004.75830078125 1021.4562377929688 -1 1148.107421875 3021.413330078125 -1 
97 0.99112092460031598 -0.032906000579406916 -0.12472839611606437 -0.032238721246306279 2.5896440912752525 -0.4526191697259096 3.2868608142501961 97 img_102.jpg
1086.1087646484375 1202.318359375 -1 1095.856689453125 1240.5184326171875 -1 1032.59130859375 1263.902099609375 -1 1097.635009765625 1380.1790771484375 -1 1057.0076904296875 1391.945068359375 -1 1121.955322265625 1517.83935546875 -1 1100.615478515625 1528.53662109375 -1 1069.28564453125 1541.8983154296875 -1 1058.04150390625 1544.195556640625 -1 1016.3663940429688 1556.5667724609375 -1 891.2490234375 1812.2691650390625 -1 635.074951171875 1955.6876220703125 -1 631.5374755859375 1956.778076171875 -1 642.6939697265625 1988.9261474609375 -1 2155.341796875 2233.09423828125 -1 2089.3779296875 2237.302734375 -1 2200.359619140625 2254.8544921875 -1 2214.513671875 2276.57373046875 -1 2077.90234375 2390.063232421875 -1 2064.156005859375 2413.505615234375 -1 2044.5362548828125 2425.129150390625 -1 1219.4747314453125 2631.65283203125 -1 1792.27392578125 2679.927001953125 -1 2238.47705078125 2695.920166015625 -1 1822.3363037109375 2699.283935546875 -1 2243.44580078125 2700.24609375 -1 1692.7744140625 2731.260986328125 -1 1782.0272216796875 2740.8515625 -1 1685.0318603515625 2782.523193359375 -1 1681.9608154296875 2783.906982421875 -1 1310.361328125 2845.141357421875 -1 1505.68408203125 2880.0048828125 -1 1488.59716796875 2883.359130859375 -1 1416.187744140625 2884.822021484375 -1 1398.2252197265625 2888.101806640625 -1 2825.668701171875 4073.6142578125 -1 1077.8458251953125 1187.2794189453125 -1 1108.0916748046875 1524.434814453125 -1 988.8367919921875 1600.03173828125 -1 2171.357421875 2236.87548828125 -1 2193.786865234375 2249.81005859375 -1 2058.487060546875 2418.7275390625 -1 1804.0582275390625 2679.875 -1 1793.14697265625 2734.19482421875 -1 1781.856201171875 2746.582275390625 -1 1695.3359375 2775.40576171875 -1 1549.4996337890625 2864.31005859375 -1 1517.920654296875 2871.747802734375 -1 1460.3880615234375 2882.0458984375 -1 1386.066650390625 2884.19384765625 -1 2289.652099609375 4076.95068359375 -1 2074.325439453125 2254.912109375 -1 2231.960693359375 2307.113525390625 -1 2072.636474609375 2399.357177734375 -1 2032.724853515625 2439.9208984375 -1 1244.7393798828125 2732.231201171875 -1 1696.0794677734375 2743.18505859375 -1 1400.4847412109375 2883.4931640625 -1 2520.22509765625 4076.17529296875 -1 2081.8037109375 2243.22412109375 -1 2073.957763671875 2254.169189453125 -1 1488.7008056640625 2878.1845703125 -1 2193.3359375 2246.713623046875 -1 1059.388671875 1382.74462890625 115 966.478515625 1165.29638671875 -1 882.9222412109375 1765.3798828125 -1 1754.8602294921875 2682.376953125 -1 1028.2333984375 2770.3330078125 -1 1028.2333984375 2770.3330078125 -1 969.02447509765625 1542.259765625 -1 969.02447509765625 1542.259765625 -1 956.0616455078125 1675.25341796875 4 938.8345947265625 1694.508544921875 5 921.60784912109375 1713.7879638671875 119 906.511962890625 1773.28369140625 -1 1036.170654296875 1134.9442138671875 155 1075.0986328125 1397.759033203125 221 1077.59814453125 1429.303955078125 12 911.427734375 1670.04248046875 7 743.017333984375 2179.869873046875 116 980.15203857421875 2177.73486328125 120 1038.8958740234375 2205.24169921875 189 777.5181884765625 2297.457763671875 -1 783.72686767578125 2328.837158203125 -1 745.65594482421875 2365.3896484375 154 905.31683349609375 2381.528076171875 190 743.08544921875 2621.91064453125 -1 1204.0726318359375 2624.99951171875 -1 1285.0450439453125 2723.44873046875 -1 915.24969482421875 1056.5537109375 -1 958.44683837890625 1071.0401611328125 191 1079.329833984375 1397.9901123046875 -1 1027.84033203125 1409.234130859375 177 650.35296630859375 1487.1885986328125 192 640.40399169921875 1545.0867919921875 222 675.37591552734375 1570.2933349609375 121 907.83148193359375 1591.5379638671875 322 810.07135009765625 1606.4083251953125 178 913.9075927734375 1772.8251953125 -1 1238.9189453125 1862.3958740234375 -1 1296.40966796875 1868.86083984375 193 1073.157958984375 2019.08447265625 13 1047.15185546875 2045.2281494140625 8 1239.90771484375 2085.441650390625 9 972.19219970703125 2147.2666015625 16 972.19219970703125 2147.2666015625 124 1068.7811279296875 2184.3271484375 58 1162.0172119140625 2312.67431640625 223 751.16900634765625 2328.2177734375 224 954.5177001953125 2367.248291015625 17 1977.5146484375 2420.783935546875 -1 686.9288330078125 2696.5244140625 -1 1814.0069580078125 2729.368408203125 10 970.24578857421875 1019.3426513671875 179 1017.0983276367188 1055.81494140625 194 1017.0983276367188 1055.81494140625 -1 876.47705078125 1076.8233642578125 242 839.12615966796875 1205.5130615234375 158 1229.61328125 1350.601806640625 159 788.557861328125 1567.1572265625 -1 742.20147705078125 1664.61083984375 227 1287.15625 2070.866455078125 14 983.02313232421875 2099.184814453125 187 939.60589599609375 2101.034423828125 21 1228.7664794921875 2133.224609375 253 1261.255859375 2156.250244140625 22 976.3099365234375 2225.1923828125 66 2115.046142578125 2251.83251953125 -1 800.0289306640625 2317.015625 195 800.0289306640625 2317.015625 -1 1093.7059326171875 2316.0419921875 23 750.0201416015625 2320.49560546875 -1 1357.2376708984375 2322.797607421875 130 1293.6036376953125 2323.71728515625 24 2021.5877685546875 2418.165771484375 -1 2238.52099609375 2666.229248046875 -1 2280.802001953125 2749.36572265625 -1 1238.1009521484375 2770.6318359375 -1 1705.73388671875 2790.208984375 -1 2150.529541015625 2826.708251953125 -1 2150.529541015625 2826.708251953125 -1 695.8077392578125 2849.935546875 245 814.86749267578125 1162.5147705078125 62 917.7947998046875 1320.7083740234375 198 917.7947998046875 1320.7083740234375 -1 1225.66015625 1347.1298828125 416 626.597900390625 1744.5732421875 231 979.50115966796875 1851.1507568359375 71 1054.1898193359375 2103.343505859375 199 1735.1224365234375 2108.893798828125 366 1090.845947265625 2137.778564453125 26 1121.6739501953125 2210.185302734375 27 922.52587890625 2247.892822265625 28 2120.26318359375 2252.62548828125 -1 748.90191650390625 2315.292724609375 -1 1279.5814208984375 2373.03466796875 29 1915.7291259765625 2433.419921875 36 1991.46142578125 2528.036865234375 200 1194.4384765625 2644.744873046875 -1 1783.04150390625 2702.186279296875 30 1722.0283203125 2730.644287109375 -1 2286.76611328125 2755.64404296875 -1 1233.813232421875 2769.631103515625 -1 1329.6495361328125 2871.065185546875 69 1329.21484375 2934.698486328125 -1 1406.7611083984375 2967.167236328125 260 973.48358154296875 1117.3604736328125 77 755.754150390625 1254.9482421875 63 1038.344970703125 1328.947021484375 537 1038.344970703125 1328.947021484375 86 1203.1849365234375 1456.3253173828125 32 1626.17333984375 2020.5909423828125 79 1408.8671875 2088.056396484375 80 1631.2562255859375 2101.3388671875 39 1631.2562255859375 2101.3388671875 415 1194.73193359375 2181.438232421875 81 1871.785400390625 2248.33642578125 82 1840.955322265625 2316.36962890625 41 1639.9639892578125 2432.492431640625 35 1315.4888916015625 2468.86767578125 94 1282.6617431640625 2551.162109375 -1 1282.6617431640625 2551.162109375 -1 1257.572265625 2625.157958984375 632 2048.1376953125 2944.29248046875 -1 828.5189208984375 2969.13818359375 -1 1492.376708984375 2976.49267578125 -1 1492.376708984375 2976.49267578125 -1 1937.01513671875 3048.103515625 -1 691.9969482421875 3147.214111328125 -1 1214.553466796875 3580.556884765625 -1 920.97216796875 1187.0574951171875 78 1058.667236328125 1224.9403076171875 46 1147.2628173828125 1238.16748046875 38 1041.3255615234375 1595.907470703125 87 593.5504150390625 1973.48876953125 261 1464.1180419921875 2037.0843505859375 232 1593.2052001953125 2190.32958984375 -1 2156.107666015625 2353.451416015625 42 1030.403564453125 2394.336669921875 43 1709.5511474609375 2411.271240234375 203 1826.278076171875 2407.926025390625 204 979.3682861328125 2485.266357421875 233 1868.14453125 2508.1826171875 96 814.645751953125 2516.5908203125 95 814.645751953125 2516.5908203125 167 2222.755859375 2576.691162109375 234 1548.43505859375 2683.194091796875 98 1648.855224609375 2748.26123046875 -1 1294.7203369140625 2790.016845703125 -1 743.93389892578125 2812.728759765625 243 2154.167724609375 2894.365234375 -1 1888.9468994140625 3139.6357421875 -1 1822.8057861328125 3223.158447265625 448 1816.1953125 3321.514892578125 -1 1710.37353515625 3415.994140625 -1 1025.4593505859375 1338.9273681640625 589 1697.1390380859375 2214.714111328125 262 1029.9404296875 2257.91357421875 237 828.50360107421875 2418.698974609375 311 1628.521728515625 2595.538818359375 206 877.7552490234375 2605.90283203125 151 743.07598876953125 2699.949462890625 235 907.8975830078125 2730.316650390625 188 1695.0963134765625 3324.216552734375 -1 1821.0252685546875 3328.24072265625 -1 1420.30126953125 3422.842529296875 -1 1203.1771240234375 3695.542724609375 -1 1037.453369140625 1486.2451171875 378 657.492919921875 1657.166259765625 236 814.63104248046875 1694.1409912109375 -1 1879.680908203125 2117.625 172 1597.2269287109375 2284.42431640625 101 1739.757080078125 2597.860595703125 49 2170.092529296875 2709.021728515625 346 728.9654541015625 2982.818603515625 -1 873.70745849609375 3454.5654296875 -1 1349.0728759765625 3537.279541015625 -1 788.975341796875 3794.689453125 -1 701.8575439453125 1944.387939453125 143 162.29324340820312 2084.1826171875 -1 162.29324340820312 2084.1826171875 -1 822.95806884765625 2098.58740234375 144 822.95806884765625 2098.58740234375 -1 1417.156982421875 2210.4775390625 106 1427.6722412109375 2598.98095703125 239 198.54026794433594 2652.83642578125 -1 2095.30908203125 2525.447265625 109 1411.8980712890625 2784.24072265625 -1 782.02923583984375 3271.206298828125 -1 439.9969482421875 1871.9444580078125 -1 439.9969482421875 1871.9444580078125 -1 2013.5560302734375 2169.469970703125 601 2058.153076171875 3083.654296875 213 971.97393798828125 3669.369873046875 186 971.97393798828125 3669.369873046875 147 481.76870727539062 1425.3558349609375 -1 2358.213134765625 2195.15380859375 -1 1874.634521484375 2793.47021484375 114 580.84765625 3055.843994140625 -1 946.728271484375 1391.88671875 323 1080.381103515625 1889.435546875 246 1456.668212890625 3677.833984375 -1 1965.680419921875 1048.37451171875 -1 1160.4986572265625 3030.3837890625 -1 
98 0.99029690824469219 -0.03407076081520722 -0.13034703893920171 -0.034071486880660834 2.8015014862041014 -0.47254769769317451 3.3997775183254459 98 img_103.jpg
1232.2945556640625 1255.114501953125 -1 1232.1192626953125 1269.8673095703125 -1 1378.2572021484375 1364.5875244140625 -1 1382.41748046875 1439.478271484375 -1 1379.918212890625 1447.0177001953125 -1 1356.9571533203125 1470.0438232421875 -1 1365.8720703125 1471.5174560546875 -1 1322.238525390625 1488.57177734375 -1 1301.0262451171875 1489.90673828125 1 1154.2227783203125 1550.0718994140625 -1 1136.72509765625 1571.1644287109375 -1 761.92486572265625 1774.17041015625 -1 778.95758056640625 1909.42578125 -1 810.3756103515625 1994.8465576171875 -1 811.34783935546875 2004.8153076171875 -1 826.244873046875 2029.04296875 -1 832.54229736328125 2052.786865234375 -1 2304.116455078125 2222.94775390625 -1 2242.305908203125 2223.51953125 -1 2262.552978515625 2224.384765625 -1 2212.141357421875 2401.646728515625 -1 2201.998046875 2411.17333984375 -1 1398.797607421875 2576.458740234375 -1 935.68475341796875 2628.399658203125 -1 1367.7940673828125 2633.98779296875 -1 887.24310302734375 2654.026611328125 -1 1889.220458984375 2667.7041015625 -1 2267.08251953125 2672.724365234375 -1 1892.54443359375 2728.0439453125 -1 1394.18310546875 2735.4599609375 -1 1417.6041259765625 2810.092529296875 -1 1845.8653564453125 2826.486083984375 -1 1809.2861328125 2842.004150390625 -1 1741.959228515625 2865.16650390625 -1 1707.02392578125 2870.107177734375 -1 1706.2047119140625 2874.0185546875 -1 1609.24267578125 2874.57177734375 -1 1683.0347900390625 2877.252197265625 -1 1652.281982421875 2877.7822265625 -1 3057.330078125 3840.892333984375 -1 2938.191650390625 3976.091796875 -1 1236.939453125 1236.5185546875 -1 1375.777099609375 1369.4893798828125 -1 1361.2537841796875 1475.02783203125 -1 765.14654541015625 1812.1822509765625 -1 2254.120849609375 2221.5927734375 -1 2256.2216796875 2225.704833984375 -1 2227.532470703125 2234.147216796875 -1 2222.59130859375 2247.8427734375 53 1362.245849609375 2610.498046875 -1 1372.7095947265625 2638.054931640625 -1 1936.874267578125 2661.384033203125 -1 1614.69970703125 2875.462158203125 -1 1628.7349853515625 2876.112060546875 -1 1236.977294921875 1244.894775390625 -1 1377.799072265625 1447.660400390625 -1 1365.47021484375 1477.1441650390625 218 1140.0145263671875 1563.3006591796875 -1 1405.409912109375 2576.796142578125 -1 1960.7896728515625 2723.75439453125 -1 1953.566162109375 2724.91015625 -1 1418.5130615234375 2810.5244140625 -1 1774.23046875 2848.6865234375 -1 1716.7857666015625 2867.115966796875 -1 1679.2896728515625 2873.028564453125 -1 1716.1160888671875 2872.917724609375 -1 1092.1246337890625 1691.7713623046875 -1 1125.3687744140625 1145.0631103515625 -1 1922.9686279296875 2673.781982421875 -1 1095.3896484375 1688.287353515625 5 1080.7197265625 1706.184326171875 119 2353.599853515625 2646.7958984375 -1 1966.02587890625 2658.363525390625 -1 1061.3363037109375 1042.8724365234375 220 1103.0234375 1064.5233154296875 191 1180.011962890625 1127.1282958984375 155 1225.5048828125 1389.8814697265625 175 1223.8092041015625 1420.5701904296875 12 1070.1116943359375 1664.1253662109375 7 981.61810302734375 2320.514892578125 153 1980.85888671875 2715.541748046875 -1 1178.2987060546875 1401.1961669921875 177 791.3668212890625 1538.9146728515625 222 834.162353515625 1562.27978515625 121 965.36859130859375 1598.6920166015625 178 1478.310302734375 1862.1219482421875 193 1266.3896484375 2011.63623046875 13 1238.6278076171875 2034.674072265625 8 1437.7664794921875 2076.748779296875 9 933.73712158203125 2173.728759765625 116 1268.3905029296875 2174.343994140625 58 979.8411865234375 2271.43701171875 248 1363.2352294921875 2304.928466796875 223 943.802001953125 2324.7958984375 224 935.4033203125 2359.957275390625 154 1105.8248291015625 2370.204345703125 364 920.0423583984375 2613.258056640625 225 2388.271484375 2661.489013671875 249 861.71710205078125 2707.293212890625 -1 1422.490234375 2791.6220703125 259 1155.9395751953125 1049.3441162109375 251 1155.9395751953125 1049.3441162109375 194 1022.8624877929688 1066.5811767578125 242 981.4136962890625 1102.658203125 252 991.974365234375 1193.8270263671875 158 1361.4022216796875 1345.2896728515625 159 1298.3470458984375 1511.99267578125 181 936.7578125 1559.3001708984375 -1 898.61981201171875 1596.859375 -1 894.5166015625 1656.4749755859375 -1 925.2135009765625 1738.7640380859375 228 1415.3895263671875 1855.8189697265625 -1 1700.006591796875 1934.119140625 295 1492.6285400390625 2019.60009765625 338 1486.4141845703125 2063.1455078125 14 1176.3084716796875 2091.219970703125 187 1462.1796875 2147.51025390625 22 1462.1796875 2147.51025390625 162 1174.044189453125 2218.494140625 66 1295.9351806640625 2307.24755859375 23 1502.8282470703125 2315.23974609375 24 1567.6085205078125 2313.949951171875 130 1151.76416015625 2359.228271484375 17 2190.02294921875 2392.872802734375 -1 1540.82568359375 2397.913330078125 254 1347.0250244140625 2626.845703125 157 1953.9635009765625 2689.568359375 -1 1907.1773681640625 2713.3857421875 -1 1412.3978271484375 2722.066650390625 -1 1468.927490234375 2727.25146484375 -1 877.152587890625 2845.343505859375 245 1102.8907470703125 1011.8907470703125 -1 1102.8907470703125 1011.8907470703125 -1 962.5184326171875 1152.32470703125 62 1073.9881591796875 1312.836181640625 198 1198.843505859375 1312.042236328125 294 1098.034423828125 1621.7320556640625 -1 1150.6534423828125 1844.681396484375 71 865.83831787109375 2074.2021484375 -1 1291.238037109375 2129.666259765625 26 1320.9515380859375 2201.2099609375 27 1118.2962646484375 2238.872314453125 28 2058.32470703125 2243.37109375 300 1487.954833984375 2365.39990234375 29 2170.69921875 2514.808349609375 200 63.472545623779297 2550.246826171875 -1 63.472545623779297 2550.246826171875 -1 1498.3564453125 2603.688720703125 -1 2430.965087890625 2735.32470703125 -1 1534.15869140625 2928.77978515625 230 1622.115966796875 2958.742431640625 -1 1622.115966796875 2958.742431640625 -1 1700.229248046875 2971.738037109375 137 1700.229248046875 2971.738037109375 138 2157.121337890625 3075.2724609375 -1 1341.4842529296875 3441.082763671875 -1 1118.953125 1107.515869140625 303 1280.595947265625 1230.7598876953125 38 903.9781494140625 1243.7958984375 63 1333.1126708984375 1449.5491943359375 32 784.9150390625 1740.233642578125 231 1807.34716796875 2007.689453125 297 1597.69384765625 2079.808837890625 80 1823.972412109375 2091.56591796875 415 1823.972412109375 2091.56591796875 39 1393.633544921875 2172.220458984375 81 1512.6837158203125 2205.751953125 456 2028.2857666015625 2308.89794921875 -1 2023.793212890625 2393.319580078125 304 1841.299072265625 2426.717529296875 -1 2448.288330078125 2434.37255859375 -1 1517.0244140625 2458.83642578125 94 922.2060546875 2808.527099609375 -1 1536.9632568359375 2865.578857421875 306 2370.936767578125 2924.7763671875 -1 2086.6923828125 3083.700439453125 -1 2014.3948974609375 3194.24072265625 -1 1742.1263427734375 3348.6650390625 -1 1742.1263427734375 3348.6650390625 -1 1070.9805908203125 1178.8045654296875 78 1202.392333984375 1217.1480712890625 -1 1179.81884765625 1586.030517578125 87 1656.7967529296875 2030.0670166015625 232 1891.2982177734375 2205.796875 262 929.23529052734375 2277.103515625 -1 2302.9638671875 2342.797119140625 263 1230.7679443359375 2385.8330078125 43 1908.4810791015625 2401.73291015625 203 1180.66796875 2476.757080078125 233 2057.366943359375 2497.966552734375 96 1001.7396850585938 2515.408203125 308 1001.7396850585938 2515.408203125 167 2376.552978515625 2568.9755859375 234 1834.6812744140625 2591.6044921875 309 1408.5247802734375 2619.791259765625 202 1755.6436767578125 2674.48388671875 98 1843.287109375 2744.301025390625 -1 2305.4697265625 2875.956298828125 305 2216.84228515625 2964.14404296875 -1 782.23333740234375 3364.83349609375 -1 780.485107421875 3495.184326171875 -1 878.24798583984375 3585.916259765625 -1 1188.6705322265625 1593.1766357421875 -1 1891.7586669921875 2207.7724609375 262 1023.9044189453125 2411.578857421875 311 1023.9044189453125 2411.578857421875 264 1458.7667236328125 2527.6708984375 -1 1458.7667236328125 2527.6708984375 -1 1069.100830078125 2603.72265625 151 926.3956298828125 2692.992919921875 -1 1113.736328125 2724.00439453125 188 1611.3629150390625 3402.319091796875 358 811.9840087890625 1652.2144775390625 236 972.39410400390625 1691.3021240234375 268 972.39410400390625 1691.3021240234375 269 575.989501953125 2079.183837890625 -1 1605.6495361328125 2200.44580078125 -1 1231.2994384765625 2251.3642578125 237 1796.0731201171875 2275.480224609375 101 1940.543701171875 2587.85302734375 -1 2325.376708984375 2696.89208984375 110 2465.524658203125 2764.216552734375 -1 912.48626708984375 2959.150634765625 -1 1871.2142333984375 3292.60986328125 -1 1057.7763671875 3425.904052734375 -1 1057.7763671875 3425.904052734375 -1 868.30975341796875 1939.348876953125 143 1008.9978637695312 2088.839111328125 270 1008.9978637695312 2088.839111328125 381 1623.505615234375 2588.913330078125 239 853.44573974609375 3738.28466796875 -1 158.07301330566406 2085.815673828125 -1 2161.679443359375 2140.9658203125 -1 2262.167724609375 2510.2255859375 280 1640.0875244140625 2776.5625 281 2497.823974609375 2180.17919921875 327 190.54107666015625 2472.78955078125 -1 190.54107666015625 2472.78955078125 -1 263.3455810546875 3659.497802734375 -1 1101.508544921875 3663.2744140625 -1 1101.508544921875 3663.2744140625 -1 2065.9619140625 2778.58349609375 114 2065.9619140625 2778.58349609375 -1 1508.022216796875 3634.1064453125 -1 1092.158203125 1383.058349609375 323 512.42083740234375 1782.27001953125 -1 1232.0447998046875 1884.29150390625 246 1316.9918212890625 2450.102783203125 -1 637.9014892578125 3090.280029296875 -1 1549.2276611328125 3651.89501953125 -1 1312.0333251953125 3027.928466796875 -1 
99 0.98586605753646794 -0.028964643428657538 -0.15984668537666116 -0.040965878516726568 2.779546737758646 -0.53631624378174547 3.5604874807716573 99 img_104.jpg
1178.1632080078125 1183.8951416015625 -1 1178.8284912109375 1192.192626953125 -1 1178.7667236328125 1200.997314453125 -1 1307.792724609375 1333.119873046875 -1 1173.5816650390625 1340.6988525390625 -1 1328.563720703125 1382.986328125 -1 1321.0582275390625 1398.6373291015625 -1 1324.3321533203125 1398.7215576171875 -1 1305.5985107421875 1435.076904296875 -1 1242.883056640625 1455.038818359375 -1 1206.90185546875 1471.1480712890625 -1 1107.40234375 1507.3453369140625 -1 1090.956787109375 1520.822265625 -1 711.41058349609375 1751.396728515625 -1 711.73052978515625 1772.5850830078125 -1 740.5589599609375 1905.6473388671875 -1 750.83563232421875 1935.468994140625 -1 777.88751220703125 1999.744384765625 -1 785.497802734375 2025.0859375 -1 2199.1640625 2184.233642578125 -1 2193.440185546875 2185.095703125 277 2231.43115234375 2185.7626953125 -1 2304.294677734375 2215.0458984375 -1 1875.1649169921875 2573.642333984375 -1 1875.356201171875 2589.971435546875 -1 1878.442626953125 2667.966796875 -1 1932.295166015625 2681.28125 -1 1883.8455810546875 2717.73486328125 -1 1363.699951171875 2723.23095703125 -1 1871.283447265625 2761.622802734375 -1 1822.2391357421875 2802.412353515625 -1 1781.35009765625 2815.126708984375 -1 1560.44287109375 2820.13623046875 -1 1599.6866455078125 2836.02197265625 -1 1728.9183349609375 2837.1025390625 -1 1670.9599609375 2840.350341796875 -1 2602.36328125 4068.716064453125 -1 1324.6385498046875 1385.0831298828125 -1 1103.1568603515625 1512.4400634765625 -1 1085.749267578125 1524.2991943359375 -1 1079.693359375 1537.3328857421875 -1 1083.85400390625 1538.4927978515625 -1 741.055908203125 1916.901611328125 -1 776.220458984375 2004.422607421875 -1 796.7783203125 2041.5111083984375 -1 2186.1689453125 2186.677490234375 -1 2054.666748046875 2191.3291015625 -1 1924.672119140625 2622.068603515625 -1 1907.4454345703125 2638.64599609375 -1 1876.203369140625 2744.122802734375 -1 1802.04638671875 2803.7041015625 -1 1748.6719970703125 2831.603515625 -1 2885.34521484375 4038.882080078125 -1 2885.34521484375 4038.882080078125 -1 767.63067626953125 1974.93505859375 -1 1788.4422607421875 2811.877685546875 -1 1618.8465576171875 2850.4833984375 -1 768.4964599609375 1974.9627685546875 -1 1332.912353515625 2629.63916015625 -1 2166.627197265625 2206.186279296875 -1 1569.60595703125 2816.819580078125 -1 1570.169189453125 2816.280517578125 -1 1059.23193359375 1474.49560546875 -1 1059.23193359375 1474.49560546875 -1 1071.9957275390625 1107.7276611328125 283 1170.1123046875 1329.4954833984375 332 1074.7303466796875 1486.8216552734375 -1 1035.8565673828125 1676.2991943359375 119 1549.58544921875 2623.061279296875 -1 1002.9227294921875 1000.43408203125 220 1045.1702880859375 1025.2388916015625 191 1171.1822509765625 1353.4464111328125 175 740.98846435546875 1363.0057373046875 287 1129.033935546875 1361.270751953125 177 1170.928955078125 1384.8074951171875 12 1023.749755859375 1632.5687255859375 7 1051.2320556640625 1655.5264892578125 5 1051.2320556640625 1655.5264892578125 285 2152.693115234375 2349.15673828125 485 896.62335205078125 2600.378173828125 225 1335.319580078125 2673.59423828125 -1 1892.6383056640625 2677.5634765625 -1 739.172119140625 1447.905517578125 192 732.80010986328125 1509.3480224609375 222 779.58782958984375 1529.85400390625 121 1091.1795654296875 1813.673828125 288 1319.630126953125 1821.91064453125 289 1220.5439453125 2010.3978271484375 -1 1431.119873046875 2048.357177734375 9 1160.1004638671875 2147.114013671875 120 1260.603515625 2148.50439453125 58 912.14630126953125 2153.354736328125 116 1229.9478759765625 2172.1748046875 290 965.86181640625 2252.8037109375 248 912.5107421875 2340.78662109375 154 2346.25390625 2621.01220703125 -1 1952.999755859375 2678.2158203125 -1 1368.12060546875 2796.3671875 292 1094.3131103515625 1010.1437377929688 251 1094.3131103515625 1010.1437377929688 194 920.193115234375 1060.893310546875 252 939.89093017578125 1151.9725341796875 -1 1299.493408203125 1309.0570068359375 159 1238.516357421875 1477.5111083984375 181 882.88104248046875 1525.6314697265625 65 918.67913818359375 1565.2384033203125 336 677.61932373046875 1625.1063232421875 -1 851.88519287109375 1626.9075927734375 227 881.92156982421875 1708.3836669921875 228 1251.2271728515625 1983.0037841796875 13 1483.06787109375 2036.7388916015625 337 1168.3140869140625 2062.596435546875 -1 1902.47900390625 2061.302734375 276 1426.6259765625 2092.14306640625 253 1160.787841796875 2112.681396484375 124 1160.787841796875 2112.681396484375 16 1456.75146484375 2119.36376953125 22 1456.75146484375 2119.36376953125 162 1292.186279296875 2282.26171875 23 1365.5445556640625 2285.770263671875 367 1571.7801513671875 2286.088623046875 130 1505.3812255859375 2288.081298828125 24 974.99932861328125 2298.667724609375 -1 1546.904052734375 2370.15673828125 -1 1509.8779296875 2571.85693359375 -1 1929.736083984375 2648.897705078125 255 1929.736083984375 2648.897705078125 -1 836.07098388671875 2697.6142578125 -1 1372.615966796875 2697.207763671875 -1 1344.6141357421875 2736.794189453125 -1 943.65032958984375 2997.029296875 -1 1039.8919677734375 972.98577880859375 257 968.07757568359375 1022.9778442382812 293 1062.5308837890625 1067.68115234375 303 908.39111328125 1111.8590087890625 62 1026.8228759765625 1276.2000732421875 198 1146.5941162109375 1277.0404052734375 294 880.6021728515625 1708.531982421875 228 1698.692138671875 1956.6060791015625 296 1487.4140625 1989.13427734375 338 1118.656005859375 2065.821044921875 21 1231.87451171875 2073.0703125 299 1904.0179443359375 2065.072265625 366 1281.6971435546875 2101.892578125 26 1316.1719970703125 2174.6806640625 27 2036.580078125 2207.24951171875 300 1111.228515625 2217.884521484375 28 1419.6370849609375 2302.62353515625 301 1489.927490234375 2337.892822265625 29 2144.514892578125 2470.42529296875 368 2250.548583984375 2765.89453125 291 1398.822021484375 2771.807861328125 -1 1540.1756591796875 2904.031982421875 230 1624.9893798828125 2928.81591796875 76 1702.8778076171875 2940.31640625 137 1702.8778076171875 2940.31640625 138 2058.888671875 3060.621826171875 -1 1220.2628173828125 1190.833984375 38 845.26605224609375 1205.4046630859375 63 1271.24462890625 1414.6690673828125 32 735.962158203125 1710.27783203125 231 1785.836669921875 1972.4129638671875 297 1588.450439453125 2048.113037109375 80 1813.1002197265625 2058.6767578125 415 1813.1002197265625 2058.6767578125 39 1388.4114990234375 2145.51025390625 81 1516.071044921875 2175.98486328125 618 2010.159912109375 2272.033447265625 41 2002.826171875 2361.652587890625 304 1518.6710205078125 2430.272216796875 94 2038.1005859375 2460.55419921875 96 1189.1497802734375 2607.625244140625 302 1758.961669921875 2641.515380859375 98 2268.823974609375 2829.445556640625 -1 1542.883056640625 2838.385009765625 306 2072.623046875 3133.21630859375 -1 1986.521728515625 3159.718994140625 -1 1730.8797607421875 3323.869873046875 -1 1018.129638671875 1138.5357666015625 78 1147.1954345703125 1180.355712890625 434 1122.8609619140625 1549.900390625 431 709.3612060546875 1947.12109375 261 1646.799072265625 1999.8387451171875 232 1786.0113525390625 2155.90087890625 341 1879.849365234375 2174.08447265625 262 2251.836669921875 2303.545654296875 342 1227.8607177734375 2366.00048828125 43 1899.748291015625 2365.7919921875 203 1174.026611328125 2455.036376953125 233 983.1278076171875 2497.676025390625 308 983.1278076171875 2497.676025390625 167 2335.79443359375 2521.554443359375 234 1832.1678466796875 2556.32568359375 309 1375.801513671875 2598.332275390625 202 2402.61279296875 2706.567626953125 343 1504.2733154296875 2752.607666015625 310 909.53125 2796.52734375 243 2091.473388671875 2944.4287109375 -1 807.34393310546875 3091.98974609375 -1 827.56256103515625 3568.097900390625 -1 1135.9122314453125 1443.5238037109375 -1 690.5281982421875 1934.781982421875 -1 1225.40283203125 2224.376708984375 237 909.5859375 2250.8740234375 344 1791.47607421875 2247.72119140625 377 2169.24658203125 2294.420166015625 -1 1014.5284423828125 2391.50732421875 311 1014.5284423828125 2391.50732421875 264 1173.414794921875 2454.9697265625 -1 1059.3994140625 2584.69140625 151 2284.44873046875 2654.314697265625 346 1110.785888671875 2704.500244140625 188 901.36236572265625 2928.15673828125 -1 1987.3426513671875 3261.1650390625 -1 828.83489990234375 3566.24072265625 -1 760.79742431640625 1624.447265625 236 925.227294921875 1658.9942626953125 268 925.227294921875 1658.9942626953125 269 1940.9136962890625 2554.671875 -1 908.58160400390625 2674.866943359375 312 2203.1396484375 2945.26904296875 -1 1859.18310546875 3241.153076171875 -1 1583.4593505859375 3357.87890625 -1 714.6513671875 3481.194091796875 -1 812.40533447265625 3702.904052734375 -1 828.0374755859375 1914.9898681640625 143 985.85162353515625 2063.897705078125 270 985.85162353515625 2063.897705078125 381 1601.0489501953125 2170.625732421875 106 1623.16015625 2560.255126953125 239 1273.24072265625 2687.332275390625 316 1043.47314453125 3404.5068359375 -1 2115.5400390625 2097.841064453125 -1 2229.224365234375 2466.8271484375 280 1650.676513671875 2749.27880859375 382 2426.534423828125 2133.863037109375 437 1065.5556640625 3662.1630859375 147 1065.5556640625 3662.1630859375 186 2051.960693359375 2733.54296875 -1 2051.960693359375 2733.54296875 -1 1028.9105224609375 1349.9979248046875 323 1176.7841796875 1862.269287109375 -1 1323.24609375 2395.731689453125 -1 403.22821044921875 1722.6275634765625 -1 484.549560546875 3053.534912109375 -1 1310.8751220703125 2988.118896484375 328 
101 0.97943635585103073 -0.02623205722434092 -0.19397759664318906 -0.048877356838972229 2.6942831515589742 -0.58404036321637165 3.7555045193577379 101 img_106.jpg
1074.0450439453125 1174.3162841796875 -1 1078.065673828125 1197.331298828125 -1 1112.0650634765625 1319.5380859375 -1 1214.4716796875 1387.795166015625 -1 933.71514892578125 1749.2320556640625 -1 633.3671875 1877.770263671875 -1 679.64093017578125 1988.0714111328125 -1 680.89459228515625 2000.9700927734375 -1 2095.9912109375 2166.916748046875 -1 1821.874267578125 2531.516357421875 -1 1490.2874755859375 2545.08056640625 -1 1303.5482177734375 2549.706298828125 -1 1244.779296875 2588.23974609375 -1 2170.765380859375 2602.51318359375 -1 1856.9156494140625 2614.05029296875 -1 2152.26025390625 2613.66845703125 -1 1479.07275390625 2644.50048828125 -1 1479.07275390625 2644.50048828125 -1 1873.678955078125 2653.85546875 -1 1842.0716552734375 2698.0419921875 -1 1839.959716796875 2705.948486328125 -1 1281.9586181640625 2723.33251953125 -1 839.61248779296875 2780.819091796875 -1 1801.538818359375 2780.876220703125 -1 1753.9261474609375 2802.547119140625 -1 1742.97412109375 2803.676025390625 -1 1730.32470703125 2813.993408203125 -1 1715.718505859375 2815.016845703125 -1 1727.4666748046875 2815.744140625 -1 1722.3876953125 2816.780029296875 -1 1707.3759765625 2823.068359375 -1 1556.3505859375 2831.45068359375 -1 1647.4761962890625 2839.822021484375 -1 1620.7725830078125 2844.66845703125 -1 94.575736999511719 3852.896240234375 -1 2638.10009765625 4071.603759765625 -1 1078.4754638671875 1184.9140625 -1 1090.3140869140625 1461.1700439453125 -1 2213.753173828125 2197.982421875 -1 2210.177978515625 2199.200439453125 -1 2016.8558349609375 2215.59716796875 -1 2079.397216796875 2328.8349609375 -1 1489.745849609375 2613.06396484375 -1 1252.0804443359375 2617.682373046875 -1 1883.898681640625 2623.569580078125 -1 1257.7908935546875 2625.621826171875 -1 2141.5283203125 2628.990478515625 -1 1750.119384765625 2805.5908203125 -1 1440.0205078125 2806.2666015625 -1 1570.7874755859375 2832.6318359375 -1 3056.774658203125 3948.3759765625 -1 2878.147705078125 3971.842529296875 -1 2878.147705078125 3971.842529296875 -1 2512.211181640625 4077.103515625 -1 2071.085205078125 2197.07275390625 324 2222.031982421875 2207.16357421875 -1 1825.2813720703125 2528.212646484375 -1 1845.490966796875 2607.527587890625 -1 1865.88916015625 2657.5068359375 -1 1744.079345703125 2802.89794921875 -1 2161.715576171875 2602.9873046875 -1 1441.3367919921875 2799.18505859375 -1 1468.1881103515625 2637.202392578125 -1 1853.4725341796875 2676.64013671875 -1 1068.9298095703125 1313.1055908203125 332 964.949462890625 1453.582763671875 -1 964.949462890625 1453.582763671875 -1 1484.96826171875 2554.717041015625 361 974.05487060546875 1086.285400390625 283 927.186767578125 1537.653564453125 -1 945.83441162109375 1665.97900390625 119 2071.65673828125 2319.38916015625 -1 782.97698974609375 2800.193603515625 418 898.30621337890625 975.210693359375 220 940.50244140625 1006.139404296875 362 1073.26123046875 1368.6845703125 12 923.1512451171875 1537.1962890625 322 930.21697998046875 1620.118408203125 7 960.59320068359375 1643.4627685546875 285 2239.83251953125 2587.5751953125 249 1459.225830078125 2612.791748046875 -1 1481.4322509765625 2628.31689453125 -1 781.13348388671875 2732.54248046875 -1 1388.1705322265625 2794.5322265625 -1 868.0369873046875 954.781005859375 -1 663.32159423828125 1262.154052734375 -1 1075.561767578125 1337.0760498046875 175 633.917724609375 1344.9078369140625 287 1031.162841796875 1345.6536865234375 177 629.5357666015625 1497.498046875 222 676.313232421875 1517.6995849609375 121 811.73333740234375 1551.4866943359375 336 1011.3065795898438 1804.2537841796875 288 1251.27197265625 1812.4168701171875 289 1382.0230712890625 2040.6766357421875 9 1179.528076171875 2169.21826171875 290 905.91387939453125 2255.699951171875 248 912.72412109375 2306.29931640625 153 851.16412353515625 2348.80078125 154 852.413818359375 2349.660400390625 -1 1047.627685546875 2351.932861328125 364 1869.583740234375 2629.908203125 255 1869.583740234375 2629.908203125 360 989.97125244140625 988.7926025390625 251 989.97125244140625 988.7926025390625 -1 818.798828125 1037.455322265625 252 835.2283935546875 1132.291748046875 158 1193.0994873046875 1291.5369873046875 159 632.77911376953125 1435.5875244140625 192 1134.3070068359375 1461.5052490234375 181 783.42803955078125 1511.3924560546875 65 745.1546630859375 1550.9638671875 -1 756.72869873046875 1615.9114990234375 227 793.04766845703125 1703.6136474609375 228 1376.1478271484375 1863.2247314453125 161 1434.3621826171875 2028.349365234375 337 1841.953125 2050.33544921875 366 1108.10400390625 2060.508056640625 187 1378.1749267578125 2087.09033203125 253 1102.098388671875 2110.326171875 16 1102.098388671875 2110.326171875 124 1211.2691650390625 2145.375 58 845.32757568359375 2155.9228515625 116 2111.2021484375 2183.60302734375 -1 1242.528076171875 2280.650390625 23 1319.045166015625 2280.242431640625 367 1464.80517578125 2282.55615234375 24 1527.8060302734375 2278.28466796875 130 861.9415283203125 2307.06494140625 224 1094.83544921875 2339.263671875 17 1493.856689453125 2365.280029296875 254 2169.83056640625 2738.875244140625 291 1284.7288818359375 2796.027099609375 292 935.0909423828125 951.18292236328125 257 865.917724609375 1000.13427734375 293 816.05865478515625 1037.382080078125 -1 798.64337158203125 1089.78759765625 -1 930.6663818359375 1256.0802001953125 198 1049.048828125 1259.308349609375 294 1613.6707763671875 1886.98779296875 -1 1642.34716796875 1944.2578125 296 1728.16162109375 1959.5286865234375 -1 1728.16162109375 1959.5286865234375 -1 1438.29052734375 1979.9136962890625 244 1060.1043701171875 2064.770263671875 21 1173.67236328125 2070.631591796875 299 1218.716064453125 2095.912841796875 -1 1429.320556640625 2100.9814453125 371 1268.2696533203125 2170.564453125 27 1972.771240234375 2192.167236328125 300 1374.0040283203125 2299.149658203125 301 1091.40087890625 2338.5419921875 17 1443.474853515625 2333.32958984375 29 2025.11376953125 2367.914794921875 372 1784.7158203125 2390.2705078125 401 2078.908447265625 2456.37255859375 200 835.97369384765625 2589.21044921875 -1 1146.340576171875 2607.82763671875 -1 1400.650390625 2720.730224609375 -1 2170.680908203125 2738.15771484375 -1 2051.21728515625 2910.12060546875 -1 1661.969970703125 2932.71875 137 1661.969970703125 2932.71875 138 1998.143310546875 3019.95849609375 -1 962.7315673828125 1046.7347412109375 303 1047.606201171875 1165.3935546875 434 1115.2542724609375 1170.8006591796875 38 1167.1849365234375 1399.1328125 32 647.321533203125 1466.41259765625 -1 637.345703125 1704.74658203125 231 1536.490966796875 2038.7674560546875 80 1757.1534423828125 2046.187744140625 415 1057.0909423828125 2218.41943359375 28 1947.3699951171875 2256.70361328125 400 1847.7081298828125 2351.880126953125 203 1949.170166015625 2342.36474609375 204 1476.724365234375 2423.554931640625 -1 1984.0467529296875 2443.787353515625 96 1719.9332275390625 2630.949462890625 98 1329.661865234375 2769.0185546875 259 843.07769775390625 2809.81396484375 -1 2178.600830078125 2806.0595703125 305 1509.598388671875 2836.322509765625 306 866.5650634765625 3018.70263671875 373 1936.0003662109375 3132.38427734375 -1 1222.2381591796875 3512.6328125 -1 919.42449951171875 1116.390380859375 78 738.05340576171875 1189.305908203125 374 1022.0980834960938 1531.416259765625 307 950.81024169921875 1650.642333984375 375 1591.02490234375 1988.0242919921875 232 1343.15673828125 2136.96630859375 81 1824.868896484375 2161.657958984375 262 2157.799560546875 2282.515380859375 342 1179.195068359375 2365.603759765625 43 1480.66796875 2425.466796875 -1 2252.606689453125 2501.637939453125 234 920.34136962890625 2509.43505859375 -1 920.34136962890625 2509.43505859375 308 1781.0916748046875 2541.285888671875 309 1463.9713134765625 2749.48974609375 310 851.5396728515625 2812.769775390625 243 713.4256591796875 3151.228759765625 -1 1690.474853515625 3320.22900390625 -1 1690.474853515625 3320.22900390625 -1 956.3765869140625 2397.87939453125 311 1123.228271484375 2457.484619140625 233 1775.2393798828125 2538.4169921875 -1 1001.7957153320312 2594.5478515625 -1 1311.405029296875 2608.43017578125 -1 2203.23681640625 2631.034912109375 346 845.38226318359375 2687.367431640625 312 1056.8525390625 2712.197998046875 -1 840.465087890625 2931.975341796875 -1 1805.00634765625 3242.8544921875 -1 1557.429443359375 3358.762939453125 358 758.65692138671875 3591.9033203125 -1 1032.8001708984375 1423.3270263671875 378 662.55584716796875 1620.516845703125 -1 834.69671630859375 1653.8468017578125 269 834.69671630859375 1653.8468017578125 268 1209.529541015625 1743.3673095703125 -1 586.83380126953125 1929.486572265625 -1 1551.136962890625 2161.986328125 106 1172.9801025390625 2223.756103515625 237 844.23419189453125 2248.8505859375 -1 1741.2806396484375 2233.558349609375 101 1207.2169189453125 2688.4755859375 316 625.0521240234375 3496.287353515625 -1 411.502197265625 2082.557861328125 -1 2157.337646484375 2441.22998046875 280 1572.220947265625 2551.459228515625 239 766.8082275390625 3377.749755859375 -1 979.87457275390625 3421.0419921875 387 534.1146240234375 1417.990966796875 -1 741.76806640625 1909.42138671875 143 906.32427978515625 2078.81982421875 -1 906.32427978515625 2078.81982421875 403 2030.6431884765625 2074.841552734375 386 1631.87890625 2738.284423828125 382 781.363525390625 3349.10205078125 -1 847.13824462890625 3245.91796875 -1 994.65545654296875 3690.576416015625 -1 994.65545654296875 3690.576416015625 -1 2357.135986328125 2117.837158203125 327 1998.3109130859375 2710.426025390625 -1 1998.3109130859375 2710.426025390625 -1 923.34918212890625 1328.7408447265625 323 1090.8983154296875 1859.3963623046875 -1 1282.9254150390625 2374.249755859375 -1 209.69815063476562 3083.633544921875 -1 1225.5648193359375 2991.577880859375 -1 
100 0.98060696601262765 -0.028229959131617372 -0.18818678644111028 -0.046891161468923623 2.7387814403531232 -0.56251270564354416 3.7118845365686477 100 img_105.jpg
1117.5560302734375 1209.927001953125 -1 1250.6678466796875 1328.6771240234375 -1 1250.9967041015625 1409.9342041015625 -1 1229.0518798828125 1446.1357421875 -1 1179.7314453125 1452.70654296875 -1 1110.2332763671875 1486.6763916015625 -1 1037.0242919921875 1512.509765625 -1 670.072509765625 1866.30078125 -1 675.282470703125 1878.7716064453125 -1 685.4927978515625 1910.607666015625 -1 698.90673828125 1948.42333984375 -1 719.61944580078125 1996.56640625 -1 2122.131103515625 2187.10107421875 -1 2227.521240234375 2190.955078125 -1 2110.73291015625 2203.5703125 -1 2252.021728515625 2218.72265625 -1 1901.5706787109375 2620.6572265625 -1 2192.55712890625 2621.85693359375 -1 1522.284423828125 2623.792236328125 -1 1865.810302734375 2727.26318359375 -1 827.98602294921875 2744.990966796875 -1 831.32989501953125 2745.096435546875 -1 837.0614013671875 2774.98974609375 -1 1829.701171875 2792.86572265625 -1 1782.4378662109375 2815.24169921875 -1 1508.0458984375 2818.079833984375 -1 1764.52734375 2820.671630859375 -1 1757.9478759765625 2822.704833984375 -1 1766.803466796875 2823.20263671875 -1 1560.5943603515625 2827.50830078125 -1 1736.4180908203125 2834.766357421875 -1 1589.2523193359375 2837.41259765625 -1 1714.0408935546875 2839.288330078125 -1 1650.4322509765625 2853.066650390625 -1 3057.7060546875 3523.059326171875 -1 2430.764404296875 3775.61962890625 -1 3013.60009765625 3927.031982421875 -1 2462.02734375 4003.420166015625 -1 2462.02734375 4003.420166015625 -1 3032.40283203125 4009.50439453125 -1 2937.185546875 4064.54931640625 -1 1115.547119140625 1334.7313232421875 -1 1203.3975830078125 1449.0035400390625 -1 1063.601318359375 1503.2313232421875 -1 990.31866455078125 1614.6612548828125 -1 2004.677734375 2174.579833984375 -1 1855.07763671875 2527.62158203125 -1 1864.169189453125 2620.927490234375 -1 857.5089111328125 2634.37158203125 -1 1294.2755126953125 2659.352783203125 -1 823.76812744140625 2660.985595703125 -1 1890.29443359375 2690.477294921875 -1 1884.18994140625 2700.45458984375 -1 1879.9927978515625 2702.401123046875 -1 1876.97119140625 2707.911376953125 -1 1869.113525390625 2729.145751953125 -1 1781.6387939453125 2811.115966796875 -1 1750.0767822265625 2827.00390625 -1 1712.8763427734375 2843.999267578125 -1 1644.742919921875 2854.9111328125 -1 1118.089111328125 1208.748779296875 -1 2202.773193359375 2178.219970703125 -1 2125.897705078125 2182.35986328125 -1 2113.963623046875 2196.40771484375 -1 2115.00439453125 2344.489990234375 -1 1884.7779541015625 2611.701416015625 -1 1881.1580810546875 2615.79443359375 -1 833.20367431640625 2650.739990234375 -1 1302.4912109375 2664.517333984375 -1 1891.1513671875 2695.41552734375 -1 872.3201904296875 2784.702392578125 -1 1573.4315185546875 2825.803955078125 -1 1688.50537109375 2844.281494140625 -1 1119.1104736328125 1218.25 329 2217.8642578125 2183.145751953125 -1 2116.335205078125 2345.78515625 -1 2202.309814453125 2177.127685546875 -1 1922.4344482421875 2641.195068359375 -1 1922.4344482421875 2641.195068359375 -1 1004.6298828125 1467.972900390625 -1 1004.6298828125 1467.972900390625 -1 1518.1956787109375 2565.79248046875 361 1872.931396484375 2677.37353515625 -1 1015.9061889648438 1101.240234375 283 1111.4246826171875 1326.0673828125 332 985.5433349609375 1676.719482421875 119 2107.424560546875 2333.555419921875 -1 2271.381103515625 2601.650634765625 249 1536.3729248046875 2647.704833984375 -1 817.9822998046875 2803.73486328125 -1 939.71630859375 990.53497314453125 220 848.7012939453125 1229.5736083984375 -1 1073.126220703125 1357.49267578125 177 674.61102294921875 1360.150146484375 287 1114.5321044921875 1382.379638671875 12 970.4130859375 1633.7197265625 7 1515.7412109375 2637.51611328125 -1 816.72674560546875 2737.36328125 -1 1114.1002197265625 1350.635986328125 175 675.18096923828125 1448.52197265625 192 721.36962890625 1529.4368896484375 121 991.82171630859375 1543.8223876953125 -1 1460.6815185546875 1806.224365234375 -1 1290.03759765625 1823.617431640625 289 1232.965576171875 1988.0770263671875 13 1417.2138671875 2051.44140625 9 1145.0992431640625 2153.513427734375 120 1247.6829833984375 2155.446533203125 58 1215.481201171875 2179.031982421875 290 943.202880859375 2264.787353515625 248 1352.492431640625 2289.114501953125 223 887.548828125 2355.766845703125 154 1904.0474853515625 2642.155517578125 255 1904.0474853515625 2642.155517578125 360 1289.3629150390625 2684.015625 -1 1030.224853515625 1003.4664306640625 251 1030.224853515625 1003.4664306640625 194 861.172607421875 1052.4937744140625 252 875.7645263671875 1147.8970947265625 158 1232.2232666015625 1305.2882080078125 159 673.56463623046875 1505.9041748046875 222 824.214111328125 1523.84716796875 65 861.11407470703125 1564.6292724609375 178 799.52386474609375 1627.6573486328125 227 1654.6048583984375 1902.351318359375 295 1680.1282958984375 1956.6807861328125 296 1469.044921875 2039.6552734375 337 1653.499267578125 2060.686767578125 365 1143.45751953125 2070.991455078125 187 1409.46875 2099.22216796875 -1 1148.44921875 2118.652587890625 -1 1445.3331298828125 2121.80078125 22 1445.3331298828125 2121.80078125 162 886.02294921875 2164.036376953125 116 1566.7474365234375 2287.941162109375 130 1279.003662109375 2289.901123046875 23 1496.0323486328125 2292.67724609375 24 952.82794189453125 2312.2080078125 153 900.723388671875 2317.527587890625 224 1128.86279296875 2346.333740234375 17 2115.812744140625 2465.0966796875 368 1333.203125 2711.883544921875 -1 2204.247802734375 2754.577880859375 291 1319.519775390625 2805.0537109375 292 977.14959716796875 966.74102783203125 257 906.39727783203125 1015.5089111328125 293 845.58831787109375 1103.2412109375 62 970.27880859375 1269.9169921875 198 1088.620849609375 1273.635986328125 294 930.20166015625 1313.018798828125 -1 1169.7144775390625 1481.342041015625 -1 827.86920166015625 1714.0234375 228 1652.6329345703125 1901.450439453125 295 1758.3194580078125 1968.78076171875 297 1758.3194580078125 1968.78076171875 -1 1470.5343017578125 1990.8170166015625 244 1096.0570068359375 2071.779296875 21 1209.6810302734375 2081.249755859375 299 1265.0372314453125 2107.07177734375 26 1458.3289794921875 2115.01611328125 -1 1304.6219482421875 2181.3662109375 27 2006.8375244140625 2204.01416015625 300 1093.844482421875 2226.350830078125 28 1409.2510986328125 2310.22705078125 301 1480.673583984375 2343.05810546875 29 2061.81005859375 2382.233642578125 372 2114.414794921875 2464.0380859375 368 836.55023193359375 2861.52978515625 245 1529.526611328125 2907.717529296875 230 903.43359375 3021.48388671875 373 1003.3585205078125 1061.416748046875 303 1157.3597412109375 1185.415771484375 38 1204.8653564453125 1412.651611328125 32 1056.2330322265625 1540.723388671875 370 677.0908203125 1715.4779052734375 231 1572.896728515625 2050.864501953125 80 1793.422119140625 2060.663818359375 415 1376.3828125 2149.34765625 81 1980.9853515625 2268.52294921875 400 1985.35693359375 2355.635498046875 204 1881.8265380859375 2362.507080078125 203 1818.41357421875 2402.7041015625 401 1507.05419921875 2434.8955078125 94 2012.333740234375 2457.605712890625 96 1172.612060546875 2622.050537109375 302 1752.635009765625 2642.32568359375 98 1362.102783203125 2774.370361328125 259 2213.87548828125 2820.36572265625 305 1542.4427490234375 2845.439208984375 306 2082.417724609375 2929.2353515625 -1 1693.802734375 2941.599609375 138 959.81732177734375 1132.6279296875 78 778.2269287109375 1204.10546875 374 991.426513671875 1658.510986328125 -1 655.14984130859375 1956.0758056640625 261 1626.6768798828125 1999.04931640625 232 1771.15234375 2152.069091796875 341 1859.4674072265625 2171.77490234375 262 2193.57666015625 2294.5810546875 342 1216.2491455078125 2375.924560546875 -1 2288.671875 2512.097412109375 234 956.6671142578125 2516.21630859375 308 956.6671142578125 2516.21630859375 -1 1815.9725341796875 2552.540283203125 206 2347.608154296875 2692.4375 -1 1497.5728759765625 2758.178955078125 310 884.8187255859375 2818.0712890625 243 752.1009521484375 3154.611328125 -1 1721.159423828125 3330.068359375 -1 1721.159423828125 3330.068359375 -1 1078.27392578125 1440.2264404296875 -1 880.9658203125 2262.14306640625 344 995.21392822265625 2405.312255859375 311 995.21392822265625 2405.312255859375 264 1041.11865234375 2600.01806640625 151 1345.947021484375 2616.394775390625 -1 2238.407470703125 2643.939453125 346 1095.177734375 2719.38134765625 -1 873.70611572265625 2938.2353515625 -1 1836.0653076171875 3258.50244140625 -1 1588.88916015625 3364.18994140625 -1 788.00750732421875 3589.8427734375 -1 703.99212646484375 1631.692138671875 -1 874.1490478515625 1663.93017578125 269 874.1490478515625 1663.93017578125 268 1232.9991455078125 1758.2366943359375 385 626.49981689453125 1936.9053955078125 -1 1585.8828125 2173.43603515625 106 1208.9677734375 2235.329345703125 237 1774.31201171875 2248.510498046875 377 883.3282470703125 2692.95703125 312 1241.339111328125 2694.580810546875 316 2169.185546875 2949.1259765625 -1 608.1895751953125 1922.88720703125 380 1191.5048828125 2087.47900390625 100 1609.0130615234375 2563.353271484375 239 2003.533447265625 3266.628662109375 -1 801.983642578125 3377.89453125 -1 1009.9453735351562 3425.282470703125 387 726.8360595703125 3727.68798828125 -1 575.59295654296875 1426.4300537109375 -1 781.26470947265625 1919.1922607421875 143 2060.330322265625 2088.166748046875 -1 1657.943115234375 2750.433349609375 281 817.89141845703125 3344.204833984375 -1 2390.34716796875 2131.301025390625 327 864.9755859375 3266.33984375 -1 1026.558837890625 3693.92236328125 -1 1026.558837890625 3693.92236328125 -1 2030.7711181640625 2723.81982421875 -1 2030.7711181640625 2723.81982421875 -1 966.21185302734375 1344.3670654296875 323 1143.718994140625 1869.575439453125 -1 1315.6859130859375 2386.2392578125 -1 1523.4390869140625 3656.59912109375 -1 363.11410522460938 3090.64501953125 -1 1269.77783203125 2995.0263671875 -1 
102 0.97014886424138169 -0.019590687628597829 -0.23531971979759761 -0.05524505085322981 2.5195141154689846 -0.64557302489989932 3.9371443139020474 102 img_107.jpg
0.63749998807907104 0.63749998807907104 -1 0.63749998807907104 0.63749998807907104 -1 0.63749998807907104 0.63749998807907104 -1 0.63749998807907104 0.63749998807907104 -1 0.63749998807907104 0.63749998807907104 -1 0.63749998807907104 0.63749998807907104 -1 0.63749998807907104 0.63749998807907104 -1 0.63749998807907104 0.63749998807907104 -1 0.63749998807907104 0.63749998807907104 -1 0.63749998807907104 0.63749998807907104 -1 0.63749998807907104 0.63749998807907104 -1 0.63749998807907104 0.63749998807907104 -1 0.63749998807907104 0.63749998807907104 -1 0.63749998807907104 0.63749998807907104 -1 0.63749998807907104 0.63749998807907104 -1 0.63749998807907104 0.63749998807907104 -1 0.63749998807907104 0.63749998807907104 -1 0.63749998807907104 0.63749998807907104 -1 0.63749998807907104 0.63749998807907104 -1 0.63749998807907104 0.63749998807907104 -1 0.63749998807907104 0.63749998807907104 -1 0.63749998807907104 0.63749998807907104 -1 0.63749998807907104 0.63749998807907104 -1 0.63749998807907104 0.63749998807907104 -1 0.63749998807907104 0.63749998807907104 -1 0.63749998807907104 0.63749998807907104 -1 0.63749998807907104 0.63749998807907104 -1 0.63749998807907104 0.63749998807907104 -1 0.63749998807907104 0.63749998807907104 -1 0.63749998807907104 0.63749998807907104 -1 0.63749998807907104 0.63749998807907104 -1 0.63749998807907104 0.63749998807907104 -1 0.63749998807907104 0.63749998807907104 -1 0.63749998807907104 0.63749998807907104 -1 0.63749998807907104 0.63749998807907104 -1 0.63749998807907104 0.63749998807907104 -1 0.63749998807907104 0.63749998807907104 -1 0.63749998807907104 0.63749998807907104 -1 0.63749998807907104 0.63749998807907104 -1 0.63749998807907104 0.63749998807907104 -1 0.63749998807907104 0.63749998807907104 -1 0.63749998807907104 0.63749998807907104 -1 0.63749998807907104 0.63749998807907104 -1 0.63749998807907104 0.63749998807907104 -1 0.63749998807907104 0.63749998807907104 -1 0.63749998807907104 0.63749998807907104 -1 0.63749998807907104 0.63749998807907104 -1 0.63749998807907104 0.63749998807907104 -1 0.63749998807907104 0.63749998807907104 -1 0.63749998807907104 0.63749998807907104 -1 0.63749998807907104 0.63749998807907104 -1 0.63749998807907104 0.63749998807907104 -1 0.63749998807907104 0.63749998807907104 -1 0.63749998807907104 0.63749998807907104 -1 0.63749998807907104 0.63749998807907104 -1 0.63749998807907104 0.63749998807907104 -1 0.63749998807907104 0.63749998807907104 -1 0.63749998807907104 0.63749998807907104 -1 0.63749998807907104 0.63749998807907104 -1 0.63749998807907104 0.63749998807907104 -1 0.63749998807907104 0.63749998807907104 -1 0.63749998807907104 0.63749998807907104 -1 0.63749998807907104 0.63749998807907104 -1 0.63749998807907104 0.63749998807907104 -1 0.63749998807907104 0.63749998807907104 -1 0.63749998807907104 0.63749998807907104 -1 0.63749998807907104 0.63749998807907104 -1 0.63749998807907104 0.63749998807907104 -1 0.63749998807907104 0.63749998807907104 -1 0.63749998807907104 0.63749998807907104 -1 0.63749998807907104 0.63749998807907104 -1 0.63749998807907104 0.63749998807907104 -1 0.63749998807907104 0.63749998807907104 -1 913.4837646484375 1139.14794921875 -1 1358.5150146484375 2592.777099609375 -1 1749.54931640625 2578.8974609375 -1 1377.12255859375 2549.259765625 -1 1743.5408935546875 2591.467529296875 255 1743.5408935546875 2591.467529296875 360 816.5406494140625 1040.2667236328125 283 913.058349609375 1270.823974609375 332 791.93951416015625 1630.741455078125 119 1350.49560546875 2525.58251953125 361 1378.58935546875 2625.555908203125 -1 651.90521240234375 2731.387939453125 -1 734.3087158203125 925.23333740234375 -1 777.853271484375 960.0216064453125 362 693.59881591796875 1048.524169921875 -1 876.3780517578125 1303.7833251953125 177 915.43194580078125 1328.0697021484375 12 775.44732666015625 1585.1756591796875 7 805.85736083984375 1607.6658935546875 285 652.1641845703125 2799.91259765625 418 1175.3314208984375 2812.43310546875 -1 1175.3314208984375 2812.43310546875 -1 849.381103515625 1117.0015869140625 19 917.762451171875 1296.263671875 175 865.05535888671875 1771.730712890625 288 1268.6888427734375 2011.764892578125 -1 563.54779052734375 2096.95751953125 -1 1181.251708984375 2113.58203125 -1 777.4495849609375 2234.33203125 248 783.08795166015625 2288.728271484375 -1 715.552490234375 2331.027587890625 154 925.35980224609375 2333.787109375 364 2128.96142578125 2648.039794921875 -1 1149.3648681640625 2685.303466796875 -1 1149.2796630859375 2777.204833984375 -1 765.254638671875 2892.28759765625 -1 827.35675048828125 942.61212158203125 251 675.40985107421875 1083.4598388671875 158 497.93145751953125 1220.6690673828125 -1 466.07730102539062 1297.9227294921875 -1 466.34432983398438 1396.637451171875 192 466.01092529296875 1454.66162109375 222 621.30914306640625 1471.2825927734375 -1 514.72467041015625 1479.8240966796875 121 654.40142822265625 1512.9161376953125 -1 407.464111328125 1578.8121337890625 -1 598.7353515625 1579.8720703125 227 1493.330078125 1860.1312255859375 -1 1522.9163818359375 1912.99853515625 296 1069.754150390625 1947.4190673828125 13 1319.6265869140625 2000.314453125 337 1497.9373779296875 2017.21337890625 365 1714.7244873046875 2019.6572265625 366 978.85101318359375 2034.6788330078125 187 1263.9906005859375 2056.9482421875 253 1094.319091796875 2121.13916015625 58 715.08184814453125 2133.7109375 116 1952.12939453125 2147.0048828125 -1 762.94879150390625 2172.496337890625 -1 1419.573486328125 2248.72216796875 130 1128.9058837890625 2257.59375 23 1205.4478759765625 2255.9921875 223 1353.8758544921875 2255.895263671875 24 734.6590576171875 2292.50537109375 224 1943.33642578125 2412.2861328125 -1 1741.0233154296875 2641.95361328125 -1 1730.4248046875 2700.234619140625 -1 2028.2275390625 2700.3466796875 291 770.68035888671875 904.9638671875 257 703.03253173828125 950.40728759765625 293 657.7498779296875 989.85015869140625 252 642.91998291015625 1041.746826171875 62 774.17633056640625 1210.4296875 198 890.20037841796875 1218.967529296875 294 500.88922119140625 1219.8955078125 -1 1021.5151977539062 1245.48193359375 -1 967.77276611328125 1430.3616943359375 -1 472.50271606445312 1443.6484375 -1 851.1427001953125 1484.0389404296875 370 633.1856689453125 1668.6195068359375 228 1314.2362060546875 1949.5391845703125 244 1637.580322265625 2018.753173828125 -1 1110.402099609375 2069.627197265625 26 1317.1500244140625 2070.533203125 371 1153.291748046875 2146.0634765625 27 1820.07373046875 2223.0439453125 400 1337.58154296875 2307.371826171875 29 971.33837890625 2317.872802734375 17 1893.8397216796875 2334.1650390625 372 1018.244384765625 2597.921142578125 302 1744.969482421875 2644.14453125 -1 1288.2906494140625 2696.84521484375 -1 672.0616455078125 2849.420654296875 245 1549.05908203125 2901.68310546875 137 1549.05908203125 2901.68310546875 138 1874.364501953125 2993.995849609375 -1 802.9566650390625 1000.4899291992188 303 952.11883544921875 1127.62744140625 38 1068.3057861328125 1293.41015625 -1 1000.3720092773438 1360.80224609375 32 474.35671997070312 1671.9423828125 231 1472.7225341796875 1957.75732421875 232 1415.595703125 2008.0770263671875 80 1620.0067138671875 2107.09619140625 341 935.0445556640625 2195.920654296875 28 1819.6226806640625 2305.570068359375 92 1725.3040771484375 2318.956298828125 203 1666.0762939453125 2359.20361328125 401 1360.8663330078125 2396.93408203125 94 1851.932373046875 2405.668701171875 96 698.37091064453125 2572.764404296875 -1 1609.8153076171875 2599.36279296875 98 2142.659912109375 2633.838134765625 343 2030.158203125 2762.45751953125 305 727.7271728515625 3010.947021484375 373 1795.90625 3090.8544921875 -1 1501.593994140625 3399.61279296875 -1 759.8150634765625 1069.182861328125 78 571.8355712890625 1144.464599609375 374 861.043212890625 1491.182861328125 307 793.48687744140625 1618.6661376953125 375 454.32830810546875 1925.20068359375 -1 1227.798095703125 2109.55322265625 81 1702.3853759765625 2128.301513671875 262 1995.87890625 2243.130859375 342 1064.196533203125 2347.56591796875 -1 2103.77587890625 2454.906005859375 234 791.41546630859375 2495.112060546875 -1 791.41546630859375 2495.112060546875 308 1662.5283203125 2508.046630859375 309 2052.86767578125 2587.617431640625 346 1352.9031982421875 2722.094970703125 310 1189.0914306640625 2737.50732421875 -1 724.10198974609375 2804.738525390625 243 1402.3463134765625 2810.184326171875 306 1703.60009765625 3219.32421875 -1 1567.28564453125 3277.023193359375 -1 602.9581298828125 3613.87939453125 -1 443.57943725585938 1917.2869873046875 -1 1625.9212646484375 2206.78173828125 -1 835.5841064453125 2379.94921875 311 1003.2993774414062 2438.542236328125 233 1657.5987548828125 2506.010498046875 -1 876.9578857421875 2580.6923828125 -1 1174.7340087890625 2592.708740234375 -1 1174.7340087890625 2592.708740234375 -1 2052.322998046875 2589.910888671875 346 1074.216064453125 2670.44873046875 316 940.98046875 2696.979736328125 -1 734.59942626953125 2806.640380859375 -1 527.4114990234375 3224.352294921875 -1 491.08651733398438 3387.258056640625 -1 1389.5931396484375 3447.930419921875 -1 607.50286865234375 3613.012451171875 -1 873.73663330078125 1383.6591796875 378 500.66036987304688 1582.6907958984375 -1 676.7808837890625 1617.1729736328125 269 1025.9302978515625 1713.221435546875 385 1431.7969970703125 2133.673583984375 106 1053.9658203125 2201.640869140625 237 712.11773681640625 2228.99853515625 -1 715.84912109375 2673.736328125 312 1425.3187255859375 3324.11767578125 -1 405.17330932617188 1888.847412109375 380 251.47996520996094 2047.474853515625 -1 1031.33642578125 2045.693603515625 -1 1876.11328125 2033.987548828125 386 2011.8101806640625 2401.822021484375 280 1461.1141357421875 2524.424072265625 239 1999.5767822265625 2897.7490234375 -1 860.4453125 3411.406982421875 387 506.91253662109375 1031.3729248046875 -1 363.6737060546875 1386.3746337890625 -1 587.88330078125 1887.6236572265625 -1 783.06622314453125 2033.9080810546875 381 783.06622314453125 2033.9080810546875 -1 1524.31103515625 2709.950927734375 281 1524.31103515625 2709.950927734375 -1 1890.7803955078125 3184.948974609375 -1 644.116455078125 3337.197265625 -1 1860.1954345703125 2662.444091796875 -1 1860.1954345703125 2662.444091796875 -1 843.62982177734375 3682.67236328125 -1 843.62982177734375 3682.67236328125 -1 2212.4501953125 2082.18310546875 -1 756.28173828125 1283.25634765625 -1 942.17486572265625 1829.9786376953125 -1 1171.0870361328125 2335.319091796875 -1 1335.71435546875 3620.79736328125 -1 1112.2589111328125 2975.109130859375 328 
90 0.99744131232553057 -0.069887431136122072 -0.0053622182988638653 -0.014064922695581966 2.0859001382105444 -0.18778060902059612 2.6799006207439358 90 img_095.jpg
1068.2193603515625 1721.200927734375 -1 1052.0382080078125 1722.2369384765625 -1 945.7449951171875 1764.00048828125 -1 2433.0283203125 2864.725830078125 422 2433.0283203125 2864.725830078125 -1 829.459228515625 1384.1435546875 -1 1895.1748046875 2492.222412109375 388 1877.4246826171875 2522.060791015625 -1 1900.792236328125 2583.52001953125 -1 785.89361572265625 1926.2918701171875 696 401.24554443359375 2856.7177734375 -1 1006.0974731445312 1442.31787109375 512 923.5264892578125 1601.904052734375 -1 928.00689697265625 1621.6356201171875 3 928.00689697265625 1621.6356201171875 175 874.6612548828125 2040.4508056640625 6 689.21038818359375 2242.4921875 511 651.95367431640625 2402.65673828125 189 825.6837158203125 1264.143798828125 -1 935.79742431640625 1649.4739990234375 12 736.107666015625 1882.91748046875 7 786.79876708984375 1887.590576171875 4 761.4573974609375 1906.0052490234375 5 873.54522705078125 2039.623779296875 -1 687.9151611328125 2243.593994140625 -1 832.829833984375 2295.600830078125 9 671.84857177734375 2348.83984375 156 671.84857177734375 2348.83984375 389 576.81732177734375 2361.75390625 566 673.62652587890625 2384.670654296875 58 1673.5450439453125 2700.649169921875 -1 1970.1484375 2928.245361328125 -1 1485.798828125 2939.2001953125 -1 1499.8614501953125 2997.867431640625 10 635.2872314453125 1491.0570068359375 -1 878.06317138671875 1632.3074951171875 177 704.86212158203125 2221.881591796875 514 863.54833984375 2274.287353515625 -1 586.8607177734375 2300.552734375 21 609.79486083984375 2346.234619140625 16 685.02838134765625 2521.22998046875 23 685.02838134765625 2521.22998046875 67 917.52642822265625 1287.166015625 61 828.91168212890625 1301.8819580078125 572 967.6259765625 1330.4425048828125 667 698.20538330078125 1442.5313720703125 -1 946.6689453125 1539.335205078125 56 864.0223388671875 1787.5972900390625 -1 735.27093505859375 1807.281005859375 322 735.27093505859375 1807.281005859375 426 836.4205322265625 1845.432373046875 57 538.83563232421875 1912.806884765625 523 696.81292724609375 2286.578369140625 -1 690.04608154296875 2346.255126953125 -1 690.04608154296875 2346.255126953125 -1 842.51263427734375 2364.256103515625 -1 842.51263427734375 2364.256103515625 162 715.1214599609375 2418.953369140625 27 841.05047607421875 2539.628662109375 24 809.96575927734375 2709.0869140625 -1 1984.738525390625 2927.636474609375 -1 1475.68798828125 2972.101318359375 30 1475.68798828125 2972.101318359375 31 377.7896728515625 2992.526611328125 -1 2066.950439453125 2993.098876953125 -1 679.739013671875 1336.7764892578125 -1 1138.365966796875 1569.6458740234375 159 1038.5128173828125 2156.460693359375 -1 775.92376708984375 2395.582275390625 -1 775.92376708984375 2395.582275390625 468 827.2559814453125 2587.632568359375 29 479.2791748046875 2685.585693359375 656 479.2791748046875 2685.585693359375 525 808.68218994140625 2706.830322265625 -1 670.5244140625 2878.2958984375 -1 1288.0821533203125 2991.026611328125 25 2068.6259765625 2989.188232421875 -1 843.3348388671875 3081.312255859375 465 862.248046875 1354.8426513671875 77 1126.8343505859375 1674.8359375 32 428.03421020507812 1886.8818359375 -1 840.37896728515625 2022.4161376953125 -1 1119.2137451171875 2202.802734375 472 461.70660400390625 2227.787353515625 -1 1277.87353515625 2252.79541015625 473 1380.2425537109375 2262.574462890625 -1 1380.2425537109375 2262.574462890625 -1 1032.8922119140625 2317.49755859375 529 1347.997314453125 2316.8125 501 874.20806884765625 2431.104736328125 456 1962.8057861328125 2518.587158203125 83 486.22494506835938 2608.23974609375 44 861.0635986328125 2684.80224609375 -1 1546.3529052734375 2684.958740234375 36 1632.405517578125 2699.1357421875 502 1632.405517578125 2699.1357421875 503 1716.8623046875 2724.789794921875 -1 421.7515869140625 2885.444580078125 620 430.26425170898438 2973.510986328125 581 746.35650634765625 3068.58544921875 479 2102.823486328125 3075.526123046875 -1 957.22528076171875 3137.5107421875 -1 953.3203125 3211.045654296875 -1 783.114013671875 1427.039306640625 78 1050.084228515625 1467.36572265625 38 890.210693359375 1551.79833984375 134 890.210693359375 1551.79833984375 86 936.23431396484375 1810.0660400390625 431 502.12734985351562 1854.0078125 556 407.4716796875 2144.76416015625 -1 407.4716796875 2144.76416015625 -1 1100.8927001953125 2275.2041015625 482 1230.373779296875 2326.22119140625 39 1230.373779296875 2326.22119140625 415 1173.458984375 2403.234375 721 1505.245849609375 2481.286376953125 34 1457.9122314453125 2557.20068359375 41 630.781005859375 2594.3154296875 -1 1954.5120849609375 2614.8291015625 42 1192.7874755859375 2666.258056640625 35 561.066162109375 2676.146484375 -1 519.70123291015625 2777.37548828125 402 1190.8895263671875 2817.309814453125 544 1627.12109375 2822.50439453125 -1 744.7105712890625 2879.67578125 -1 1064.13134765625 2921.344970703125 98 1633.5225830078125 3248.343017578125 -1 929.91729736328125 1448.9176025390625 46 943.4830322265625 1817.2635498046875 446 498.69009399414062 2127.050537109375 586 515.17388916015625 2303.648681640625 484 515.17388916015625 2303.648681640625 105 651.81951904296875 2310.698974609375 -1 635.94091796875 2446.6748046875 107 1164.7733154296875 2517.4951171875 101 1081.041748046875 2654.929443359375 -1 1287.621337890625 2661.935302734375 140 1738.4921875 2692.32275390625 -1 1187.168701171875 2819.854248046875 -1 1292.587158203125 2838.644775390625 782 869.5855712890625 2876.859375 486 1202.8675537109375 2989.96728515625 550 1627.9080810546875 3245.0751953125 -1 512.56561279296875 3346.372802734375 692 1446.0595703125 3523.467041015625 -1 1018.4298095703125 2415.70556640625 490 1291.1395263671875 2437.17724609375 48 1291.1395263671875 2437.17724609375 491 894.017578125 2666.79931640625 492 1066.6064453125 2676.08203125 -1 1786.7232666015625 3196.525146484375 -1 1457.8074951171875 3655.467529296875 -1 1086.528564453125 1650.2296142578125 -1 1532.3193359375 2320.16064453125 505 1772.7979736328125 2639.74267578125 -1 928.596923828125 3016.452392578125 51 1796.287841796875 2816.49853515625 553 1919.30859375 3003.466552734375 50 370.087158203125 3200.953125 -1 834.47442626953125 3845.455078125 -1 1775.7342529296875 2428.0302734375 -1 2211.6689453125 2445.9765625 -1 612.50311279296875 3114.734619140625 -1 834.667724609375 1625.5985107421875 353 834.667724609375 1625.5985107421875 738 707.84503173828125 2697.666748046875 -1 1465.5572509765625 3082.96044921875 688 621.00921630859375 3136.51123046875 -1 938.91424560546875 2146.015380859375 -1 295.83660888671875 1987.7421875 -1 1064.2470703125 3181.26806640625 -1 
91 0.99737046170234911 -0.0699957186056126 -0.0096396237789727508 -0.016119527099972712 2.0642458016463614 -0.19366961157974874 2.7053223073085428 91 img_096.jpg
918.91668701171875 1769.4503173828125 -1 1923.4208984375 2484.39599609375 -1 1736.66357421875 2736.26708984375 -1 1709.814453125 2749.704833984375 -1 1693.651123046875 2757.51513671875 -1 1069.9202880859375 1715.9921875 -1 965.5804443359375 1756.3489990234375 -1 1908.3621826171875 2483.13525390625 -1 2403.1435546875 2854.34619140625 422 45.478404998779297 4072.720458984375 -1 1871.1572265625 2488.708740234375 388 1867.5791015625 2551.01904296875 -1 806.5284423828125 1390.0841064453125 -1 958.71124267578125 1445.4296875 -1 823.83941650390625 2003.3046875 507 1969.5101318359375 2492.606201171875 -1 390.85479736328125 2848.9501953125 -1 796.8858642578125 1272.483154296875 -1 941.1982421875 1408.017822265625 152 903.61932373046875 1626.063720703125 3 903.61932373046875 1626.063720703125 175 775.92657470703125 1803.316162109375 -1 852.056884765625 2044.0377197265625 6 670.44580078125 2245.84375 511 635.04443359375 2403.64794921875 189 372.82781982421875 2870.901123046875 -1 1463.9884033203125 2937.737548828125 -1 797.88531494140625 1272.2928466796875 -1 633.98541259765625 1522.67431640625 510 913.1876220703125 1654.5079345703125 12 712.40325927734375 1886.279296875 7 762.3843994140625 1892.8006591796875 4 737.565673828125 1910.384033203125 5 684.8055419921875 2225.545166015625 514 812.3250732421875 2298.348876953125 9 653.52154541015625 2388.310791015625 58 829.88433837890625 2806.685791015625 -1 918.1136474609375 2866.9208984375 -1 1945.7149658203125 2921.679931640625 -1 1418.95166015625 2970.41748046875 -1 1477.8062744140625 2993.921630859375 10 894.09759521484375 1292.4627685546875 61 939.894287109375 1329.197998046875 -1 610.21868896484375 1496.9229736328125 509 855.109130859375 1636.392333984375 177 842.31060791015625 2276.322265625 -1 804.16473388671875 2335.931396484375 15 590.63861083984375 2349.812744140625 16 555.724365234375 2363.683837890625 440 555.724365234375 2363.683837890625 -1 813.13702392578125 2372.038818359375 524 664.93499755859375 2522.393310546875 23 792.7236328125 2922.232666015625 -1 866.791015625 2949.659423828125 460 792.3240966796875 2981.203125 -1 1184.414794921875 3066.576416015625 -1 851.2308349609375 1259.369140625 -1 804.79400634765625 1307.726318359375 572 921.43707275390625 1544.7039794921875 56 711.33245849609375 1811.8702392578125 322 711.33245849609375 1811.8702392578125 426 813.197998046875 1850.6280517578125 57 450.0830078125 1948.0799560546875 573 568.31317138671875 2301.85546875 21 673.8834228515625 2349.6396484375 26 673.8834228515625 2349.6396484375 463 695.87005615234375 2421.308349609375 27 819.41064453125 2541.738037109375 24 872.13494873046875 2544.5361328125 130 805.98602294921875 2588.42724609375 29 782.5196533203125 2917.173583984375 -1 1454.3399658203125 2967.8544921875 30 1454.3399658203125 2967.8544921875 31 704.0093994140625 2984.2666015625 -1 850.33697509765625 1257.772705078125 -1 667.750244140625 1449.338623046875 -1 1058.83642578125 2112.82275390625 466 1326.954345703125 2316.465576171875 501 754.8780517578125 2398.16455078125 -1 754.8780517578125 2398.16455078125 468 526.680419921875 2445.7734375 28 806.52044677734375 2588.97265625 29 1569.4832763671875 2603.2099609375 732 461.67532348632812 2689.6240234375 656 461.67532348632812 2689.6240234375 525 1687.230712890625 2730.5810546875 -1 651.51068115234375 2881.55029296875 -1 2072.712890625 3062.137451171875 -1 825.560546875 3081.939208984375 465 916.24749755859375 3195.897705078125 260 651.7498779296875 1337.253662109375 -1 836.241455078125 1360.85107421875 77 869.55633544921875 1553.9910888671875 134 1102.3067626953125 1567.8154296875 538 1101.2178955078125 1678.372802734375 32 1042.1768798828125 1754.2645263671875 369 818.12969970703125 2022.051025390625 -1 818.12969970703125 2022.051025390625 -1 437.03811645507812 2235.720458984375 -1 1256.021484375 2253.447998046875 473 1360.939208984375 2265.232177734375 -1 1360.939208984375 2265.232177734375 -1 853.39178466796875 2357.69873046875 617 858.50921630859375 2433.3662109375 456 1486.0638427734375 2480.133544921875 34 1486.0638427734375 2480.133544921875 -1 819.653564453125 2494.01953125 474 1935.3621826171875 2512.718017578125 83 468.38336181640625 2611.293701171875 44 839.83721923828125 2686.236572265625 -1 1525.9425048828125 2682.4248046875 36 410.43817138671875 2976.688720703125 581 727.8909912109375 3070.718017578125 479 727.8909912109375 3070.718017578125 -1 937.1083984375 3135.625 -1 933.21875 3206.72412109375 -1 1620.873779296875 3244.6806640625 536 1549.0850830078125 3376.3701171875 -1 655.4178466796875 1312.035400390625 -1 760.22674560546875 1433.3817138671875 78 1025.7071533203125 1471.9267578125 38 911.48028564453125 1815.9140625 431 480.0941162109375 1861.4637451171875 556 384.20355224609375 2148.129150390625 -1 384.20355224609375 2148.129150390625 -1 1081.3765869140625 2277.344970703125 482 1008.5218505859375 2320.18505859375 529 1208.36181640625 2326.59375 39 1208.36181640625 2326.59375 415 1151.8912353515625 2403.61474609375 721 1435.8753662109375 2554.717529296875 41 610.6585693359375 2595.463134765625 -1 1931.2982177734375 2612.258056640625 42 944.660888671875 2621.461181640625 -1 1171.6346435546875 2666.971435546875 35 547.0115966796875 2679.480712890625 -1 1701.008056640625 2709.42138671875 -1 503.31243896484375 2781.722412109375 402 1170.5997314453125 2817.3974609375 544 1611.879150390625 2825.303955078125 624 404.60040283203125 2887.05810546875 620 725.51171875 2883.2802734375 -1 1045.6864013671875 2919.820556640625 98 585.396728515625 921.1917724609375 607 905.20849609375 1453.7589111328125 46 476.07196044921875 2137.63232421875 586 495.06546020507812 2307.65869140625 484 495.06546020507812 2307.65869140625 403 631.50262451171875 2314.4541015625 -1 616.075439453125 2447.31494140625 -1 1067.0614013671875 2648.596923828125 547 1266.3543701171875 2663.99365234375 140 856.7484130859375 2689.146484375 -1 1167.2825927734375 2819.466064453125 -1 1271.63330078125 2836.9716796875 782 849.93310546875 2877.601806640625 486 1183.3236083984375 2985.17626953125 550 1918.9771728515625 3197.092529296875 658 493.27716064453125 3346.7822265625 692 1439.9896240234375 3509.54443359375 -1 1434.1171875 3635.95263671875 -1 340.72720336914062 2122.989501953125 -1 997.7232666015625 2415.287109375 490 1270.0205078125 2436.59619140625 48 1270.0205078125 2436.59619140625 491 1144.5938720703125 2519.456787109375 -1 1284.5517578125 3607.28369140625 436 1061.3319091796875 1654.5435791015625 -1 1514.6336669921875 2321.556640625 -1 911.52337646484375 3015.8408203125 51 1762.8585205078125 3195.37646484375 -1 518.2413330078125 1490.0972900390625 -1 674.47216796875 2400.755859375 -1 1770.5821533203125 2813.799560546875 553 1896.57177734375 2996.668701171875 50 815.53387451171875 3844.1650390625 -1 1010.9203491210938 1233.607666015625 -1 1748.0377197265625 2425.322265625 -1 2173.355712890625 2437.620361328125 437 590.540771484375 3111.581298828125 -1 811.21649169921875 1629.564697265625 353 811.21649169921875 1629.564697265625 738 694.20965576171875 2697.344970703125 -1 1441.8154296875 3080.26708984375 688 906.74798583984375 2152.5 -1 1042.2589111328125 3185.14697265625 -1 
89 0.99762405370872209 -0.065139771908988772 0.017984719677077887 -0.013401769866647366 2.1954509914119607 -0.2366505762370858 2.5763650753984981 89 img_094.jpg
1066.2890625 1567.30908203125 -1 1269.3094482421875 1667.91259765625 -1 1256.78076171875 1668.3858642578125 -1 1220.95556640625 1673.883056640625 -1 1198.4461669921875 1676.4302978515625 -1 1132.2391357421875 1706.6033935546875 -1 1127.361083984375 1712.4398193359375 -1 1099.9222412109375 1717.9775390625 -1 1094.710205078125 1718.585205078125 -1 1072.7967529296875 1725.11962890625 -1 1066.5050048828125 1726.9407958984375 -1 1035.099365234375 1739.0416259765625 -1 1885 2699.21142578125 -1 1844.200439453125 2720.044677734375 -1 1116.0460205078125 1712.78955078125 -1 1095.6754150390625 1489.7506103515625 -1 2578.5791015625 2827.32861328125 422 970.18011474609375 1939.1002197265625 -1 961.22802734375 1342.834716796875 -1 1114.6956787109375 1399.390625 -1 899.31689453125 1887.99169921875 563 958.26458740234375 1902.51025390625 -1 956.23394775390625 1921.924072265625 -1 985.56036376953125 1958.9476318359375 -1 1014.4896850585938 2000.1290283203125 6 2037.5517578125 2539.48828125 -1 1095.3433837890625 1359.69580078125 152 1137.660400390625 1398.02294921875 512 1058.3204345703125 1580.083740234375 3 825.5322265625 2196.875 8 2047.57421875 2600.845458984375 -1 951.28973388671875 1225.4080810546875 -1 1172.1578369140625 1476.3203125 -1 1287.817626953125 1564.7967529296875 513 1068.36669921875 1607.8006591796875 12 873.7293701171875 1840.7769775390625 7 897.75677490234375 1864.0496826171875 5 841.6495361328125 2176.09765625 13 823.9769287109375 2198.161865234375 8 967.28753662109375 2248.79931640625 9 797.42034912109375 2306.066162109375 442 797.42034912109375 2306.066162109375 443 810.27642822265625 2337.221923828125 58 810.27642822265625 2337.221923828125 -1 1066.9595947265625 2812.748046875 -1 2106.633056640625 2887.585205078125 -1 1622.592041015625 2897.45263671875 -1 1572.4146728515625 2928.88525390625 -1 1629.7498779296875 2952.8330078125 10 1336.4862060546875 3023.843505859375 -1 846.49102783203125 1393.341796875 555 766.75823974609375 1452.56298828125 509 1079.0023193359375 1496.5699462890625 56 1011.1779174804688 1591.422119140625 177 657.6986083984375 1717.5140380859375 457 727.52203369140625 2252.17236328125 21 748.9478759765625 2298.984375 16 716.16986083984375 2315.626708984375 566 971.80975341796875 2317.35888671875 22 948.880615234375 2867.00830078125 -1 1020.3598022460938 2899.330078125 460 1006.5994262695312 1212.957763671875 -1 1048.3013916015625 1243.170166015625 61 959.74517822265625 1260.936767578125 572 1096.4058837890625 1285.7716064453125 667 1000.5955810546875 1745.97265625 -1 874.11419677734375 1768.7230224609375 462 973.32806396484375 1805.0469970703125 57 677.092529296875 1873.0072021484375 523 613.862548828125 1899.711181640625 573 833.45660400390625 2239.34619140625 -1 830.24029541015625 2298.271240234375 26 830.24029541015625 2298.271240234375 463 850.27154541015625 2370.239501953125 27 687.95379638671875 2393.56005859375 -1 975.41046142578125 2490.754638671875 24 939.31304931640625 2651.04150390625 -1 1839.6187744140625 2700.171875 -1 1607.397216796875 2927.057861328125 30 1607.397216796875 2927.057861328125 31 609.5174560546875 2184.1875 -1 1473.51123046875 2267.681884765625 541 911.33441162109375 2345.229736328125 -1 911.33441162109375 2345.229736328125 468 686.0631103515625 2393.431640625 469 967.84503173828125 2441.161865234375 474 961.770263671875 2538.61865234375 29 1846.680908203125 2690.6357421875 543 1987.762939453125 2847.271728515625 -1 2135.891845703125 2889.6806640625 -1 1418.9593505859375 2941.53857421875 25 991.39923095703125 1313.5013427734375 77 1258.3665771484375 1519.7022705078125 538 1258.3665771484375 1519.7022705078125 -1 1255.494384765625 1631.1402587890625 32 976.8233642578125 1975.9183349609375 -1 863.5164794921875 2008.0762939453125 -1 1254.1494140625 2159.43017578125 -1 1404.21533203125 2205.183837890625 -1 1509.552490234375 2219.271728515625 -1 1509.552490234375 2219.271728515625 557 1304.421142578125 2355.87744140625 721 1009.9376220703125 2381.365966796875 456 1637.749755859375 2437.171875 34 2100.891845703125 2475.02294921875 83 624.19146728515625 2558.283203125 44 620.70361328125 2635.33056640625 656 620.70361328125 2635.33056640625 525 1679.599853515625 2641.0361328125 36 1764.7520751953125 2654.37255859375 502 1764.7520751953125 2654.37255859375 503 1784.0614013671875 2813.965087890625 -1 804.8084716796875 2828.845458984375 -1 561.983642578125 2834.832275390625 45 568.63494873046875 2920.757568359375 581 880.17431640625 3019.593017578125 479 1084.56494140625 3087.217529296875 85 916.61932373046875 1386.7823486328125 78 1181.060791015625 1425.0791015625 38 1024.3154296875 1508.3665771484375 134 1072.404296875 1770.25390625 431 641.53411865234375 1814.91357421875 556 787.106201171875 1857.3052978515625 554 548.22772216796875 2101.3642578125 -1 548.22772216796875 2101.3642578125 -1 1233.6490478515625 2229.907470703125 482 1359.3603515625 2278.97021484375 39 1591.437744140625 2512.416748046875 623 764.15899658203125 2542.76416015625 43 764.15899658203125 2542.76416015625 542 2094.708984375 2574.655029296875 42 1322.203125 2614.92431640625 35 697.40521240234375 2627.935546875 -1 658.36431884765625 2727.560791015625 402 1323.453369140625 2769.00732421875 544 879.372314453125 2823.68115234375 -1 1765.3668212890625 3207.67919921875 -1 635.55743408203125 3290.42138671875 -1 1060.696533203125 1406.27099609375 46 1081.6806640625 1777.630615234375 171 638.8326416015625 2089.053955078125 586 654.50897216796875 2257.30517578125 484 654.50897216796875 2257.30517578125 403 785.7100830078125 2269.291748046875 100 1217.8531494140625 2596.93408203125 485 1415.5703125 2613.09814453125 140 1003.4173583984375 2827.071533203125 486 1337.8892822265625 2939.922607421875 550 2078.713134765625 3167.658935546875 658 1756.5269775390625 3204.12939453125 -1 1574.633544921875 3482.37353515625 448 1151.7188720703125 2363.433349609375 490 1418.290283203125 2384.3564453125 -1 1418.290283203125 2384.3564453125 551 1294.4073486328125 2467.597900390625 101 1025.58740234375 2623.17724609375 -1 1431.44970703125 2798.257080078125 592 1427.8095703125 3564.8974609375 436 1578.4735107421875 3617.029296875 -1 1680.6026611328125 2280.3330078125 -1 1915.60546875 2596.427001953125 -1 1060.55419921875 2966.791015625 51 1917.3074951171875 3164.722412109375 -1 1930.132568359375 2775.472412109375 553 2057.495361328125 2964.6015625 50 492.8321533203125 3178.23974609375 -1 967.931884765625 3793.19189453125 -1 967.931884765625 3793.19189453125 -1 558.8985595703125 504.2642822265625 -1 558.8985595703125 504.2642822265625 -1 1166.2921142578125 1181.224609375 -1 1904.2501220703125 2383.97607421875 -1 2332.918212890625 2391.252685546875 185 748.86163330078125 3065.49951171875 -1 970.34893798828125 1582.6480712890625 353 970.34893798828125 1582.6480712890625 738 840.05377197265625 2637.73828125 -1 1593.330322265625 3030.57275390625 -1 428.13360595703125 3250.580810546875 -1 1092.3157958984375 2092.472900390625 -1 1197.70703125 3121.9345703125 -1 
87 0.99394808957521685 -0.079998477077885127 0.074839525953362906 -0.0081537874679113668 2.3912358735251549 -0.15190648414826757 2.3095158618478231 87 img_092.jpg
1359.1082763671875 1669.154541015625 -1 1348.955322265625 1673.1822509765625 558 1546.668212890625 1764.9722900390625 -1 1529.3751220703125 1768.5408935546875 -1 1436.705078125 1801.0428466796875 -1 2155.724609375 2808.142822265625 -1 2156.386474609375 2811.367431640625 -1 2111.68408203125 2832.39990234375 -1 1322.8817138671875 1679.9898681640625 -1 1331.2425537109375 1679.6214599609375 -1 1333.6729736328125 1683.5777587890625 -1 1193.2115478515625 1900.971923828125 -1 1322.2891845703125 1686.31591796875 -1 1107.518310546875 2092.041015625 -1 2888.541748046875 2950.80419921875 -1 1261.6981201171875 1449.79541015625 -1 1334.5382080078125 1655.889404296875 54 1266.221923828125 2031.171875 -1 1307.0283203125 2090.87646484375 6 1412.53515625 1505.7684326171875 -1 1247.3458251953125 2007.9251708984375 661 1247.3458251953125 2007.9251708984375 -1 1253.3455810546875 1336.7239990234375 -1 1283.623046875 1459.4710693359375 508 1355.7890625 1680.920166015625 3 1355.7890625 1680.920166015625 175 1311.058837890625 1691.1793212890625 177 1311.058837890625 1691.1793212890625 -1 1196.2769775390625 1957.1495361328125 5 1114.4686279296875 2279.081298828125 511 1061.6824951171875 2537.038330078125 -1 1111.6383056640625 2954.448974609375 520 1220.22705078125 1358.054443359375 -1 1127.7606201171875 1478.761474609375 -1 1150.9356689453125 1499.9185791015625 555 1434.453125 1499.8291015625 512 1074.9576416015625 1561.656005859375 509 1535.1854248046875 1571.7509765625 518 1581.6112060546875 1662.1112060546875 513 1367.32080078125 1709.2041015625 12 964.20465087890625 1817.5968017578125 -1 1173.8560791015625 1933.9642333984375 7 1220.7431640625 1940.2060546875 4 1119.2222900390625 2228.690673828125 -1 1128.224609375 2259.337890625 514 1255.2435302734375 2305.839599609375 -1 1244.34228515625 2331.7607421875 9 1237.8309326171875 2368.449462890625 15 1037.7371826171875 2381.5078125 16 1018.869384765625 2404.292724609375 498 1018.869384765625 2404.292724609375 -1 1150.3883056640625 2406.73828125 -1 1094.9825439453125 2415.23828125 -1 1094.9825439453125 2415.23828125 516 1093.275390625 2453.086181640625 -1 989.84075927734375 2586.3017578125 17 1337.2930908203125 2896.067626953125 -1 1290.821533203125 2973.703125 460 1893.645751953125 2996.798095703125 -1 1845.2354736328125 3028.638916015625 -1 1902.9505615234375 3054.342041015625 10 1614.3341064453125 3108.117919921875 -1 1349.0550537109375 1352.634765625 61 1375.7113037109375 1598.75341796875 56 1158.05126953125 2321.126708984375 -1 1018.1036376953125 2335.94384765625 21 1243.64501953125 2405.917724609375 524 887.0411376953125 2788.19873046875 -1 1222.5491943359375 2995.460205078125 -1 2400.7548828125 2997.830078125 521 1311.322509765625 1323.2352294921875 -1 1263.25341796875 1370.7154541015625 572 1397.2115478515625 1393.0869140625 667 1608.4259033203125 1590.857666015625 -1 1297.0823974609375 1843.5518798828125 -1 1173.653564453125 1861.8226318359375 322 1272.0643310546875 1901.7135009765625 57 986.20355224609375 1965.09375 523 923.16497802734375 1992.953369140625 573 1116.4183349609375 2379.276611328125 463 1116.4183349609375 2379.276611328125 26 1134.75048828125 2452.392333984375 27 1103.66552734375 2549.611083984375 23 1103.66552734375 2549.611083984375 67 1252.2210693359375 2572.123046875 575 1232.8272705078125 2619.46484375 29 1096.197265625 2894.171142578125 -1 808.7076416015625 3012.4140625 -1 1879.9981689453125 3027.998291015625 30 1879.9981689453125 3027.998291015625 31 1245.747802734375 3108.046875 465 851.8658447265625 3345.099365234375 -1 1275.0081787109375 2067.586669921875 -1 1482.858154296875 2154.076904296875 466 1435.194091796875 2196.62841796875 -1 1551.6033935546875 2191.169677734375 -1 1309.7088623046875 2285.16796875 467 1743.5352783203125 2360.071533203125 501 1188.7757568359375 2429.624755859375 468 1188.7757568359375 2429.624755859375 -1 971.60150146484375 2472.2080078125 28 1275.18505859375 2465.609375 -1 1233.519775390625 2619.484375 29 1092.4449462890625 2898.294677734375 -1 2521.70166015625 3154.748779296875 -1 1296.5697021484375 1420.4090576171875 77 1549.193115234375 1617.2716064453125 538 1548.4044189453125 1727.8695068359375 32 1487.976318359375 1805.89599609375 577 1361.5628662109375 1858.245361328125 -1 952.65399169921875 1908.3470458984375 556 1521.9129638671875 2247.2021484375 472 893.1475830078125 2281.2841796875 -1 1678.4774169921875 2299.03662109375 473 1434.805908203125 2359.737548828125 529 1284.3582763671875 2465.427734375 456 1246.59375 2524.258544921875 474 2392.7412109375 2581.479248046875 83 2392.7412109375 2581.479248046875 531 919.82806396484375 2634.49609375 44 919.82806396484375 2634.49609375 527 912.98614501953125 2709.14013671875 656 912.98614501953125 2709.14013671875 525 1947.7872314453125 2741.26416015625 36 2039.116455078125 2759.49267578125 502 2039.116455078125 2759.49267578125 503 2125.539306640625 2790.820556640625 543 1152.6722412109375 2883.0419921875 -1 1152.6722412109375 2883.0419921875 -1 851.64532470703125 2904.8134765625 45 2062.26171875 2922.81005859375 -1 858.28131103515625 2989.9443359375 758 1151.20654296875 3092.71923828125 479 1343.8814697265625 3238.806884765625 -1 1219.5887451171875 1497.3570556640625 -1 1477.7652587890625 1527.78271484375 38 1319.361328125 1613.6817626953125 134 1319.361328125 1613.6817626953125 86 1090.8226318359375 1948.8089599609375 554 854.92181396484375 2183.35693359375 -1 1500.855224609375 2317.31005859375 482 1796.4046630859375 2315.8876953125 -1 1066.6268310546875 2353.821533203125 -1 1626.93798828125 2370.269287109375 39 1568.810302734375 2446.63818359375 721 1905.5399169921875 2533.150634765625 34 1045.7579345703125 2614.5244140625 43 1045.7579345703125 2614.5244140625 542 2383.633056640625 2680.328125 42 2132.50146484375 2780.676513671875 -1 948.8419189453125 2800.4658203125 402 1588.8743896484375 2859.60693359375 544 1462.8115234375 2960.66015625 98 2038.845703125 3302.89892578125 -1 1359.56787109375 1512.00927734375 46 1359.56787109375 1512.00927734375 546 944.6143798828125 2172.2568359375 586 951.0791015625 2342.61474609375 403 951.0791015625 2342.61474609375 484 1071.8839111328125 2348.462890625 -1 1482.1343994140625 2687.1474609375 547 1276.1151123046875 2903.570068359375 486 1465.251953125 2960.517822265625 -1 1599.141845703125 3031.960205078125 550 2364.61767578125 3290.704345703125 -1 922.21258544921875 3355.3466796875 -1 1411.945556640625 1873.49560546875 -1 1422.794189453125 2453.92822265625 490 1687.146484375 2485.556396484375 48 1687.146484375 2485.556396484375 -1 1558.5352783203125 2555.115966796875 101 1299.8748779296875 2699.85888671875 492 1696.74609375 2890.953125 592 1940.7518310546875 2369.250244140625 505 2191.57080078125 2705.71435546875 -1 1324.9998779296875 3048.424072265625 51 809.86395263671875 3203.0009765625 -1 2193.86376953125 3267.577392578125 102 1205.6102294921875 799.4476318359375 725 2202.661865234375 2883.654296875 553 2335.668212890625 3071.288818359375 600 0.63749998807907104 0.63749998807907104 -1 0.63749998807907104 0.63749998807907104 -1 0.63749998807907104 0.63749998807907104 -1 0.63749998807907104 0.63749998807907104 -1 0.63749998807907104 0.63749998807907104 -1 1387.8375244140625 2203.83740234375 -1 1334.6326904296875 2198.942626953125 -1 1477.6806640625 3228.751953125 -1 
86 0.99096457966505946 -0.085710652177758945 0.10301427932684579 -0.0055627517728053617 2.1920201834482778 -0.11452690383664611 2.149872012244709 86 img_091.jpg
0.63749998807907104 0.63749998807907104 -1 0.63749998807907104 0.63749998807907104 -1 0.63749998807907104 0.63749998807907104 -1 0.63749998807907104 0.63749998807907104 -1 0.63749998807907104 0.63749998807907104 -1 0.63749998807907104 0.63749998807907104 -1 0.63749998807907104 0.63749998807907104 -1 0.63749998807907104 0.63749998807907104 -1 1190.1107177734375 2035.96533203125 562 2848.91064453125 3039.703857421875 -1 2848.91064453125 3039.703857421875 -1 1317.1077880859375 1459.2698974609375 561 1273.2972412109375 1693.202880859375 54 1249.25 1733.1839599609375 -1 1179.8319091796875 2021.5048828125 -1 1207.2474365234375 2083.630859375 507 1236.51318359375 2130.240966796875 6 1236.51318359375 2130.240966796875 564 732.9510498046875 2918.81298828125 -1 1226.3297119140625 1501.3941650390625 508 1344.9139404296875 1506.8363037109375 773 1022.1302490234375 1602.78271484375 509 1042.1192626953125 1621.6932373046875 510 1296.34228515625 1719.5115966796875 3 1256.695556640625 1922.405517578125 -1 1153.52001953125 1980.5478515625 4 1131.5194091796875 1996.6585693359375 5 1081.5496826171875 2002.3751220703125 -1 1002.7747802734375 2320.989501953125 511 960.0570068359375 2431.890625 443 715.52471923828125 2952.1455078125 697 1038.3466796875 3005.004150390625 -1 1382.992919921875 1537.024658203125 512 1090.1229248046875 1541.4217529296875 555 1538.95068359375 1699.0528564453125 513 1308.4732666015625 1746.708740234375 12 1228.334716796875 1943.859619140625 -1 1131.5692138671875 1995.925048828125 5 1018.3748168945312 2300.702880859375 514 1035.98583984375 2373.744873046875 -1 1121.3463134765625 2374.35791015625 9 902.0283203125 2437.800048828125 566 902.0283203125 2437.800048828125 515 976.23974609375 2456.900634765625 516 972.69561767578125 2499.39794921875 517 1101.6387939453125 2887.08056640625 -1 1101.6387939453125 2887.08056640625 -1 1113.215087890625 1563.9278564453125 568 1487.009033203125 1612.1109619140625 518 1319.427490234375 1639.1407470703125 -1 1115.64599609375 1901.746826171875 -1 887.35430908203125 1923.1248779296875 569 863.47686767578125 2028.7786865234375 573 1107.6397705078125 2413.14501953125 15 996.865478515625 2422.200927734375 463 980.48992919921875 2593.56884765625 67 980.48992919921875 2593.56884765625 23 1014.83203125 3000.343505859375 520 2313.62841796875 3070.93017578125 521 1773.737548828125 3099.15771484375 570 1773.737548828125 3099.15771484375 571 1103.040283203125 3154.33056640625 631 1208.7506103515625 1409.9202880859375 572 928.63330078125 2004.411376953125 729 1315.0816650390625 2240.52490234375 -1 818.39190673828125 2241.645751953125 -1 1121.7071533203125 2447.2294921875 22 1011.7477416992188 2493.60498046875 27 787.6524658203125 2559.22607421875 932 1117.3770751953125 2617.43017578125 575 803.07745361328125 2745.580810546875 525 803.07745361328125 2745.580810546875 656 1111.3341064453125 3020.91796875 -1 711.69342041015625 3041.130126953125 526 1047.997802734375 3155.495361328125 -1 1308.4404296875 2122.172607421875 -1 1362.0841064453125 2193.6982421875 778 1185.1572265625 2327.8369140625 467 1063.216552734375 2470.585693359375 468 1108.067138671875 2568.517578125 474 1100.68994140625 2664.596435546875 29 817.94622802734375 2676.003662109375 44 817.94622802734375 2676.003662109375 527 2143.42236328125 3035.829833984375 -1 1244.8798828125 1459.044189453125 77 1507.970458984375 1765.573486328125 32 897.3990478515625 1945.2734375 556 800.52569580078125 2236.81494140625 -1 1400.7725830078125 2290.64111328125 472 795.73724365234375 2333.837890625 -1 1309.1888427734375 2408.25390625 644 1437.1470947265625 2489.481689453125 721 1152.4407958984375 2511.18359375 456 2312.61767578125 2642.714111328125 83 2312.61767578125 2642.714111328125 531 1878.3319091796875 2721.6875 -1 1878.3319091796875 2721.6875 429 1445.3175048828125 2758.385009765625 35 1917.6649169921875 2820.20263671875 503 1917.6649169921875 2820.20263671875 502 756.9041748046875 2944.159912109375 45 763.9444580078125 3029.3828125 581 2347.774658203125 3074.54638671875 -1 1200.154052734375 3222.55126953125 -1 1919.5960693359375 3400.90771484375 536 1162.760498046875 1533.2901611328125 78 1426.983642578125 1568.8834228515625 582 1426.983642578125 1568.8834228515625 583 1263.87451171875 1649.138427734375 134 1501.0897216796875 1654.69970703125 538 1016.0404052734375 1993.0350341796875 -1 1064.13330078125 2109.345458984375 585 872.1114501953125 2210.89208984375 586 1684.000732421875 2346.062255859375 -1 1684.000732421875 2346.062255859375 -1 850.49346923828125 2387.3251953125 -1 957.565673828125 2392.793701171875 100 1624.6427001953125 2398.579345703125 -1 943.38916015625 2522.791259765625 107 928.93170166015625 2660.9912109375 43 928.93170166015625 2660.9912109375 542 2304.5234375 2743.421630859375 42 2304.5234375 2743.421630859375 -1 1822.135009765625 2799.90625 36 845.53619384765625 2839.101806640625 -1 2024.8946533203125 2851.07958984375 543 1446.81201171875 2917.572021484375 544 1065.51806640625 2921.216796875 579 1161.279052734375 2934.476806640625 -1 1307.764404296875 3015.30615234375 98 2458.646240234375 3210.62451171875 -1 1303.9716796875 1550.4940185546875 546 1303.9716796875 1550.4940185546875 46 851.03680419921875 2387.68017578125 -1 1503.190673828125 2419.50341796875 590 1420.4512939453125 2610.494873046875 591 1720.3291015625 2661.505126953125 623 1335.2740478515625 2737.636962890625 547 2040.27685546875 2833.954833984375 -1 1554.82470703125 2949.07275390625 592 730.0648193359375 3173.524658203125 723 2466.500732421875 3212.862060546875 -1 2287.20947265625 3385.421875 682 1289.7559814453125 2496.375 490 1166.8524169921875 2736.403076171875 594 1454.7850341796875 3087.999267578125 550 839.88629150390625 3430.851806640625 -1 1470.4500732421875 1736.0262451171875 -1 1470.4500732421875 1736.0262451171875 -1 1014.2962036132812 2436.157958984375 -1 1553.991455078125 2527.020263671875 491 1553.991455078125 2527.020263671875 551 1175.9429931640625 3099.651611328125 51 716.7127685546875 3209.514892578125 -1 2088.141845703125 3361.14208984375 -1 2086.904052734375 2959.03564453125 -1 2244.43994140625 3147.5068359375 600 704.3106689453125 3237.78564453125 -1 2084.569091796875 3380.626708984375 599 1004.2020263671875 2821.948486328125 -1 907.7637939453125 3118.486328125 -1 2099.805908203125 2524.697265625 601 2597.2900390625 2547.5576171875 -1 1232.5985107421875 1738.629638671875 602 1232.5985107421875 1738.629638671875 -1 1717.438232421875 2060.549560546875 -1 1725.608154296875 3218.339599609375 630 1358.0916748046875 3303.22119140625 -1 
85 0.99019231399561158 -0.0857646277880771 0.1101681549912388 -0.0051563116871713947 2.096498841437374 -0.10733197289769086 2.1128991804662238 85 img_090.jpg
1261.33203125 1710.9603271484375 -1 1247.536865234375 1716.1502685546875 558 1242.32373046875 1717.871826171875 -1 1490.9898681640625 1796.2945556640625 -1 1491.943115234375 1800.2696533203125 218 1391.1090087890625 1821.222412109375 -1 1384.9681396484375 1824.652587890625 -1 1278.0355224609375 1866.5037841796875 -1 1212.26806640625 1726.94189453125 -1 677.42340087890625 2925.474365234375 -1 677.28363037109375 2925.4384765625 -1 2795.83056640625 3054.199462890625 -1 2795.83056640625 3054.199462890625 637 1273.8883056640625 1463.8963623046875 561 1181.4488525390625 1503.5950927734375 508 1229.100341796875 1697.5262451171875 54 1198.568115234375 1742.561279296875 -1 1110.2508544921875 1940.315673828125 -1 1139.5863037109375 2039.1395263671875 562 1158.2080078125 2062.0849609375 -1 1203.742431640625 1366.422119140625 -1 1159.833984375 1380.0595703125 610 977.53839111328125 1606.5341796875 509 993.9139404296875 1627.419677734375 510 1081.4422607421875 2027.6915283203125 563 1185.5008544921875 2135.687744140625 6 1185.5008544921875 2135.687744140625 564 1112.6138916015625 2210.037841796875 611 934.96649169921875 2329.27392578125 511 1390.2760009765625 3182.91015625 -1 1296.1910400390625 1504.18994140625 152 1339.9471435546875 1542.46875 512 1041.0185546875 1546.6240234375 555 1499.07080078125 1704.7080078125 513 1061.66015625 1979.0908203125 7 1107.7257080078125 1986.1280517578125 4 1080.5250244140625 2031.19775390625 -1 949.86639404296875 2307.07666015625 514 1067.7080078125 2358.180419921875 604 1049.9991455078125 2382.1552734375 9 837.01318359375 2447.912109375 566 837.01318359375 2447.912109375 515 905.57470703125 2465.59521484375 516 902.2315673828125 2510.43603515625 517 985.3455810546875 2974.42578125 -1 1010.1449584960938 3061.572021484375 -1 996.4136962890625 3098.406494140625 -1 1390.6422119140625 3182.39404296875 567 1067.0885009765625 1567.2308349609375 -1 1444.5828857421875 1617.1165771484375 518 1282.7476806640625 1641.4267578125 56 1263.380126953125 1754.5341796875 12 1202.689453125 1898.6302490234375 -1 1069.6435546875 1910.8802490234375 664 839.5267333984375 1927.1011962890625 569 1182.8428955078125 1953.0933837890625 641 1204.349365234375 2110.02392578125 -1 1204.349365234375 2110.02392578125 -1 906.18011474609375 2402.85302734375 -1 1038.305419921875 2419.25 15 1038.305419921875 2419.25 612 864.978515625 2425.71630859375 -1 924.296142578125 2432.1123046875 463 1865.385498046875 2775.919677734375 -1 1921.857177734375 2907.9619140625 670 957.75860595703125 3005.0439453125 520 979.163330078125 3036.640869140625 -1 2254.08837890625 3084.89111328125 521 1708.505859375 3113.425537109375 570 1708.505859375 3113.425537109375 571 2303.97607421875 3110.43310546875 -1 1025.5906982421875 3163.96630859375 631 984.25506591796875 3168.116943359375 -1 1163.6702880859375 1414.22119140625 572 1131.288818359375 1462.8575439453125 640 1027.917724609375 1555.98095703125 -1 874.1676025390625 2010.4229736328125 523 815.2303466796875 2035.31982421875 573 1049.6876220703125 2455.25 22 989.20849609375 2485.14697265625 468 989.20849609375 2485.14697265625 613 942.19842529296875 2504.24365234375 27 723.5543212890625 2564.048828125 932 1063.1407470703125 2629.421630859375 -1 1023.7578735351562 2673.849609375 29 1086.6920166015625 2921.194580078125 -1 1038.97900390625 3030.658447265625 -1 1174.7572021484375 1948.3759765625 -1 1305.702392578125 2204.49560546875 -1 1369.4534912109375 2240.616455078125 -1 1113.4434814453125 2336.754150390625 467 989.70684814453125 2480.819091796875 468 1034.4219970703125 2578.07177734375 474 752.6807861328125 2683.282470703125 44 752.6807861328125 2683.282470703125 527 744.75982666015625 2756.507568359375 656 1042.866943359375 2764.404541015625 643 2274.240478515625 3085.00634765625 605 1110.1180419921875 3298.13037109375 260 1198.8525390625 1463.80126953125 77 1462.2249755859375 1660.0225830078125 673 1468.8355712890625 1770.646728515625 32 1418.6910400390625 1848.4031982421875 -1 1236.0233154296875 1928.6414794921875 -1 848.60064697265625 1952.3695068359375 556 1334.8892822265625 2302.98291015625 -1 734.2138671875 2346.56103515625 -1 1361.4908447265625 2496.7802734375 -1 1083.446533203125 2520.9423828125 618 2253.579833984375 2653.98681640625 83 2253.579833984375 2653.98681640625 531 1367.2379150390625 2770.84326171875 35 1943.838134765625 2880.428955078125 633 1002.1485595703125 2925.38623046875 579 696.9217529296875 2951.879150390625 45 704.14617919921875 3036.413330078125 581 1381.890380859375 1575.233154296875 582 1381.890380859375 1575.233154296875 583 955.25274658203125 2001.671630859375 584 1011.266357421875 2115.85693359375 585 1306.05517578125 2126.4736328125 -1 818.51824951171875 2213.03955078125 -1 1616.3978271484375 2346.526123046875 -1 787.52398681640625 2396.8896484375 606 889.13848876953125 2401.040771484375 100 875.17816162109375 2530.263671875 107 2241.739013671875 2752.0791015625 587 2241.739013671875 2752.0791015625 -1 1748.8238525390625 2811.041259765625 36 778.37481689453125 2847.8193359375 402 1097.857177734375 2952.13037109375 -1 1227.609375 3024.949462890625 98 676.942626953125 3135.98974609375 -1 1027.119140625 3218.97412109375 -1 1231.4053955078125 1041.67822265625 -1 1258.766845703125 1555.37353515625 546 1221.131103515625 1670.44921875 589 1318.3326416015625 1808.560791015625 608 1308.942138671875 2118.810791015625 -1 1431.918701171875 2430.869384765625 590 1340.8779296875 2621.36767578125 591 1647.5897216796875 2672.6171875 41 1254.8746337890625 2747.780517578125 547 1968.5723876953125 2850.77783203125 -1 1366.0595703125 2924.9140625 544 1476.37841796875 2960.060546875 592 1821.593505859375 2980.482666015625 -1 1380.1859130859375 3100.04736328125 550 671.9027099609375 3163.41552734375 -1 2228.732666015625 3404.646484375 -1 1216.7322998046875 2503.281982421875 683 1089.23974609375 2742.2744140625 594 2128.25341796875 2757.82568359375 -1 1814.395263671875 3405.509765625 -1 1431.051025390625 1740.638427734375 -1 1431.051025390625 1740.638427734375 -1 950.1641845703125 2434.206787109375 -1 1478.6185302734375 2534.19140625 -1 1478.6185302734375 2534.19140625 551 2103.1259765625 2760.31201171875 -1 1095.0413818359375 3111.465087890625 51 654.868896484375 3233.090576171875 -1 1347.89453125 1173.22802734375 -1 2018.5755615234375 2974.837646484375 -1 2013.9864501953125 3396.469482421875 599 931.29547119140625 2841.3759765625 -1 844.369384765625 3107.7890625 628 844.369384765625 3107.7890625 629 2184.9521484375 3164.83154296875 600 779.49468994140625 3767.87890625 -1 328.12359619140625 2192.073974609375 -1 2045.9493408203125 2536.780029296875 146 1192.7435302734375 1741.2674560546875 602 1192.7435302734375 1741.2674560546875 -1 1074.0255126953125 2246.720458984375 -1 1752.783203125 2024.824462890625 -1 1648.9718017578125 3229.985595703125 630 
84 0.98792077824436997 -0.086967857172479027 0.12823422708510179 -0.0022606936440442292 2.0133244231378784 -0.092481024503950959 2.0766710967495778 84 img_089.jpg
1398.86474609375 1711.122314453125 -1 1404.153076171875 1711.044677734375 -1 1249.9114990234375 1720.5186767578125 -1 1213.703125 1739.5 -1 1304.2188720703125 1870.548828125 -1 1240.4559326171875 1892.8363037109375 -1 1224.6390380859375 1908.3896484375 -1 1226.6265869140625 1911.160888671875 -1 1211.2998046875 1923.641845703125 -1 1298.9395751953125 1712.6844482421875 -1 1206.7935791015625 1744.4051513671875 -1 1192.0841064453125 1747.4627685546875 -1 1192.0841064453125 1747.4627685546875 -1 1216.5567626953125 1923.343994140625 -1 40.97674560546875 4075.209228515625 -1 2749.970458984375 3053.05712890625 -1 1179.51318359375 1505.24609375 -1 1334.6219482421875 1611.633544921875 634 1226.752197265625 1706.171142578125 54 1161.585693359375 2087.790283203125 -1 964.094970703125 2156.94921875 -1 976.34210205078125 2180.25927734375 660 2793.627685546875 3087.128662109375 -1 2793.627685546875 3087.128662109375 -1 1276.0010986328125 1470.020751953125 561 1317.1279296875 1550.528076171875 -1 1186.663330078125 1760.306396484375 -1 1044.1365966796875 2010.112060546875 635 999.92047119140625 2043.3134765625 -1 777.9681396484375 2324.31494140625 638 908.76885986328125 2334.771728515625 511 1197.43603515625 1374.7310791015625 -1 1161.7750244140625 1385.94775390625 610 993.32379150390625 1634.0147705078125 510 1059.1339111328125 1988.915283203125 7 1074.46728515625 2035.3543701171875 563 1180.698486328125 2043.8480224609375 -1 945.14306640625 2139.576904296875 -1 1178.38232421875 2146.105224609375 6 1178.38232421875 2146.105224609375 564 1087.6845703125 2218.03369140625 611 864.11114501953125 2446.45751953125 443 962.32208251953125 3027.6708984375 -1 946.3453369140625 3074.872314453125 -1 2211.76123046875 3107.843017578125 -1 953.5543212890625 3167.227783203125 -1 1235.1837158203125 1373.8330078125 -1 1305.2156982421875 1434.6982421875 -1 1300.4278564453125 1515.1300048828125 773 1340.9720458984375 1546.6998291015625 512 1044.2935791015625 1551.355712890625 555 1446.7193603515625 1622.0931396484375 518 1284.4351806640625 1646.694580078125 56 1503.3544921875 1712.616943359375 513 1103.3529052734375 1992.753662109375 4 1078.0048828125 2009.8280029296875 5 1179.483154296875 2042.6290283203125 -1 922.42169189453125 2314.9033203125 514 1035.455322265625 2367.796875 604 1016.1588134765625 2390.1591796875 9 813.25616455078125 2456.089111328125 515 813.25616455078125 2456.089111328125 566 870.892822265625 2517.669189453125 517 1677.2550048828125 3135.244873046875 570 1677.2550048828125 3135.244873046875 571 982.1103515625 3170.3671875 631 1418.610595703125 1551.456298828125 -1 1065.5052490234375 1921.7620849609375 664 840.6834716796875 1935.1456298828125 569 812.86273193359375 2039.2298583984375 -1 1193.9471435546875 2116.251953125 668 912.05035400390625 2371.345703125 -1 1002.9501953125 2428.027587890625 15 1002.9501953125 2428.027587890625 612 838.599609375 2432.6455078125 -1 893.60797119140625 2440.133056640625 463 971.00018310546875 2978.921630859375 690 1164.7767333984375 1419.677001953125 572 1164.7767333984375 1419.677001953125 639 1203.4234619140625 1899.655029296875 -1 1178.3572998046875 1961.5125732421875 641 869.17230224609375 2017.197509765625 523 1456.3265380859375 2285.35498046875 -1 1010.9098510742188 2467.78125 22 954.67919921875 2492.691650390625 468 954.67919921875 2492.691650390625 613 908.998779296875 2511.675537109375 27 769.04925537109375 2526.58251953125 28 699.39959716796875 2570.814453125 932 880.8980712890625 2611.53271484375 67 1006.7606201171875 2637.35546875 575 982.38006591796875 2682.78515625 29 716.3193359375 2759.291015625 525 716.3193359375 2759.291015625 656 999.55975341796875 2771.903564453125 -1 1845.32080078125 2826.42724609375 -1 633.6842041015625 3053.37646484375 526 2250.97119140625 3109.69775390625 -1 1440.5230712890625 1846.169189453125 -1 1202.1868896484375 1897.37548828125 -1 1174.61328125 1953.9296875 -1 1346.9501953125 2253.690185546875 -1 995.60009765625 2587.255126953125 474 1001.1473388671875 2773.23193359375 -1 1018.5845947265625 2821.076904296875 -1 982.93182373046875 2866.289794921875 -1 971.73455810546875 2926.1220703125 632 2254.45947265625 3109.411865234375 -1 1197.74609375 1471.160888671875 -1 1464.23876953125 1668.112060546875 673 1475.8494873046875 1777.42529296875 32 847.7789306640625 1959.556640625 556 1297.7652587890625 2312.144775390625 -1 707.15960693359375 2362.69921875 674 857.9964599609375 2412.6181640625 675 1042.5936279296875 2456.1162109375 617 1318.640380859375 2505.876220703125 -1 1038.9793701171875 2531.16357421875 456 1320.9239501953125 2782.4326171875 35 1909.05078125 2904.672607421875 633 677.605224609375 2957.402587890625 45 685.09521484375 3040.805908203125 581 1428.806640625 3109.760986328125 -1 2272.356201171875 3110.42041015625 -1 2367.26220703125 3229.8046875 -1 2029.7322998046875 3294.790771484375 -1 738.252197265625 3391.343994140625 -1 1118.3909912109375 1548.0799560546875 -1 1381.900146484375 1581.902099609375 582 1381.900146484375 1581.902099609375 583 943.38970947265625 2011.174560546875 584 1000.6398315429688 2118.900390625 -1 810.79541015625 2220.081298828125 -1 766.31414794921875 2405.709228515625 606 1194.74560546875 2427.36083984375 644 845.276123046875 2539.736083984375 107 2237.737060546875 2673.376953125 83 2237.737060546875 2673.376953125 531 2222.706298828125 2771.5087890625 587 2222.706298828125 2771.5087890625 -1 1706.352783203125 2826.507568359375 36 1176.36279296875 3036.384765625 98 1257.0982666015625 1561.12451171875 546 1279.815185546875 1934.7069091796875 -1 950.43768310546875 2002.325927734375 -1 1390.375 2174.783203125 -1 1297.283203125 2632.49560546875 591 1607.6529541015625 2685.6376953125 41 1214.201416015625 2748.453369140625 646 1777.1207275390625 2990.217041015625 624 1337.7342529296875 3116.913818359375 712 2212.14697265625 3434.1123046875 682 1170.846923828125 2513.82958984375 683 1046.955810546875 2745.623046875 684 1447.1358642578125 2991.685546875 -1 1768.9136962890625 3453.51708984375 -1 1428.0516357421875 1755.096923828125 -1 920.94415283203125 2443.91015625 -1 1437.5184326171875 2545.22607421875 649 2097.181640625 2781.4248046875 794 1048.8831787109375 3122.646728515625 -1 1048.8831787109375 3122.646728515625 51 628.2984619140625 3256.80908203125 -1 1984.6778564453125 2996.44873046875 -1 613.42645263671875 3276.235595703125 -1 1981.2593994140625 3432.989501953125 -1 395.60781860351562 2211.22216796875 -1 900.20263671875 2876.38818359375 -1 820.66351318359375 3118.244140625 628 820.66351318359375 3118.244140625 629 2158.710205078125 3191.870361328125 600 1194.06787109375 1739.91796875 -1 1078.4888916015625 2264.787353515625 -1 396.98440551757812 2541.48974609375 -1 2040.4891357421875 2536.439697265625 693 2605.9853515625 2600.577880859375 -1 1829.3529052734375 2002.227783203125 -1 1601.3870849609375 3253.31298828125 630 
82 0.9816352927503984 -0.089126414426293807 0.16865403427161746 0.0021097398561050877 1.821704453762748 -0.088476158316878134 1.8726885535367921 82 img_087.jpg
1240.3604736328125 1727.14404296875 -1 1196.2904052734375 1755.7943115234375 -1 1417.635498046875 1828.753662109375 -1 1402.960205078125 1834.538818359375 -1 1378.40771484375 1850.5560302734375 -1 1334.1851806640625 1869.9029541015625 -1 1307.29443359375 1873.6922607421875 -1 1295.42333984375 1876.86865234375 -1 1290.084228515625 1877.975830078125 -1 1259.4306640625 1890.882080078125 -1 1256.06396484375 1897.302490234375 -1 1248.9613037109375 1899.686279296875 -1 1245.88916015625 1907.8458251953125 -1 1234.7835693359375 1918.3204345703125 -1 1287.0946044921875 1658.5867919921875 -1 1193.7393798828125 1752.7374267578125 -1 1403.002685546875 1838.755859375 -1 1300.0523681640625 1875.3873291015625 -1 1242.335205078125 1906.080810546875 -1 1220.79296875 1928.88916015625 -1 1256.23974609375 1500.08056640625 -1 952.58428955078125 2183.614990234375 660 1248.5970458984375 1535.6090087890625 694 1341.881103515625 1617.8214111328125 634 1043.3135986328125 2015.339599609375 635 946.83843994140625 2155.193603515625 744 1107.7900390625 1942.47705078125 857 1023.5402221679688 2017.4102783203125 -1 1160.38525390625 2175.3408203125 -1 2785.50927734375 3148.572509765625 637 1284.7401123046875 1475.956298828125 561 1286.9117431640625 1651.5631103515625 56 1057.283935546875 1993.64501953125 7 1143.495361328125 2104.34814453125 507 1143.495361328125 2104.34814453125 -1 1135.370849609375 2127.572998046875 -1 1168.9000244140625 2155.290771484375 564 1168.9000244140625 2155.290771484375 -1 1039.6693115234375 2223.584228515625 611 873.35247802734375 2316.212158203125 514 756.266357421875 2323.014892578125 638 952.71258544921875 2391.81982421875 663 819.4600830078125 2470.955078125 516 617.7138671875 2935.330078125 -1 1326.7388916015625 2959.388916015625 -1 1326.7388916015625 2959.388916015625 -1 1170.7003173828125 1392.675048828125 610 1305.9388427734375 1518.36572265625 152 1347.161865234375 1546.660400390625 753 1046.05224609375 1560.1312255859375 555 1209.225830078125 1704.7852783203125 699 1101.421875 1997.5302734375 4 1073.954833984375 2014.39306640625 5 1067.68994140625 2041.6768798828125 563 1184.515869140625 2052.4013671875 -1 967.47137451171875 2370.932861328125 604 768.60919189453125 2452.94921875 566 768.60919189453125 2452.94921875 515 939.58819580078125 2982.98193359375 690 1063.5595703125 1585.896728515625 568 1459.093017578125 1628.12158203125 518 1517.71875 1716.8214111328125 861 1517.71875 1716.8214111328125 -1 852.42706298828125 1938.388427734375 569 838.791748046875 2443.2939453125 463 934.015869140625 2472.968505859375 524 887.01251220703125 2496.167236328125 468 887.01251220703125 2496.167236328125 613 848.64508056640625 2510.676513671875 27 662.65924072265625 2569.532470703125 932 1175.203857421875 1426.8992919921875 639 1175.203857421875 1426.8992919921875 572 1332.5760498046875 1447.2628173828125 701 1387.4879150390625 1467.74365234375 730 1140.04345703125 1477.508056640625 640 1187.586181640625 1968.4544677734375 641 871.06402587890625 2020.974853515625 523 802.36273193359375 2564.39794921875 700 1617.6097412109375 2572.640625 -1 822.7757568359375 2611.8046875 67 933.017578125 2642.172607421875 575 905.12933349609375 2685.609130859375 29 678.6956787109375 2756.686279296875 656 678.6956787109375 2756.686279296875 698 919.066650390625 2773.980712890625 643 935.31842041015625 2829.689697265625 757 927.24176025390625 2918.283447265625 669 875.834228515625 3156.9482421875 702 1620.427490234375 2567.54638671875 -1 920.22857666015625 2590.400390625 474 2337.271484375 2851.179443359375 -1 1298.0677490234375 2932.859375 -1 653.69598388671875 3031.816650390625 581 1203.09912109375 1479.368896484375 672 1462.6964111328125 1668.9434814453125 538 1478.645751953125 1784.76416015625 -1 856.67919921875 1964.9200439453125 556 678.45416259765625 2370.381591796875 -1 733.03155517578125 2407.72119140625 606 813.65216064453125 2410.94775390625 100 1109.6915283203125 2430.7998046875 644 969.6119384765625 2459.813232421875 617 1236.278076171875 2522.5908203125 721 793.07330322265625 2542.979248046875 731 1223.72265625 2790.227294921875 35 1821.159423828125 2946.8505859375 -1 927.056884765625 2017.58984375 584 988.64312744140625 2107.157958984375 -1 800.92950439453125 2215.134521484375 703 1215.9669189453125 2215.855712890625 -1 1477.5157470703125 2223.178955078125 -1 1225.0279541015625 2315.315185546875 616 1225.0279541015625 2315.315185546875 677 2197.87109375 2701.8515625 83 2197.87109375 2701.8515625 531 708.37664794921875 2755.2626953125 678 1614.3109130859375 2846.9296875 36 1719.23828125 2872.227783203125 503 1226.024169921875 2942.49853515625 734 656.72216796875 2949.31640625 -1 884.3953857421875 3031.70849609375 -1 1075.5242919921875 3046.228271484375 98 1728.4456787109375 3065.630126953125 708 1339.8934326171875 3113.124755859375 709 705.4681396484375 3219.24072265625 -1 1262.1514892578125 1566.29296875 546 1446.1822509765625 1882.212646484375 -1 1289.066650390625 1938.2933349609375 710 1111.2464599609375 2343.266357421875 -1 1041.6749267578125 2549.618896484375 -1 1546.7813720703125 2571.7587890625 -1 1514.5771484375 2698.709228515625 41 1118.9530029296875 2757.39892578125 646 1709.9810791015625 3470.01611328125 724 2179.00537109375 3484.5849609375 658 1590.8927001953125 1487.2158203125 -1 1428.814453125 1565.3052978515625 -1 1451.029541015625 2411.324951171875 -1 1193.35107421875 2636.638916015625 736 965.90631103515625 2748.974365234375 684 961.39825439453125 3130.71240234375 686 1233.412109375 3125.190185546875 550 607.03009033203125 3187.33740234375 -1 1439.837646484375 1749.8646240234375 747 1439.837646484375 1749.8646240234375 -1 1575.1165771484375 2347.126220703125 -1 1349.3272705078125 2552.9716796875 649 599.26971435546875 3217.14892578125 -1 1364.85400390625 1968.9671630859375 -1 1901.89892578125 3033.007080078125 797 775.12420654296875 3103.89208984375 767 775.12420654296875 3103.89208984375 718 586.82403564453125 3243.0263671875 -1 2103.06005859375 3232.00634765625 600 1909.39794921875 3490.911376953125 726 733.29400634765625 3757.517578125 -1 1177.727294921875 1743.1326904296875 -1 1067.026611328125 2280.757568359375 689 424.75408935546875 2529.465576171875 -1 1992.9012451171875 2548.937744140625 693 1994.8680419921875 2019.3924560546875 -1 1511.220947265625 3267.623779296875 688 1277.809326171875 3384.875 -1 
83 0.98536357065253288 -0.088637795764542338 0.14560792736688308 -0.00055342643115029232 1.8312489151425129 -0.093535923541489444 2.0029646136798034 83 img_088.jpg
1212.3543701171875 1714.8609619140625 -1 1158.6485595703125 1727.098876953125 -1 1351.494873046875 1823.0318603515625 -1 1326.5565185546875 1835.2520751953125 -1 1225.259521484375 1875.315673828125 -1 1201.87841796875 1879.2420654296875 -1 1183.317138671875 1887.5611572265625 -1 1187.4407958984375 1888.1348876953125 -1 1167.9691162109375 1905.945068359375 -1 1191.3387451171875 1718.9490966796875 -1 1291.1837158203125 1853.8297119140625 -1 1208.2044677734375 1876.939208984375 -1 1212.874267578125 1654.8004150390625 -1 1298.3232421875 1844.8936767578125 -1 1298.383544921875 1849.927978515625 -1 1298.9483642578125 1850.9222412109375 -1 1152.280029296875 1923.6671142578125 -1 1117.8046875 1751.2943115234375 -1 1213.79736328125 1635.6053466796875 -1 976.0125732421875 2014.757080078125 787 1174.488037109375 1530.8853759765625 694 960.23443603515625 2012.3885498046875 -1 882.26141357421875 2180.94482421875 660 2664.876708984375 3079.765625 -1 2664.876708984375 3079.765625 -1 1207.1778564453125 1471.5179443359375 561 1151.11279296875 1706.399169921875 54 910.9993896484375 2053.64404296875 722 1051.1378173828125 2070.346435546875 -1 1051.1378173828125 2070.346435546875 661 1110.0718994140625 2139.245849609375 -1 975.2325439453125 2220.77685546875 611 684.6494140625 2323.421630859375 638 799.02972412109375 2335.6484375 511 865.50701904296875 3023.794189453125 -1 2703.739501953125 3115.18017578125 637 1558.792236328125 3151.423095703125 -1 1092.7357177734375 1389.5501708984375 -1 1212.5321044921875 1647.7301025390625 56 1182.570556640625 1731.4913330078125 806 1256.970703125 1741.6009521484375 -1 980.97845458984375 1989.900634765625 7 996.63055419921875 2036.2529296875 563 1097.34912109375 2150.95849609375 6 1097.34912109375 2150.95849609375 564 810.341552734375 2315.617431640625 514 896.7822265625 2390.761474609375 663 758.81103515625 2471.64306640625 516 879.99505615234375 3041.099365234375 -1 2103.0263671875 3125.186767578125 -1 1094.3172607421875 1388.0526123046875 610 1228.31884765625 1512.3798828125 152 1272.2608642578125 1547.354248046875 512 1190.4019775390625 1760.063720703125 12 993.0948486328125 1925.8951416015625 664 979.49139404296875 1988.8271484375 7 1026.8800048828125 1994.985595703125 4 1000.03076171875 2011.81396484375 5 1107.73974609375 2046.4471435546875 -1 910.59619140625 2369.6640625 604 871.92901611328125 2434.19091796875 612 871.92901611328125 2434.19091796875 -1 705.6888427734375 2456.897216796875 515 750.56951904296875 2519.208740234375 517 1266.32958984375 2954.64990234375 -1 1266.32958984375 2954.64990234375 -1 874.46392822265625 2981.032958984375 690 1259.481201171875 1445.0186767578125 667 987.482666015625 1579.9434814453125 568 1383.880126953125 1623.4881591796875 518 1133.9114990234375 1698.1214599609375 699 1470.5146484375 1776.5980224609375 -1 1116.605712890625 2121.701171875 668 778.13812255859375 2442.427490234375 463 829.97894287109375 2498.347412109375 -1 829.97894287109375 2498.347412109375 -1 908.22314453125 3016.059814453125 -1 1098.6458740234375 1421.102294921875 639 1098.6458740234375 1421.102294921875 572 1060.66943359375 1471.7816162109375 640 1111.3145751953125 1967.5162353515625 641 792.15740966796875 2018.2315673828125 523 1335.581298828125 2286.53662109375 -1 884.28759765625 2467.6669921875 524 789.68768310546875 2512.468017578125 27 662.5255126953125 2527.416259765625 28 596.4371337890625 2572.314208984375 932 851.45269775390625 2685.008056640625 29 863.86273193359375 2919.101318359375 669 1761.8734130859375 2945.101806640625 670 936.53143310546875 3322.417724609375 745 1256.708984375 1453.4610595703125 -1 951.42999267578125 2348.4775390625 467 1562.2154541015625 2555.19775390625 -1 866.27911376953125 2589.669677734375 474 869.5286865234375 2775.63330078125 643 1768.1568603515625 2937.099365234375 704 2142.962158203125 3126.64111328125 -1 1123.73388671875 1475.4415283203125 -1 1390.2955322265625 1669.388671875 538 773.688720703125 1962.916015625 556 1358.0592041015625 2214.96240234375 -1 611.5343017578125 2366.856689453125 674 664.579345703125 2406.47509765625 606 751.46990966796875 2409.5234375 100 1061.1932373046875 2428.094482421875 644 915.49530029296875 2458.50341796875 617 1187.681640625 2517.472412109375 721 731.0184326171875 2540.578857421875 107 2131.12255859375 2685.913818359375 83 2131.12255859375 2685.913818359375 531 1178.1405029296875 2788.860107421875 35 1255.9271240234375 2910.186767578125 -1 588.247314453125 3038.938232421875 581 2267.694580078125 3254.71728515625 -1 1404.517333984375 1783.2330322265625 -1 1347.94775390625 1866.7669677734375 -1 1201.51123046875 1929.37548828125 -1 916.4327392578125 2111.514404296875 -1 723.74078369140625 2215.133544921875 703 1172.0565185546875 2312.11669921875 616 1172.0565185546875 2312.11669921875 677 646.82550048828125 2756.0908203125 678 1569.2574462890625 2835.19970703125 36 1669.2977294921875 2857.814697265625 503 1793.2325439453125 2911.14501953125 -1 587.92816162109375 2952.91455078125 -1 1034.30322265625 3041.6416015625 98 1294.69140625 3108.440185546875 709 636.85302734375 3418.739990234375 -1 1456.301025390625 1503.2786865234375 -1 1186.9439697265625 1562.4263916015625 546 1335.5531005859375 1569.9117431640625 -1 1154.680908203125 1680.3902587890625 589 1258.422607421875 1814.820068359375 -1 1210.0704345703125 1936.6717529296875 -1 1071.216064453125 2344.2490234375 681 1386.3468017578125 2396.094482421875 -1 1503.5250244140625 2576.369873046875 -1 1472.3515625 2693.076904296875 41 1073.9859619140625 2752.906005859375 646 1178.2520751953125 2944.4169921875 544 1638.8629150390625 3003.63134765625 624 1648.8499755859375 3463.146484375 -1 2116.87255859375 3459.1923828125 658 835.47332763671875 1664.380126953125 -1 1035.42333984375 2516.626220703125 -1 1150.6983642578125 2636.147705078125 591 916.91986083984375 2744.494384765625 684 2019.85009765625 2792.87744140625 -1 913.1343994140625 3128.463134765625 686 1189.8228759765625 3120.489013671875 550 1371.8955078125 1751.0703125 -1 1371.8955078125 1751.0703125 -1 1268.385009765625 1952.8685302734375 -1 1302.1754150390625 2549.134765625 649 1849.9930419921875 3017.38330078125 797 715.84979248046875 3113.375732421875 -1 715.84979248046875 3113.375732421875 628 1861.69970703125 3459.6787109375 798 2043.15087890625 3210.629150390625 600 1172.2353515625 1312.8043212890625 -1 1104.302001953125 1738.745849609375 749 1000.6438598632812 2275.27880859375 -1 340.90631103515625 2526.013916015625 -1 1939.5643310546875 2538.5244140625 -1 1886.03466796875 1990.63818359375 -1 1466.800048828125 3259.49755859375 630 
81 0.97598155275109666 -0.086761046466006755 0.19978390744723093 0.0043496931843677389 1.8000533830640204 -0.090694574225513594 1.8378667937607955 81 img_086.jpg
1620.1121826171875 1692.3480224609375 -1 1347.0601806640625 1723.7239990234375 739 1487.3785400390625 1842.8922119140625 -1 1475.0821533203125 1844.74609375 -1 1469.274169921875 1848.3665771484375 -1 1470.0908203125 1851.5526123046875 -1 1453.6383056640625 1856.2718505859375 -1 1457.00830078125 1858.3702392578125 -1 1374.57958984375 1880.4990234375 -1 1332.41259765625 1915.176025390625 -1 1353.80908203125 1899.334228515625 -1 1387.5087890625 1636.347412109375 -1 1345.7618408203125 1531.9180908203125 -1 1439.5015869140625 1609.06005859375 634 1379.2908935546875 1661.563720703125 -1 1048.72998046875 2176.29833984375 660 1140.2835693359375 2010.272216796875 635 1136.0921630859375 2022.8914794921875 -1 1086.982177734375 2048.9697265625 722 1074.6676025390625 2066.83837890625 -1 1064.0479736328125 2086.534912109375 -1 1049.6051025390625 2124.154052734375 -1 1261.2532958984375 2171.0576171875 -1 1100.508056640625 2198.001708984375 728 1273.82861328125 1508.779296875 -1 1527.307373046875 1606.5404052734375 -1 1282.49560546875 1762.209228515625 -1 1196.2503662109375 2032.8458251953125 696 1265.73486328125 2110.938232421875 -1 1234.0172119140625 2117.8603515625 -1 853.806396484375 2315.782470703125 638 2216.989501953125 2666.75390625 388 1388.7630615234375 1472.760498046875 561 1496.8902587890625 1606.12158203125 -1 1382.5601806640625 1648.0545654296875 899 1168.956787109375 1939.4122314453125 750 1157.316650390625 1987.014892578125 7 1173.9656982421875 2011.384521484375 5 1027.8507080078125 2140.135009765625 -1 1266.82421875 2153.64208984375 740 1266.82421875 2153.64208984375 -1 1127.4423828125 2217.73583984375 611 961.7718505859375 2307.37451171875 514 1034.8631591796875 2381.395263671875 663 713.2786865234375 2932.040771484375 697 1403.0489501953125 1510.523193359375 152 1448.3468017578125 1543.0194091796875 753 1623.18310546875 1707.0106201171875 513 1200.475830078125 1993.976806640625 4 1286.0108642578125 2048.763671875 665 1024.427490234375 2142.665771484375 -1 1047.800537109375 2361.09521484375 604 861.806884765625 2443.468994140625 515 899.12628173828125 2504.758544921875 517 770.36761474609375 2734.781494140625 -1 1162.2369384765625 1584.68017578125 568 1448.7750244140625 1591.7554931640625 754 1305.1473388671875 1698.1038818359375 699 924.2010498046875 2431.366455078125 463 969.3106689453125 2483.960693359375 468 969.3106689453125 2483.960693359375 613 933.7269287109375 2498.478759765625 27 762.21942138671875 2554.74951171875 932 891.70098876953125 2553.77490234375 700 1015.5065307617188 2901.111083984375 669 1041.1055908203125 3295.048583984375 -1 1277.53271484375 1423.154541015625 639 1277.53271484375 1423.154541015625 572 1438.505615234375 1441.4537353515625 701 1487.060546875 1456.9166259765625 -1 1235.6470947265625 1473.28369140625 640 1289.6820068359375 1967.55859375 -1 950.952392578125 1980.739501953125 -1 950.952392578125 1980.739501953125 756 980.093505859375 2015.988525390625 729 1288.8424072265625 2118.52099609375 668 1222.5284423828125 2257.006103515625 -1 994.84613037109375 2284.373779296875 -1 984.4984130859375 2670.803466796875 29 997.3016357421875 2758.409423828125 643 1872.26708984375 2960.8671875 -1 949.78631591796875 3133.155029296875 702 1282.58447265625 1421.509033203125 -1 1490.9136962890625 1459.8499755859375 730 899.4735107421875 2404.031494140625 675 1305.7862548828125 2512.62109375 721 997.41278076171875 2577.37744140625 474 753.50787353515625 3012.595458984375 -1 1299.9678955078125 1476.9996337890625 672 1651.8514404296875 1707.3885498046875 -1 1587.4378662109375 1778.0517578125 780 962.7742919921875 1959.5987548828125 556 905.6180419921875 2208.211181640625 703 770.48876953125 2367.744873046875 742 828.50244140625 2397.796142578125 606 1189.6663818359375 2420.0791015625 -1 1051.1883544921875 2451.340576171875 617 883.7154541015625 2533.261474609375 731 1715.5311279296875 2568.103759765625 -1 1288.5511474609375 2779.409423828125 35 1371.8397216796875 2940.248046875 -1 1881.5045166015625 2946.461669921875 704 988.76263427734375 3008.326416015625 -1 1142.4801025390625 3029.993896484375 -1 2289.7939453125 3146.786376953125 -1 2059.393798828125 3342.62158203125 -1 1574.689453125 1664.403564453125 -1 1638.749267578125 1837.695556640625 -1 1089.5389404296875 2096.55078125 -1 1306.816162109375 2215.55419921875 -1 1295.8348388671875 2305.37353515625 616 1295.8348388671875 2305.37353515625 677 2275.354248046875 2701.44287109375 83 2275.354248046875 2701.44287109375 531 803.3321533203125 2737.95703125 678 1675.25927734375 2837.073974609375 36 755.91864013671875 2930.2548828125 45 1293.8082275390625 2931.56396484375 734 1788.3017578125 3060.63623046875 708 1408.510498046875 3096.894287109375 709 1061.6207275390625 3230.5068359375 -1 1360.6591796875 1560.99609375 546 1507.7744140625 1568.957763671875 -1 1395.5074462890625 1936.4755859375 880 1632.4630126953125 2216.094970703125 -1 1629.4522705078125 2580.143310546875 711 1629.4522705078125 2580.143310546875 -1 1255.6695556640625 2625.57958984375 736 1579.619873046875 2689.8779296875 41 1186.86767578125 2746.150146484375 -1 1290.029052734375 2930.95751953125 544 1302.9632568359375 3114.28271484375 712 1302.9632568359375 3114.28271484375 -1 716.87774658203125 3144.6162109375 -1 1769.5474853515625 3460.362060546875 724 2249.94970703125 3488.2626953125 682 1752.5943603515625 1544.1068115234375 -1 1752.5943603515625 1544.1068115234375 -1 1541.687744140625 2422.7490234375 -1 1541.687744140625 2422.7490234375 -1 1045.215087890625 2730.312744140625 684 958.77984619140625 2989.4658203125 -1 1034.0394287109375 3113.6220703125 -1 1198.024658203125 1452.42919921875 -1 1532.7283935546875 1748.4189453125 -1 1416.939697265625 2544.377197265625 649 1954.91162109375 3035.156982421875 -1 864.97088623046875 3080.325439453125 767 1740.5592041015625 2371.0908203125 -1 1740.5592041015625 2371.0908203125 -1 1965.5703125 3033.1279296875 -1 861.55035400390625 3077.317138671875 767 861.55035400390625 3077.317138671875 718 1765.8115234375 806.32861328125 725 2173.987060546875 3231.221923828125 600 886.01715087890625 3270.987548828125 -1 1990.4686279296875 3487.1171875 726 1990.4686279296875 3487.1171875 825 855.9759521484375 3769.0419921875 -1 2056.989990234375 2143.510498046875 -1 2491.578857421875 2533.02880859375 -1 1285.5582275390625 1739.0733642578125 749 2134.254150390625 2088.20751953125 -1 524.754638671875 2532.935546875 -1 1148.5966796875 2276.54248046875 -1 1557.6431884765625 3291.116455078125 -1 435.806884765625 2631.248291015625 -1 2485.05517578125 1983.83837890625 -1 
80 0.96797359008019102 -0.081930585383673149 0.23714042263764259 0.0088841452709521214 1.8228965248816658 -0.11699491171302374 1.6864279753490061 80 img_085.jpg
1564.572021484375 1674.6407470703125 -1 1506.3577880859375 1686.7454833984375 739 1669.4254150390625 1792.23828125 -1 1647.0291748046875 1804.3114013671875 -1 1642.456298828125 1808.5902099609375 -1 1524.953369140625 1854.2449951171875 -1 1490.918701171875 1888.854736328125 -1 1330.4576416015625 1985.4559326171875 -1 1513.906494140625 1684.5433349609375 -1 1678.181640625 1791.9161376953125 -1 1508.0816650390625 1871.6800537109375 -1 1537.9478759765625 1621.072998046875 -1 1481.74560546875 1700.143310546875 802 1289.5599365234375 1984.788818359375 727 1494.6363525390625 1696.031494140625 -1 1307.825439453125 1974.387939453125 635 1262.4320068359375 1996.0069580078125 836 1262.4320068359375 1996.0069580078125 803 1206.237060546875 2105.35693359375 744 887.05523681640625 2859.93017578125 -1 1644.66796875 1465.7354736328125 -1 1690.1573486328125 1566.8980712890625 -1 1206.0272216796875 2130.753662109375 -1 1252.3372802734375 2158.0205078125 728 1015.7384643554688 2274.7802734375 638 2350.205078125 2652.365966796875 -1 1550.986083984375 1433.99658203125 561 1456.4814453125 1463.3695068359375 770 1662.14501953125 1565.3592529296875 -1 1680.02978515625 1584.92041015625 771 1543.27294921875 1610.607421875 899 1318.3970947265625 1950.4073486328125 7 1335.623046875 1974.125 5 1385.477783203125 2000.6690673828125 751 1276.111572265625 2177.630859375 611 1115.0814208984375 2264.36328125 514 1180.5592041015625 2338.989501953125 663 1056.3387451171875 2413.850341796875 772 1056.3387451171875 2413.850341796875 516 1015.4835815429688 2518.834228515625 -1 1440.044189453125 1350.5765380859375 -1 1581.83544921875 1450.4884033203125 769 1567.01904296875 1471.6217041015625 152 1311.1458740234375 1523.8326416015625 555 1789.518310546875 1666.5670166015625 513 1316.5401611328125 1948.7322998046875 7 1362.7083740234375 1958.1624755859375 4 1448.3975830078125 2013.326171875 665 1424.6734619140625 2115.821044921875 740 1424.6734619140625 2115.821044921875 -1 1192.5523681640625 2317.842041015625 604 1075.87451171875 2385.720947265625 463 1150.3438720703125 2383.24853515625 612 1019.131591796875 2398.019775390625 515 1045.0184326171875 2508.859130859375 700 1610.4461669921875 1407.8992919921875 -1 1612.651611328125 1502.6356201171875 753 1325.5240478515625 1551.158447265625 568 1611.37353515625 1552.996826171875 754 1467.4007568359375 1660.8197021484375 699 1119.9891357421875 1942.75439453125 756 1117.06689453125 2438.443115234375 468 1117.06689453125 2438.443115234375 613 1083.5379638671875 2452.5732421875 27 922.10406494140625 2508.720458984375 932 1199.2847900390625 2913.093017578125 -1 1174.8758544921875 3243.220458984375 -1 1440.8310546875 1387.3197021484375 639 1440.8310546875 1387.3197021484375 572 1399.7637939453125 1437.5643310546875 640 1453.2725830078125 1932.843505859375 809 1145.4256591796875 1979.8812255859375 523 1225.0245361328125 2298.71044921875 467 1051.2928466796875 2364.0283203125 675 1836.2371826171875 2541.69140625 -1 1128.0947265625 2622.91796875 29 1090.96484375 3076.950927734375 702 1278.84765625 3135.240234375 -1 1665.289306640625 1426.43994140625 866 1071.92431640625 2169.924560546875 703 939.4696044921875 2325.63720703125 -1 1748.0250244140625 2421.785400390625 -1 1439.519287109375 2475.86376953125 776 1142.31689453125 2531.103271484375 474 915.12213134765625 2960.37158203125 -1 1463.1123046875 1441.0728759765625 672 1692.2330322265625 1818.53173828125 577 989.5211181640625 2353.9873046875 606 1194.552978515625 2407.455078125 617 1034.6722412109375 2481.95849609375 107 1876.343994140625 2715.61865234375 732 2015.167236328125 2912.82080078125 704 1146.1380615234375 2952.168701171875 -1 1276.6820068359375 2982.865478515625 760 2448.113037109375 3121.222900390625 -1 1742.575927734375 1623.8984375 673 1754.5672607421875 1738.0042724609375 780 1547.3939208984375 1889.5147705078125 -1 1250.2576904296875 2052.7294921875 -1 1464.74853515625 2184.257080078125 -1 1435.1844482421875 2267.02587890625 616 1435.1844482421875 2267.02587890625 677 2425.646240234375 2674.182373046875 83 2425.646240234375 2674.182373046875 531 958.64208984375 2689.22998046875 678 1806.3856201171875 2799.31640625 36 1209.9439697265625 2852.724609375 -1 918.1700439453125 2880.02392578125 -1 1425.95849609375 2888.2109375 544 1508.4986572265625 2903.110107421875 -1 1924.5941162109375 3033.91748046875 -1 884.75335693359375 3073.478759765625 -1 1523.856201171875 1524.0916748046875 546 1679.14599609375 1524.7900390625 -1 1852.9013671875 1677.5118408203125 -1 1555.363037109375 1896.360595703125 710 1851.689208984375 2178.182861328125 842 1750.0106201171875 2292.62353515625 -1 1329.8699951171875 2294.89990234375 681 1713.07861328125 2652.193359375 41 1324.9886474609375 2700.51025390625 -1 878.55987548828125 3079.877685546875 723 872.90814208984375 3240.5126953125 -1 2394.7734375 3475.340576171875 -1 1666.3150634765625 2371.216064453125 -1 1769.5 2544.736328125 711 1383.9903564453125 2582.7392578125 736 1184.8680419921875 2685.991455078125 684 2320.363525390625 2776.728515625 885 1170.6495361328125 3063.82275390625 737 1431.8651123046875 3065.8486328125 712 1838.81591796875 3722.000732421875 -1 1725.8193359375 3837.698486328125 -1 1328.512939453125 3896.7080078125 -1 1707.2650146484375 1703.6395263671875 747 1550.4154052734375 2502.834716796875 649 1015.8568725585938 3024.733642578125 767 856.1448974609375 3229.12451171875 -1 1988.2530517578125 794.45587158203125 -1 2264.719970703125 1119.181884765625 -1 1965.06689453125 2355.1630859375 -1 1965.06689453125 2355.1630859375 -1 2313.71630859375 3205.42236328125 600 1051.0457763671875 3258.86767578125 -1 2165.006103515625 3457.197998046875 -1 156.61050415039062 2153.125 -1 2674.476806640625 2500.099853515625 -1 1452.22802734375 1701.907958984375 749 1452.22802734375 1701.907958984375 738 134.25192260742188 2130.099365234375 -1 1264.895751953125 2233.281005859375 689 2720.87255859375 2531.80419921875 -1 2708.62548828125 1978.7764892578125 -1 1536.176025390625 3306.451171875 -1 
79 0.96406481817362133 -0.072348476445511081 0.25533516367073839 0.01219337972479941 1.817739867787509 -0.14309766928862258 1.6303735660092875 79 img_084.jpg
0.63749998807907104 0.63749998807907104 -1 0.63749998807907104 0.63749998807907104 -1 0.63749998807907104 0.63749998807907104 -1 0.63749998807907104 0.63749998807907104 -1 0.63749998807907104 0.63749998807907104 -1 0.63749998807907104 0.63749998807907104 -1 0.63749998807907104 0.63749998807907104 -1 0.63749998807907104 0.63749998807907104 -1 1584.1875 1428.637451171875 694 1563.7874755859375 1637.7374267578125 -1 1334.2874755859375 1938.637451171875 -1 1334.2874755859375 1938.637451171875 836 1398.0374755859375 1938.637451171875 563 1311.3375244140625 1964.137451171875 -1 954.33746337890625 2805.637451171875 -1 1370.1373291015625 1919.11181640625 787 1270.8817138671875 2080.45263671875 660 1175.8837890625 2211.82568359375 514 1083.626953125 2219.732666015625 638 943.6124267578125 2834.939208984375 -1 1622.87890625 1369.652587890625 561 1525.0892333984375 1400.3687744140625 770 1383.5965576171875 1461.77099609375 555 1751.0830078125 1520.801025390625 771 1399.9539794921875 1844.664794921875 750 1387.7301025390625 1897.29541015625 7 1403.2352294921875 1920.7308349609375 5 1452.2606201171875 1946.3309326171875 751 1494.3673095703125 2070.116455078125 -1 1494.3673095703125 2070.116455078125 -1 1334.5787353515625 2123.61865234375 611 1238.358154296875 2286.563720703125 663 1654.60302734375 1386.4127197265625 769 1686.5306396484375 1441.6561279296875 512 1394.591796875 1489.471923828125 568 1684.5450439453125 1488.5313720703125 754 1869.8238525390625 1603.8388671875 513 1594.772216796875 1662.3673095703125 12 1194.7659912109375 1847.32373046875 569 1429.947998046875 1903.72705078125 807 1518.2291259765625 1960.7457275390625 665 1248.5745849609375 2264.724853515625 604 1138.270751953125 2332.740966796875 463 1210.3607177734375 2328.876708984375 612 1082.93896484375 2344.77490234375 515 1112.9031982421875 2362.74169921875 772 940.15087890625 2906.109619140625 -1 1598.47021484375 2914.509521484375 -1 1605.5782470703125 1550.882568359375 -1 1536.234375 1602.6788330078125 699 1190.0985107421875 1888.8441162109375 756 1175.9488525390625 2384.855224609375 468 1143.8656005859375 2400.987060546875 27 987.33770751953125 2455.203369140625 932 1104.1298828125 2452.8125 700 997.18377685546875 2638.643798828125 698 1262.462890625 2863.895751953125 -1 1508.8302001953125 1323.7459716796875 639 1679.4224853515625 1337.7674560546875 701 1471.92626953125 1375.197509765625 640 1524.1854248046875 1880.0576171875 809 1214.8427734375 1925.5943603515625 523 1115.664306640625 2309.71337890625 675 1026.7396240234375 2520.31787109375 -1 1184.713134765625 2573.468994140625 29 1195.013671875 2657.625 643 1210.5087890625 2716.336669921875 757 975.4378662109375 2900.946533203125 775 1146.6368408203125 3024.169189453125 -1 1229.8282470703125 3198.606689453125 745 1229.8282470703125 3198.606689453125 -1 1738.4351806640625 1360.1956787109375 866 1519.205078125 1874.18798828125 -1 1140.9197998046875 2113.922607421875 703 1116.88623046875 2306.43603515625 675 1496.494384765625 2425.89013671875 776 1197.5562744140625 2478.89990234375 474 1907.009521484375 2495.249755859375 -1 1211.6610107421875 2897.989990234375 -1 978.4456787109375 2904.935791015625 758 1142.9527587890625 3022.919921875 -1 1531.579833984375 1377.6597900390625 672 1771.380615234375 1757.6566162109375 577 1774.3873291015625 2228.343017578125 -1 998.36334228515625 2273.635986328125 742 1053.969970703125 2301.640380859375 606 1252.9783935546875 2356.408203125 617 983.337646484375 2827.42236328125 -1 1329.943359375 2938.304931640625 760 2521.185302734375 3089.641845703125 922 1820.3553466796875 1560.3446044921875 673 1833.291259765625 1677.3948974609375 780 1317.5023193359375 1994.8392333984375 -1 1532.2889404296875 2136.7314453125 -1 1491.470703125 2216.1240234375 616 1491.470703125 2216.1240234375 677 1796.18701171875 2235.192626953125 -1 1302.4119873046875 2441.055419921875 -1 1023.0182495117188 2635.8046875 678 2502.70703125 2633.4931640625 83 2502.70703125 2633.4931640625 531 1868.9024658203125 2754.89013671875 -1 1480.7855224609375 2843.868408203125 544 1566.279296875 2862.237060546875 -1 2089.213623046875 2864.802001953125 -1 1976.6102294921875 2984.843994140625 708 1761.7210693359375 1453.5594482421875 786 1630.560302734375 1840.6160888671875 710 1956.831298828125 2125.822021484375 -1 1380.587158203125 2241.14892578125 -1 1818.1534423828125 2243.54833984375 -1 1831.0172119140625 2501.118408203125 822 1105.8330078125 2584.10205078125 -1 1378.5360107421875 2646.7861328125 646 1862.9517822265625 2754.22216796875 36 2098.052978515625 2853.156982421875 -1 937.74432373046875 3032.443603515625 723 934.2562255859375 3204.6982421875 -1 2654.494873046875 3256.738525390625 -1 1596.8232421875 1460.84521484375 546 1948.5362548828125 1616.8145751953125 -1 1728.4678955078125 2322.252197265625 -1 1436.93701171875 2530.46240234375 736 1766.976318359375 2606.360595703125 41 1241.4417724609375 2631.5263671875 684 2408.07275390625 2738.07080078125 -1 1226.5540771484375 3016.83203125 737 1487.39892578125 3022.529052734375 712 1789.2369384765625 3802.87353515625 -1 1786.3663330078125 1638.563232421875 -1 1786.3663330078125 1638.563232421875 -1 1074.416259765625 2974.88427734375 767 2146.3759765625 2972.188720703125 927 1917.44384765625 3686.54345703125 -1 1410.63232421875 3865.839111328125 -1 1231.5501708984375 1544.960693359375 -1 1604.7698974609375 2460.774169921875 796 2271.05126953125 3410.91943359375 -1 2399.51171875 1067.1986083984375 -1 1768.3585205078125 1938.8807373046875 800 2076.096923828125 2315.820068359375 -1 2076.096923828125 2315.820068359375 -1 2748.163818359375 2448.526611328125 -1 2393.3701171875 3182.418701171875 600 1532.888427734375 1636.9195556640625 -1 1532.888427734375 1636.9195556640625 -1 2497.41748046875 2021.98876953125 -1 1316.4871826171875 2177.9384765625 689 2741.306396484375 1951.1546630859375 -1 2804.718017578125 1943.5721435546875 -1 1598.6390380859375 3259.728271484375 -1 
78 0.95528378108104639 -0.080711755996880033 0.28408980126818423 0.014542862950706665 1.7469404130403294 -0.11436142544701405 1.5494719143608893 78 img_083.jpg
0.63749998807907104 0.63749998807907104 -1 0.63749998807907104 0.63749998807907104 -1 0.63749998807907104 0.63749998807907104 -1 0.63749998807907104 0.63749998807907104 -1 0.63749998807907104 0.63749998807907104 -1 0.63749998807907104 0.63749998807907104 -1 0.63749998807907104 0.63749998807907104 -1 0.63749998807907104 0.63749998807907104 -1 1.8114114999771118 1.8114874362945557 -1 1459.1185302734375 1970.199462890625 -1 1659.9576416015625 1483.10498046875 694 1446.9881591796875 1966.7012939453125 635 1415.019287109375 1974.9310302734375 835 1347.85205078125 2075.426025390625 936 1339.84765625 2099.32958984375 744 1337.759765625 2128.30419921875 660 1561.0433349609375 2145.84423828125 -1 1370.84521484375 2150.19970703125 728 1541.3956298828125 2025.5081787109375 -1 1231.9149169921875 2254.150634765625 -1 1150.440673828125 2262.598876953125 638 1589.0999755859375 1347.2950439453125 610 1729.7891845703125 1413.8067626953125 788 1698.35595703125 1424.2855224609375 561 1725.08349609375 1439.2423095703125 -1 1599.89697265625 1454.1112060546875 770 1461.751953125 1517.972412109375 555 1824.646728515625 1573.274169921875 771 1460.046630859375 1945.17138671875 7 1476.229248046875 1967.9769287109375 5 1387.0426025390625 2168.11865234375 611 1296.185546875 2308.447021484375 604 1758.0587158203125 2322.427490234375 -1 1286.0020751953125 2328.27783203125 663 1139.858642578125 2383.375732421875 515 1139.858642578125 2383.375732421875 566 1167.6121826171875 2402.167724609375 772 1006.3258056640625 2869.244873046875 -1 1625.302490234375 1330.1083984375 -1 1718.358154296875 1465.3721923828125 -1 1470.641357421875 1545.830810546875 568 1947.327392578125 1655.6697998046875 861 1668.497802734375 1712.82177734375 12 1679.9013671875 2193.50537109375 -1 1663.661865234375 2213.080810546875 -1 1139.8184814453125 2383.438720703125 515 1222.419921875 2426.77490234375 468 1222.419921875 2426.77490234375 613 1157.4564208984375 2494.937255859375 700 1643.2049560546875 2962.914306640625 -1 1585.3992919921875 1382.4141845703125 639 1585.3992919921875 1382.4141845703125 -1 1761.0445556640625 1489.7161865234375 753 1759.4437255859375 1540.4151611328125 754 1669.1583251953125 1602.3106689453125 943 1610.3289794921875 1653.81396484375 699 1270.7066650390625 1935.8671875 -1 1270.7066650390625 1935.8671875 756 1592.5133056640625 2007.1759033203125 665 1367.72607421875 2183.970947265625 -1 1193.206787109375 2439.905517578125 27 1030.797119140625 2451.6943359375 -1 1051.6839599609375 2489.8564453125 -1 2535.6767578125 2637.811279296875 790 1057.6016845703125 2673.859130859375 698 1276.35009765625 2831.509521484375 -1 1764.6700439453125 1402.3427734375 791 1547.790771484375 1430.590576171875 640 1601.4951171875 1929.2811279296875 809 1297.457275390625 1972.3701171875 -1 1588.3438720703125 2077.74853515625 -1 1171.084716796875 2351.509521484375 675 1225.4517822265625 2613.351318359375 29 1245.0565185546875 2752.070068359375 757 1304.0166015625 2898.294677734375 -1 1038.42431640625 2936.35693359375 775 1183.1207275390625 3051.798583984375 -1 1254.08740234375 3232.367431640625 745 1254.08740234375 3232.367431640625 -1 1817.4483642578125 1412.1495361328125 866 1603.5728759765625 1432.8270263671875 672 1068.5655517578125 2318.23828125 -1 1115.7510986328125 2345.135009765625 606 1523.7998046875 2471.55810546875 776 1240.8907470703125 2520.634521484375 474 1041.2889404296875 2939.923583984375 758 2106.908447265625 2935.707763671875 -1 1074.2012939453125 3294.1142578125 692 1763.0694580078125 1434.40380859375 -1 1846.9244384765625 1807.759033203125 577 1592.1768798828125 1908.673583984375 -1 1208.05615234375 2156.86083984375 813 1519.500244140625 2159.79443359375 818 1294.02001953125 2400.650390625 617 1045.957763671875 2864.135009765625 -1 1358.9141845703125 2977.517578125 760 2558.298583984375 3151.95751953125 922 2652.19677734375 3242.44482421875 -1 1897.0023193359375 1612.68994140625 673 1911.73388671875 1728.57080078125 780 1388.8134765625 2038.2801513671875 781 1529.1473388671875 2259.7763671875 616 1529.1473388671875 2259.7763671875 677 2055.846923828125 2280.391845703125 -1 1856.2481689453125 2290.357177734375 -1 1152.6658935546875 2612.81298828125 -1 1082.8306884765625 2673.853271484375 678 1413.6268310546875 2682.08251953125 -1 2541.653564453125 2693.215087890625 531 2541.653564453125 2693.215087890625 83 1996.8499755859375 2838.82958984375 503 1503.5694580078125 2888.80859375 -1 1596.9171142578125 2916.339599609375 782 1995.7781982421875 3038.01025390625 708 2562.3232421875 3151.878662109375 -1 1669.120849609375 1516.163330078125 546 1834.3402099609375 1509.86328125 786 2122.37255859375 2176.66455078125 842 1423.4366455078125 2285.884521484375 681 1863.3671875 2293.84228515625 -1 1409.1546630859375 2684.26123046875 646 1884.4552001953125 2805.9453125 36 1221.035400390625 2913.773681640625 -1 995.9107666015625 3247.1337890625 -1 1865.46484375 2549.882080078125 822 1456.7862548828125 2572.65185546875 736 1793.864990234375 2656.9150390625 -1 1169.9720458984375 2759.424072265625 -1 2416.941650390625 2800.29736328125 885 2227.089599609375 2869.609619140625 -1 1123.99609375 3009.36962890625 767 1258.1258544921875 3055.384521484375 737 1511.6656494140625 3063.313720703125 712 2380.016357421875 3467.39111328125 -1 0.63749998807907104 0.63749998807907104 -1 0.63749998807907104 0.63749998807907104 -1 0.63749998807907104 0.63749998807907104 -1 0.63749998807907104 0.63749998807907104 -1 829.4278564453125 2192.20263671875 -1 1633.623779296875 2507.089111328125 796 459.973388671875 2154.115478515625 929 1020.0953979492188 3552.266357421875 -1 2551.60205078125 558.5244140625 -1 2578.925048828125 1132.6478271484375 -1 1898.11279296875 1989.21630859375 -1 306.69219970703125 2455.90625 -1 2247.920654296875 2646.695068359375 -1 2425.922119140625 3247.8193359375 600 1221.690673828125 3834.158447265625 -1 1619.80908203125 1690.604736328125 826 1372.7769775390625 2221.759765625 -1 2243.90673828125 2464.910888671875 -1 2860.955322265625 2016.66796875 -1 2989.5341796875 1983.4654541015625 -1 417.14630126953125 2801.67822265625 -1 1645.5804443359375 3322.79052734375 934 
77 0.94791399763412576 -0.083058424412789184 0.30737891832461756 0.0088629449362915436 1.6060470667526487 -0.096123464136662465 1.3723489616607421 77 img_081.jpg
1658.7760009765625 1625.5904541015625 -1 1665.79150390625 1627.681396484375 -1 1844.81689453125 1820.6304931640625 -1 1755.4779052734375 1860.671142578125 -1 1727.95751953125 1871.8385009765625 -1 1670.1439208984375 1904.7396240234375 -1 1471.3890380859375 2031.35498046875 -1 1792.0872802734375 1849.2520751953125 -1 1772.0465087890625 1859.03125 -1 1722.5185546875 1873.7294921875 -1 1669.6407470703125 1900.8089599609375 -1 1.8126802444458008 1.8126507997512817 -1 1682.4403076171875 1643.3114013671875 -1 1428.47021484375 2028.378173828125 727 1552.7978515625 2185.688232421875 -1 1592.4603271484375 1481.8345947265625 -1 1663.812744140625 1515.326904296875 694 1754.3544921875 1706.64111328125 -1 1441.1361083984375 2017.4017333984375 635 1368.2147216796875 2073.23681640625 -1 1351.9249267578125 2102.014892578125 -1 1698.935546875 1351.776123046875 -1 1698.9105224609375 1455.4619140625 856 1510.563232421875 2065.8349609375 -1 1510.563232421875 2065.8349609375 -1 1323.1368408203125 2183.94091796875 660 1556.704345703125 2210.36962890625 -1 1136.2691650390625 2322.23828125 638 1588.7032470703125 1379.0111083984375 610 1555.676513671875 1408.7447509765625 -1 1455.876953125 1993.05908203125 7 1472.583251953125 2018.9039306640625 5 1552.5020751953125 2208.67578125 -1 1255.1719970703125 2372.8134765625 604 1156.860595703125 2441.3251953125 -1 1114.5355224609375 2450.046875 515 1731.490234375 1443.3858642578125 788 1730.6060791015625 1471.2916259765625 769 1716.7315673828125 1494.5843505859375 152 1765.63818359375 1528.8082275390625 512 1660.32763671875 1636.5140380859375 -1 1965.9390869140625 1687.50341796875 861 1669.2320556640625 1751.4844970703125 12 1453.929443359375 1992.2401123046875 907 1500.87060546875 2003.275390625 807 1490.339111328125 2077.26220703125 -1 1543.6484375 2207.00439453125 -1 1365.4407958984375 2229.4228515625 611 1735.8060302734375 2390.052978515625 -1 1157.7520751953125 2441.699951171875 -1 1114.753662109375 2450.287353515625 515 1132.5771484375 2473.98095703125 -1 1186.8189697265625 2493.964599609375 468 1127.5955810546875 2564.12841796875 700 1036.5345458984375 2745.79345703125 698 2462.449462890625 2770.202880859375 -1 1582.0450439453125 1414.791748046875 639 1669.5645751953125 1463.09375 -1 1734.990966796875 1472.4326171875 -1 1763.631103515625 1567.6676025390625 804 1607.50830078125 1693.153564453125 699 1596.5186767578125 2057.68505859375 665 1596.5186767578125 2057.68505859375 -1 1681.7998046875 2302.352783203125 -1 1142.7142333984375 2418.233154296875 675 1159.2880859375 2510.7509765625 27 1029.4599609375 2564.1220703125 932 2552.790771484375 2711.642578125 -1 1769.6329345703125 1427.32666015625 -1 1542.8892822265625 1464.7578125 640 1285.1536865234375 2025.955810546875 523 1185.504638671875 2691.829345703125 -1 1241.1253662109375 2916.50341796875 -1 1260.8138427734375 2980.269775390625 -1 1027.86767578125 3012.2802734375 775 1146.95166015625 3123.529541015625 -1 1628.2322998046875 1403.44921875 -1 1599.0841064453125 1461.6612548828125 -1 1666.81591796875 1457.1622314453125 -1 1589.10302734375 2122.5205078125 668 1058.719970703125 2370.625 -1 1773.771484375 2385.586669921875 810 1093.8382568359375 2409.539306640625 606 1476.6651611328125 2542.74609375 776 1125.0667724609375 2553.397705078125 808 1200.287353515625 2593.7451171875 474 1247.109619140625 2914.902587890625 -1 1263.581298828125 2979.309814453125 -1 1031.2362060546875 3016.92138671875 -1 1142.53369140625 3124.514404296875 -1 1696.6131591796875 2461.543212890625 814 1253.4725341796875 2471.906982421875 -1 1054.96630859375 2512.789306640625 811 1116.482666015625 2673.957275390625 -1 1146.127685546875 2749.325439453125 -1 1314.278564453125 3066.021728515625 760 1766.916015625 1471.7115478515625 812 1927.1375732421875 1763.0941162109375 780 1382.3914794921875 2088.1923828125 781 1176.5633544921875 2217.99462890625 -1 1500.3328857421875 2224.284423828125 778 2177.250732421875 2317.19775390625 -1 1487.8463134765625 2321.6201171875 616 1487.8463134765625 2321.6201171875 677 1059.8773193359375 2746.85986328125 678 1375.6759033203125 2758.351318359375 -1 2544.335693359375 2769.283447265625 -1 1040.501708984375 2940.853515625 815 1459.6666259765625 2974.310302734375 -1 1965.234130859375 3129.665283203125 -1 2592.679443359375 3248.167724609375 976 2427.97607421875 3584.676025390625 -1 1842.7188720703125 1538.0338134765625 786 2164.2392578125 2322.17333984375 -1 1232.61279296875 2751.485107421875 684 2545.58544921875 2771.403564453125 -1 1134.624267578125 2826.57373046875 -1 1848.8790283203125 2889.121337890625 36 1456.8863525390625 2976.0693359375 -1 2123.607666015625 2996.1708984375 633 1181.8326416015625 3010.67578125 -1 1568.60986328125 3017.292724609375 592 1921.5166015625 3062.54833984375 -1 1958.350341796875 3546.29443359375 -1 2423.324462890625 3586.530029296875 -1 1665.654052734375 1549.4376220703125 546 2240.841064453125 2205.711181640625 -1 909.0450439453125 2280.61865234375 -1 1870.9376220703125 2357.17236328125 -1 1846.197265625 2629.2451171875 -1 1384.7379150390625 2647.29736328125 -1 1751.197021484375 2733.046875 41 1106.702880859375 3079.5732421875 -1 1219.5899658203125 3147.69140625 737 1219.5899658203125 3147.69140625 -1 1468.5076904296875 3156.0888671875 712 2388.611083984375 2880.302734375 794 1121.810302734375 3293.165771484375 -1 1121.810302734375 3293.165771484375 -1 1895.7698974609375 3933.2783203125 -1 1868.93359375 1721.3616943359375 795 1868.93359375 1721.3616943359375 764 1590.6673583984375 2584.521728515625 -1 2157.566162109375 3118.781982421875 -1 1160.244873046875 3372.213134765625 823 1160.244873046875 3372.213134765625 824 2134.31005859375 3605.337646484375 798 2639.173095703125 566.75396728515625 -1 2676.429443359375 1134.9893798828125 -1 573.8009033203125 2211.440673828125 -1 847.1025390625 2510.33935546875 -1 2429.959228515625 3355.427734375 600 1633.3555908203125 1725.47802734375 799 1996.1954345703125 2025.08349609375 -1 1996.1954345703125 2025.08349609375 800 1354.991455078125 2288.706787109375 931 813.9083251953125 2537.93994140625 -1 944.42572021484375 991.82452392578125 -1 2863.818603515625 2090.557373046875 -1 2330.28076171875 2516.508056640625 -1 0.63749998807907104 0.63749998807907104 -1 1627.7835693359375 3435.7890625 -1 
76 0.93735424748509222 -0.076714761800146608 0.3390230624397273 0.023350014509459883 1.3054053689838907 -0.13128318977268422 1.2241606643276766 76 img_080.jpg
1798.789306640625 1612.73486328125 -1 1805.594970703125 1613.29150390625 -1 1826.0435791015625 1613.4097900390625 -1 1632.629638671875 1623.1483154296875 1046 1604.4625244140625 1629.108154296875 -1 1586.2567138671875 1635.044921875 739 1555.7142333984375 1649.951171875 802 1837.437255859375 1730.320068359375 -1 1807.40673828125 1735.1541748046875 -1 1357.8441162109375 1932.74169921875 993 1455.9715576171875 2028.4803466796875 -1 1902.7701416015625 1717.4320068359375 -1 1361.10888671875 1936.06982421875 -1 3014.7265625 4069.99755859375 -1 3014.7265625 4069.99755859375 -1 964.62908935546875 4074.720703125 -1 2850.01708984375 4075.208740234375 -1 1625.152587890625 2233.807373046875 -1 1362.243408203125 1938.922607421875 727 1292.0577392578125 1992.6309814453125 -1 1282.327392578125 2007.586181640625 -1 1610.6021728515625 1432.7484130859375 694 1404.0003662109375 1950.040283203125 904 1301.2490234375 1980.7918701171875 -1 1262.44384765625 2042.310302734375 -1 1253.798095703125 2057.0380859375 903 1487.7803955078125 2124.61865234375 853 1487.7803955078125 2124.61865234375 854 1504.3531494140625 2156.090576171875 -1 926.33782958984375 2814.255859375 -1 911.55633544921875 2818.07177734375 -1 1453.8917236328125 1838.8973388671875 -1 1427.303955078125 1956.46533203125 -1 1427.303955078125 1956.46533203125 803 1524.7381591796875 2192.960693359375 858 1050.3070068359375 2223.188232421875 638 1123.7113037109375 2272.248291015625 604 1010.4481201171875 2342.01953125 -1 934.91357421875 2371.04248046875 -1 1053.7672119140625 2388.009521484375 613 1053.7672119140625 2388.009521484375 468 1042.95166015625 3098.949462890625 -1 1644.5218505859375 1320.0501708984375 893 1715.5836181640625 1450.998046875 894 1393.6324462890625 1908.9794921875 7 1407.8489990234375 1932.1932373046875 5 1527.28271484375 2008.0284423828125 895 1507.2244873046875 2127.32275390625 -1 1021.5798950195312 2362.530029296875 772 1067.7662353515625 3101.470947265625 -1 1534.0733642578125 1331.3638916015625 639 1678.4844970703125 1360.6539306640625 788 1624.680419921875 1386.580810546875 896 1712.9803466796875 1448.3482666015625 512 1704.9617919921875 1481.682861328125 804 1596.4071044921875 1552.848388671875 899 1609.34912109375 1641.70166015625 806 1609.34912109375 1641.70166015625 897 1407.72998046875 1847.3939208984375 -1 1250.0068359375 2136.884033203125 -1 978.89044189453125 2284.398681640625 837 1032.5989990234375 2315.753173828125 675 1035.7406005859375 2404.445068359375 27 934.5159912109375 2453.3115234375 932 1545.828369140625 1606.9510498046875 699 1922.3228759765625 1611.0364990234375 -1 1441.25927734375 1919.4041748046875 -1 1037.2908935546875 2576.87744140625 864 935.03924560546875 2891.462158203125 -1 1454.6429443359375 2950.39013671875 -1 920.6331787109375 3110.08984375 -1 1575.124267578125 1277.796142578125 -1 1724.17822265625 1351.21240234375 791 1494.2181396484375 1381.558349609375 640 1536.9066162109375 1972.204833984375 665 996.2774658203125 2310.743408203125 946 1007.9066162109375 2444.1328125 808 1007.9066162109375 2444.1328125 -1 1053.90478515625 2485.903076171875 -1 1053.90478515625 2485.903076171875 474 948.29913330078125 2516.950927734375 863 1012.5562133789062 2623.0703125 865 1045.8760986328125 2721.522216796875 757 1091.930419921875 2862.15478515625 850 936.8624267578125 2894.948486328125 -1 1041.0496826171875 3200.956298828125 -1 1587.59228515625 1319.23193359375 -1 1548.3638916015625 1893.8533935546875 -1 1459.520751953125 1931.35693359375 898 1133.358642578125 2185.027099609375 -1 1629.3961181640625 2294.099853515625 810 1109.4193115234375 2366.5537109375 870 1109.4193115234375 2366.5537109375 -1 958.1324462890625 2403.625732421875 811 1298.1217041015625 2438.862060546875 776 1664.598876953125 2474.704833984375 871 995.15667724609375 2559.934814453125 867 1130.73193359375 2947.593505859375 760 1410.5107421875 3032.7197265625 901 1691.3990478515625 1285.64111328125 -1 1722.169677734375 1387.405517578125 812 1115.1583251953125 2116.090576171875 -1 1524.63427734375 2366.485595703125 814 952.28900146484375 2629.07421875 -1 952.28900146484375 2629.07421875 -1 998.20391845703125 2715.615478515625 873 1085.285888671875 2789.6005859375 874 944.28228759765625 2823.244873046875 815 1873.361083984375 1684.591064453125 780 1873.361083984375 1684.591064453125 -1 1312.230224609375 1994.795654296875 781 1333.3531494140625 2224.541015625 616 1333.3531494140625 2224.541015625 677 1202.1357421875 2644.651611328125 918 1510.3828125 2742.505859375 -1 1345.7918701171875 2854.757568359375 -1 1265.550048828125 2855.962890625 876 1480.248779296875 3017.7333984375 -1 1480.248779296875 3017.7333984375 -1 985.56036376953125 3134.443115234375 -1 2386.747802734375 3178.24462890625 963 1793.29931640625 1456.748291015625 786 1660.1314697265625 1855.5635986328125 -1 1364.64013671875 2121.551025390625 818 2402.8037109375 2154.08837890625 -1 2291.55517578125 2265.835205078125 -1 1724.05712890625 2287.176025390625 -1 2365.39013671875 2707.3291015625 -1 1119.6190185546875 2837.7724609375 -1 1920.99072265625 2912.99609375 -1 983.22259521484375 2942.162353515625 -1 1705.00341796875 2954.775390625 881 1043.9207763671875 3030.192138671875 1130 1043.9207763671875 3030.192138671875 902 995.54644775390625 3143.943603515625 -1 1726.268310546875 3470.104248046875 -1 1606.2158203125 1467.5574951171875 923 1565.6700439453125 2641.059326171875 924 2256.259521484375 2815.108154296875 990 1272.8372802734375 3052.720458984375 883 882.9989013671875 3236.997802734375 -1 1670.707763671875 2533.673095703125 822 1670.707763671875 2533.673095703125 886 1813.924072265625 1643.262939453125 764 1813.924072265625 1643.262939453125 795 1119.5152587890625 2574.85986328125 -1 1119.5152587890625 2574.85986328125 -1 1925.5025634765625 3042.990478515625 -1 1071.8250732421875 3250.218017578125 823 1071.8250732421875 3250.218017578125 824 1777.4754638671875 3827.445068359375 -1 2803.9892578125 1037.1876220703125 -1 695.96417236328125 2133.892578125 986 1404.706298828125 2491.535888671875 1019 1927.3533935546875 3530.4404296875 -1 1927.3533935546875 3530.4404296875 825 253.11802673339844 2105.311279296875 -1 2524.5283203125 2405.309326171875 -1 2220.13671875 3274.364013671875 -1 2753.9150390625 3271.6552734375 -1 1105.2855224609375 878.91162109375 -1 1583.81201171875 1642.2032470703125 799 1264.752197265625 2176.887939453125 -1 698.4041748046875 2452.285888671875 -1 2010.2938232421875 2527.669921875 -1 2779.446044921875 3274.20458984375 -1 2072.03271484375 1946.280029296875 -1 2978.10693359375 2051.25 -1 1435.992431640625 3337.99658203125 -1 
75 0.92415234059945983 -0.067005803310999784 0.37490281837474554 0.030009172961949746 1.3432231003440036 -0.13926968124701714 1.199453845231329 75 img_079.jpg
0.63749998807907104 0.63749998807907104 -1 0.63749998807907104 0.63749998807907104 -1 0.63749998807907104 0.63749998807907104 -1 0.63749998807907104 0.63749998807907104 -1 1562.15869140625 1890.212890625 -1 954.7955322265625 4074.8349609375 -1 1573.03466796875 1892.081298828125 -1 14.50114917755127 4073.645751953125 -1 1477.5565185546875 1969.322265625 -1 1675.6531982421875 2074.890380859375 -1 1821.1146240234375 1373.1427001953125 694 1569.6356201171875 1881.2928466796875 935 1546.8431396484375 1887.5400390625 -1 1528.3272705078125 1904.4981689453125 -1 1120.045166015625 2759.083984375 -1 1653.766357421875 1796.01025390625 857 1687.6890869140625 2078.9345703125 853 1687.6890869140625 2078.9345703125 854 1854.5450439453125 1257.805419921875 893 1594.38916015625 1860.689697265625 -1 1609.46044921875 1884.5535888671875 -1 1732.5802001953125 1964.5145263671875 -1 1721.1536865234375 2149.28271484375 858 1212.05078125 2290.6748046875 -1 1221.5556640625 2312.390869140625 772 1253.89404296875 2332.849853515625 -1 1739.884521484375 1272.0821533203125 639 1833.68017578125 1325.538330078125 896 1890.407958984375 1328.8663330078125 -1 1817.530029296875 1585.267333984375 806 1817.530029296875 1585.267333984375 897 1813.6768798828125 1612.41455078125 12 1609.6090087890625 1799.3841552734375 750 1591.0655517578125 1856.464111328125 -1 1609.547119140625 1883.8065185546875 -1 1732.8529052734375 1965.0323486328125 -1 1445.802001953125 2089.9833984375 -1 1235.6546630859375 2263.093505859375 675 1236.90380859375 2355.110595703125 27 1143.0865478515625 2399.979736328125 932 1886.2603759765625 1294.8592529296875 788 1753.567626953125 1554.16748046875 699 2140.995361328125 1552.216796875 -1 1182.1552734375 2229.84423828125 837 1154.5113525390625 2464.170654296875 863 1237.2928466796875 2522.33544921875 864 1212.5343017578125 2567.519287109375 865 1140.5343017578125 2828.758544921875 -1 1124.220947265625 3046.33935546875 -1 1232.633056640625 3139.77294921875 -1 1232.633056640625 3139.77294921875 -1 1789.327880859375 1207.9591064453125 -1 1880.790283203125 1291.8336181640625 947 1984.3446044921875 1292.0223388671875 730 1702.2540283203125 1321.497802734375 640 1743.3607177734375 1926.7698974609375 -1 1605.5123291015625 2024.6837158203125 -1 1162.742431640625 2353.359130859375 811 1210.154296875 2390.97705078125 808 1249.694091796875 2434.173828125 474 1196.4622802734375 2503.072509765625 867 1245.5263671875 2660.96240234375 -1 1288.2542724609375 2806.76953125 850 1576.8861083984375 2853.181640625 913 1788.1123046875 1205.6549072265625 -1 1804.323974609375 1254.536376953125 949 1662.624755859375 1884.6925048828125 898 1328.5101318359375 2143.25830078125 -1 1304.970458984375 2313.606201171875 870 1304.970458984375 2313.606201171875 -1 1489.0772705078125 2392.12744140625 776 1858.609130859375 2430.149169921875 871 1157.63916015625 2572.716552734375 -1 1157.63916015625 2572.716552734375 -1 2489.20751953125 2692.76220703125 -1 1278.5609130859375 2733.43115234375 874 1235.292236328125 2782.244873046875 911 1323.777587890625 2892.605712890625 760 1607.2237548828125 2980.897705078125 901 1512.8125 1946.722900390625 781 1825.4111328125 2247.093505859375 810 1196.6392822265625 2656.385009765625 873 1150.8218994140625 2766.17333984375 815 1458.061279296875 2801.1611328125 876 1534.5374755859375 2805.978515625 -1 1674.742919921875 2966.15087890625 -1 1122.5057373046875 3244.109130859375 -1 1910.62158203125 1214.9244384765625 -1 2092.606689453125 1626.8505859375 780 1309.6932373046875 2067.08056640625 813 1743.1912841796875 2109.15087890625 -1 1743.1912841796875 2109.15087890625 -1 1524.7662353515625 2178.147216796875 616 1905.613525390625 2236.389892578125 -1 2673.2021484375 2297.439208984375 -1 1715.676513671875 2320.280029296875 814 1395.7430419921875 2589.93603515625 918 1685.839599609375 2694.958740234375 -1 1685.839599609375 2694.958740234375 -1 1187.3209228515625 2881.220947265625 -1 1190.877197265625 3075.552734375 -1 1107.684814453125 3152.009521484375 -1 1909.958984375 1212.4515380859375 -1 1695.963134765625 1308.8519287109375 -1 2020.30810546875 1389.925048828125 -1 1871.94970703125 1807.013916015625 880 1558.3780517578125 2073.666259765625 818 1925.345703125 2243.94091796875 -1 2570.5908203125 2671.17138671875 -1 2570.5908203125 2671.17138671875 -1 2116.7861328125 2871.46484375 -1 1894.727783203125 2907.5185546875 -1 1240.5609130859375 2970.856689453125 902 1240.5609130859375 2970.856689453125 1130 1461.5316162109375 2996.20703125 883 1199.2474365234375 3082.8896484375 -1 2616.30615234375 3147.14697265625 1242 1907.95361328125 3425.36767578125 -1 1812.8560791015625 1406.9521484375 923 2652.686279296875 2101.86767578125 842 1755.164794921875 2595.4521484375 924 2458.887451171875 2778.017578125 -1 314.38174438476562 2281.233154296875 -1 1867.35107421875 2492.9521484375 -1 2759.274658203125 2712.64453125 -1 2031.32177734375 1581.9554443359375 764 2031.32177734375 1581.9554443359375 795 921.69635009765625 2093.18896484375 -1 1304.5889892578125 2518.853271484375 -1 1304.5889892578125 2518.853271484375 -1 2098.970458984375 3000.455322265625 927 505.81866455078125 2063.64306640625 -1 2782.8857421875 2279.203369140625 -1 1291.1685791015625 3202.8115234375 -1 1291.1685791015625 3202.8115234375 -1 2106.13720703125 3477.044677734375 825 2106.13720703125 3477.044677734375 -1 2403.565185546875 3238.14404296875 987 1888.5482177734375 3784.083740234375 -1 1304.272216796875 867.23944091796875 -1 1798.0087890625 1582.7801513671875 -1 1798.0087890625 1582.7801513671875 -1 1470.641357421875 2134.31396484375 -1 891.85552978515625 2401.680908203125 -1 2201.992919921875 2470.684814453125 -1 2346.838134765625 1892.91748046875 -1 89.700508117675781 3650.01611328125 -1 1630.916259765625 3281.01220703125 -1 906.4375 3636.602294921875 -1 652.9798583984375 2643.53759765625 -1 
74 0.92084362745968285 -0.084757948138350941 0.37991118243793964 0.023034701058967204 1.2902817596941765 -0.11796852452652544 1.2166130700983273 74 img_078.jpg
1776.651611328125 1690.065185546875 -1 1769.6348876953125 1691.940185546875 739 1747.73193359375 1702.4556884765625 966 1926.9676513671875 1822.621826171875 -1 1594.9515380859375 1999.802734375 -1 1646.8514404296875 2100.987548828125 -1 170.30154418945312 3952.036376953125 -1 1969.2021484375 1799.6302490234375 -1 1879.60205078125 1840.0118408203125 -1 1610.3616943359375 1955.534423828125 -1 1656.0797119140625 2143.34814453125 -1 1777.586669921875 1604.4417724609375 -1 1240.8236083984375 2277.54736328125 -1 1734.8076171875 1713.2327880859375 -1 1610.912841796875 1955.39208984375 -1 1213.4200439453125 2301.609619140625 -1 1659.143798828125 2174.015380859375 937 1678.0791015625 2182.42138671875 -1 1464.7554931640625 2068.429931640625 -1 1798.5770263671875 1492.81201171875 694 1516.07958984375 2003.435791015625 836 1516.07958984375 2003.435791015625 967 1497.5931396484375 2022.664794921875 722 1452.115966796875 2090.39697265625 936 1436.9390869140625 2115.939453125 -1 1668.526123046875 2179.948486328125 853 1668.526123046875 2179.948486328125 854 1680.9251708984375 2208.704833984375 -1 1244.166259765625 2269.98046875 -1 1803.22998046875 2274.406982421875 -1 1135.25048828125 2575.41943359375 -1 1106.050537109375 2856.322021484375 -1 1833.96435546875 1434.8133544921875 856 1645.103271484375 1884.82470703125 -1 1634.4700927734375 1907.984375 857 1616.2567138671875 2048.615478515625 -1 1298.5546875 2318.945556640625 604 1205.1934814453125 2408.97509765625 772 1232.6903076171875 2431.501220703125 468 1232.6903076171875 2431.501220703125 -1 1732.4776611328125 1360.4814453125 610 1831.6400146484375 1380.8837890625 893 1812.464111328125 1447.3033447265625 896 1902.2611083984375 1511.274658203125 894 1596.0723876953125 1907.5653076171875 750 1579.6405029296875 1961.3941650390625 7 1615.8074951171875 1970.1756591796875 -1 1594.6947021484375 1985.7391357421875 5 1715.318359375 2062.570556640625 895 1697.8355712890625 2247.014892578125 858 1785.5704345703125 2291.892822265625 -1 1171.525146484375 2335.38232421875 -1 1217.765869140625 2362.289306640625 -1 1198.3564453125 2388.177734375 -1 1217.4642333984375 2449.494140625 27 1812.1602783203125 1447.2489013671875 896 1846.4642333984375 1469.2445068359375 152 1890.4169921875 1539.7056884765625 804 1612.9273681640625 1547.31591796875 905 1780.2069091796875 1611.6578369140625 899 2107.02001953125 1667.9666748046875 -1 1794.2427978515625 1697.9775390625 806 1794.2427978515625 1697.9775390625 897 1401.3980712890625 2192.016357421875 -1 1170.5889892578125 2334.549560546875 837 1218.2650146484375 2361.201904296875 675 1865.4114990234375 1418.55029296875 788 1733.4844970703125 1663.2569580078125 699 1744.1097412109375 1965.2835693359375 -1 1786.81005859375 2464.984375 -1 1139.923095703125 2559.060791015625 863 1215.2459716796875 2618.345458984375 864 1192.7591552734375 2662.606689453125 865 1215.2493896484375 2754.59228515625 757 1106.4560546875 3143.814453125 -1 2556.562255859375 3198.598388671875 -1 1911.9510498046875 1409.6044921875 791 1959.604736328125 1421.9761962890625 -1 1420.0263671875 1987.1722412109375 912 1725.39501953125 2026.485595703125 665 1725.39501953125 2026.485595703125 -1 1307.19384765625 2242.239013671875 -1 1184.9014892578125 2360.34033203125 946 1149.0267333984375 2447.66259765625 811 1192.4034423828125 2488.051513671875 808 1192.4034423828125 2488.051513671875 -1 1226.974853515625 2531.710693359375 -1 1177.5462646484375 2599.7822265625 867 1260.7342529296875 2900.08837890625 850 1541.760986328125 2941.94384765625 913 1287.2935791015625 2981.759521484375 -1 1776.431640625 1381.8751220703125 -1 2049.2216796875 1542.216552734375 950 1646.7110595703125 1984.5721435546875 -1 1282.287841796875 2411.81396484375 870 1457.009765625 2486.17236328125 776 1819.3052978515625 2521.264892578125 871 1141.64306640625 2669.923828125 -1 1175.009765625 2749.78369140625 873 2435.10888671875 2784.067626953125 -1 1252.2667236328125 2825.950927734375 874 1211.6881103515625 2878.109375 911 1262.4417724609375 2901.335693359375 -1 2496.469482421875 3235.111572265625 976 1883.382080078125 1351.0118408203125 914 1696.4326171875 1436.8785400390625 1081 1910.329833984375 1443.843017578125 812 1910.329833984375 1443.843017578125 -1 1499.8604736328125 2045.8115234375 955 1798.85888671875 2346.497802734375 -1 1848.0404052734375 2442.760009765625 -1 1135.2340087890625 2863.28369140625 815 1426.72802734375 2896.586181640625 876 1501.929931640625 2904.94921875 921 1652.842041015625 3072.0009765625 -1 1582.8726806640625 3078.82763671875 901 1970.8707275390625 1517.671142578125 917 2064.107421875 1738.5804443359375 780 1292.335693359375 2165.972412109375 -1 1725.8541259765625 2208.63720703125 -1 1497.176513671875 2272.0341796875 616 1884.3450927734375 2341.18408203125 -1 1118.2408447265625 2345.89453125 -1 1678.831787109375 2414.2822265625 814 1370.718994140625 2680.070068359375 -1 2513.20654296875 2760.7646484375 -1 2513.20654296875 2760.7646484375 -1 1648.739013671875 2790.105224609375 920 1167.3087158203125 2974.361328125 -1 1172.1009521484375 3164.6142578125 1010 1092.1641845703125 3234.855712890625 -1 1973.73095703125 1516.9091796875 -1 1850.691162109375 1907.69384765625 710 1284.0572509765625 2165.59521484375 -1 1531.12939453125 2166.66552734375 -1 2570.54150390625 2320.302490234375 -1 1901.048095703125 2347.640869140625 -1 1848.4874267578125 2994.130859375 881 1211.3927001953125 3063.624755859375 902 1211.3927001953125 3063.624755859375 1130 1425.7276611328125 3086.351806640625 883 1791.52685546875 1526.421875 923 2667.2373046875 2199.698974609375 -1 1716.7095947265625 2689.575927734375 924 2403.982666015625 2871.285888671875 990 2503.27490234375 3127.590087890625 925 2613.46337890625 3243.736083984375 -1 1829.768798828125 2583.650390625 -1 1829.768798828125 2583.650390625 886 2002.9339599609375 1698.127197265625 795 2002.9339599609375 1698.127197265625 764 931.39971923828125 2193.37109375 -1 2798.651123046875 2365.159423828125 -1 1826.0244140625 2579.148681640625 822 1281.2034912109375 2605.48974609375 -1 1281.2034912109375 2605.48974609375 -1 2060.5546875 3089.46875 927 1986.4058837890625 3865.0791015625 928 536.5628662109375 2160.33984375 -1 340.358154296875 2401.76220703125 -1 1558.104248046875 2556.954833984375 930 954.46014404296875 2460.59521484375 -1 2359.020263671875 3328.51611328125 -1 1362.36279296875 918.66552734375 -1 1774.94140625 1699.822998046875 799 1484.4566650390625 2232.60107421875 -1 2171.233642578125 2574.92822265625 -1 2344.937255859375 2002.998291015625 -1 1591.254150390625 3362.472412109375 1042 
73 0.91755514511046576 -0.090301574772910953 0.38654781036921093 0.022780947601298715 1.1019192713090185 -0.094742074351657823 1.2319886887655158 73 img_077.jpg
0.63749998807907104 0.63749998807907104 -1 0.63749998807907104 0.63749998807907104 -1 0.63749998807907104 0.63749998807907104 -1 0.63749998807907104 0.63749998807907104 -1 0.63749998807907104 0.63749998807907104 -1 0.63749998807907104 0.63749998807907104 -1 0.63749998807907104 0.63749998807907104 -1 0.63749998807907104 0.63749998807907104 -1 0.63749998807907104 0.63749998807907104 -1 0.63749998807907104 0.63749998807907104 -1 0.63749998807907104 0.63749998807907104 -1 0.63749998807907104 0.63749998807907104 -1 0.63749998807907104 0.63749998807907104 -1 0.63749998807907104 0.63749998807907104 -1 0.63749998807907104 0.63749998807907104 -1 0.63749998807907104 0.63749998807907104 -1 0.63749998807907104 0.63749998807907104 -1 1645.9195556640625 1650.596435546875 -1 1895.72265625 1831.044677734375 -1 1518.009033203125 1973.2718505859375 -1 1121.688720703125 2322.2880859375 -1 1699.5296630859375 1537.18603515625 694 1446.4232177734375 2033.2235107421875 727 1364.070556640625 2103.82666015625 -1 1644.46923828125 2297.25341796875 938 1346.2479248046875 2132.126708984375 -1 1333.609375 2151.55322265625 903 1652.9039306640625 2339.1806640625 -1 1729.4368896484375 1391.5635986328125 940 1733.7471923828125 1480.357421875 856 1663.9803466796875 1651.0511474609375 -1 1436.0322265625 1732.58203125 -1 1479.815673828125 2006.8994140625 7 1489.0062255859375 2047.7786865234375 904 1571.4637451171875 2291.99658203125 -1 1692.6951904296875 2312.310302734375 939 1678.1839599609375 2354.261474609375 -1 1083.8524169921875 2444.489501953125 772 1637.0467529296875 1404.4114990234375 610 1714.64208984375 1492.6883544921875 896 1755.6470947265625 1491.6407470703125 -1 1515.1732177734375 1591.228759765625 905 2006.304931640625 1713.9239501953125 944 2006.304931640625 1713.9239501953125 945 1492.2216796875 2027.961181640625 5 1610.6505126953125 2101.967529296875 895 1663.009765625 2253.247802734375 -1 1098.04833984375 2399.59716796875 675 1090.4647216796875 2485.755859375 27 1016.4254760742188 2534.642822265625 932 1673.527587890625 1387.138916015625 1486 1664.595703125 1497.4188232421875 1119 1741.5579833984375 1510.5123291015625 -1 1689.286376953125 1741.0401611328125 806 1689.286376953125 1741.0401611328125 897 1681.1688232421875 1769.7213134765625 -1 1473.8389892578125 1998.302490234375 907 1517.556396484375 2013.9267578125 807 1662.5467529296875 2252.83642578125 -1 1180.16845703125 2289.57177734375 -1 1078.4547119140625 2651.6669921875 864 1073.1927490234375 2783.234619140625 -1 1046.4803466796875 2941.143310546875 -1 1630.122802734375 1705.879638671875 699 1488.6439208984375 1939.4735107421875 908 1647.17822265625 2011.1763916015625 1122 1058.4398193359375 2368.0078125 -1 1071.905029296875 2394.93359375 946 1086.3609619140625 2449.893310546875 -1 1036.8780517578125 2483.2412109375 811 1612.6661376953125 2532.96435546875 1005 1092.3587646484375 2566.29931640625 474 1024.2225341796875 2595.831298828125 863 998.6558837890625 2673.474365234375 -1 2357.208984375 2744.04736328125 790 1768.8377685546875 2764.90380859375 948 1073.0198974609375 2907.328857421875 911 1812.822265625 1454.05517578125 791 1854.322998046875 1450.7716064453125 -1 1759.0072021484375 1460.1331787109375 947 1584.21142578125 1488.343994140625 640 2032.7493896484375 1776.185302734375 -1 1315.9552001953125 2028.97314453125 970 1315.9552001953125 2028.97314453125 912 1024.991455078125 2704.79638671875 -1 2269.762939453125 2804.906005859375 -1 1106.7392578125 2856.433837890625 874 1022.7293701171875 2895.354248046875 815 1114.4295654296875 2930.8388671875 850 1389.4647216796875 2984.377685546875 -1 1139.01708984375 3014.1005859375 760 1783.4058837890625 1395.1177978515625 -1 1696.9273681640625 1421.084228515625 949 1545.591796875 2030.2196044921875 898 1144.4232177734375 2451.032958984375 870 1304.5374755859375 2521.013427734375 776 1668.2000732421875 2562.959228515625 871 1754.271728515625 2578.8505859375 957 1001.2039184570312 3438.133544921875 -1 1165.5526123046875 3710.7626953125 -1 1723.374267578125 1477.4140625 954 1812.6552734375 1484.850830078125 -1 1812.6552734375 1484.850830078125 -1 1491.0487060546875 1688.433837890625 951 1396.8944091796875 2083.91015625 955 1598.2633056640625 2131.838623046875 -1 1197.14111328125 2206.314697265625 -1 1355.0943603515625 2312.496826171875 616 1820.224609375 2606.413818359375 -1 1028.53076171875 2783.025390625 873 1045.328857421875 2993.548095703125 -1 1041.0792236328125 3184.13623046875 953 976.529052734375 3244.87939453125 -1 1870.8626708984375 1560.7913818359375 917 1965.03125 1781.4425048828125 780 1613.400146484375 2258.637939453125 958 2705.64794921875 2446.1552734375 -1 1527.1363525390625 2452.58154296875 814 1706.114013671875 2481.86767578125 -1 1215.5589599609375 2717.78955078125 918 2343.99169921875 2807.321533203125 -1 1478.0296630859375 2826.587158203125 920 1265.8516845703125 2930.393798828125 876 1347.106689453125 2942.415771484375 921 1441.828369140625 3107.241455078125 -1 2365.3583984375 3279.838134765625 963 971.99432373046875 3373.448486328125 -1 1873.7113037109375 1561.8553466796875 -1 1759.3299560546875 1944.0003662109375 979 2584.569091796875 2362.5712890625 -1 993.364990234375 2388.774658203125 -1 2345.3037109375 2809.08544921875 -1 1473.03271484375 2827.940185546875 -1 1671.7359619140625 3033.4794921875 881 1065.0689697265625 3091.298828125 902 1263.085693359375 3114.434814453125 883 1687.918212890625 1570.207275390625 923 2683.611328125 2241.60888671875 -1 1896.1177978515625 2259.581298828125 -1 1798.163330078125 2406.702880859375 -1 1552.380126953125 2727.873291015625 924 2229.15185546875 2917.40234375 -1 2331.99853515625 3171.232421875 1038 895.9639892578125 2251.166015625 1136 1239.2725830078125 2329.364501953125 -1 1239.2725830078125 2329.364501953125 1035 345.52981567382812 2415.1630859375 -1 2815.416259765625 2403.64306640625 -1 1136.934326171875 2624.484130859375 985 1136.934326171875 2624.484130859375 -1 1673.7579345703125 2618.926513671875 822 1673.7579345703125 2618.926513671875 886 1879.8673095703125 3124.94970703125 927 2808.685546875 3627.9208984375 -1 1863.6409912109375 3900.795166015625 -1 547.89154052734375 2200.13232421875 929 346.51788330078125 2440.52685546875 -1 1402.8004150390625 2597.172119140625 930 2562.685546875 3349.58349609375 -1 1881.18994140625 3604.519287109375 -1 1881.18994140625 3604.519287109375 825 2504.989501953125 2146.860595703125 -1 851.01519775390625 2486.59033203125 -1 2023.357666015625 2755.607421875 -1 2023.357666015625 2755.607421875 -1 2198.499267578125 3375.87060546875 600 1386.685791015625 925.51129150390625 -1 1678.908935546875 1740.216064453125 799 1678.908935546875 1740.216064453125 799 2043.0994873046875 2624.991455078125 -1 2330.318115234375 2030.339111328125 -1 1426.143310546875 2293.656982421875 931 1425.2626953125 3386.47802734375 934 
72 0.90794598420972461 -0.089539755244340297 0.40851896017515194 0.026999651213132671 1.0219292262195561 -0.093197938301067332 1.2443179137928058 72 img_076.jpg
1728.74365234375 1723.8326416015625 -1 1687.2799072265625 1739.789794921875 -1 2010.034912109375 1813.0350341796875 -1 1935.7667236328125 1835.6258544921875 -1 1926.92529296875 1840.511962890625 -1 1886.11376953125 1859.079345703125 -1 1863.3779296875 1867.9249267578125 -1 1756.26513671875 1930.415283203125 -1 1580.4676513671875 1943.4541015625 -1 1520.7589111328125 2022.32275390625 1024 1557.35009765625 2050.094482421875 -1 1781.7833251953125 2385.201416015625 -1 1759.2705078125 1716.224853515625 -1 1499.082275390625 2024.6571044921875 -1 1592.396240234375 2147.480712890625 -1 1597.0450439453125 2179.8349609375 -1 1606.6649169921875 2222.451171875 -1 1973.7281494140625 1819.201904296875 -1 318.18618774414062 4076.429443359375 -1 1700.4234619140625 1640.6934814453125 -1 1700.4234619140625 1640.6934814453125 -1 1959.3902587890625 1823.4693603515625 -1 1934.888427734375 1833.8074951171875 -1 1924.610595703125 1840.1812744140625 -1 1599.837158203125 1907.9583740234375 -1 1100.685546875 2383.585693359375 -1 1576.3519287109375 1959.1669921875 -1 1499.7821044921875 2026.4324951171875 727 1406.3292236328125 2112.64013671875 -1 1503.0677490234375 2017.527099609375 935 1487.89794921875 2021.935302734375 835 1398.3714599609375 2123.992919921875 936 1387.06396484375 2141.988037109375 903 1387.06396484375 2141.988037109375 1027 1594.1993408203125 2206.505859375 937 1619.353515625 1879.381103515625 1025 1449.0352783203125 2056.335693359375 722 1605.001953125 2207.4716796875 -1 1690.390869140625 2291.419921875 938 1692.1873779296875 2339.018310546875 969 1666.661376953125 1421.406494140625 -1 1746.467529296875 2309.781005859375 939 1184.2337646484375 2318.4765625 -1 1115.6004638671875 2363.2431640625 837 1138.5577392578125 2391.847412109375 675 1126.1016845703125 2478.120849609375 27 1769.2025146484375 1366.1392822265625 995 1795.026611328125 1381.0989990234375 940 1669.9700927734375 1444.66259765625 968 1776.05224609375 1482.275390625 1030 1577.2943115234375 1573.2562255859375 -1 1974.13525390625 1708.4287109375 988 1560.33642578125 1916.8348388671875 -1 1546.85546875 2022.1502685546875 5 1728.312744140625 2358.73681640625 -1 1063.1639404296875 2523.12744140625 -1 1086.338134765625 2931.37841796875 -1 1735.6270751953125 1375.7415771484375 1486 1862.3277587890625 1543.7327880859375 894 1745.991943359375 1648.7105712890625 943 2073.40234375 1704.4886474609375 944 2073.40234375 1704.4886474609375 945 1739.1689453125 1759.6029052734375 1061 1526.2786865234375 1993.7696533203125 907 1708.3375244140625 2011.7725830078125 1122 1673.5313720703125 2110.739990234375 1000 1712.8897705078125 2244.59423828125 971 1219.3076171875 2284.71923828125 -1 1750.07958984375 2397.734375 -1 1127.132080078125 2441.654052734375 -1 1127.132080078125 2441.654052734375 -1 1064.6859130859375 2522.65185546875 -1 1067.59423828125 2588.917724609375 863 1919.88330078125 1448.078125 866 2063.951416015625 1672.876220703125 972 1684.2994384765625 1696.731689453125 699 1541.8934326171875 1934.118896484375 908 1114.10791015625 2393.7421875 -1 1083.196533203125 2475.826416015625 811 1121.413818359375 2559.028564453125 -1 1065.18212890625 2697.423583984375 -1 1068.9140625 2885.713134765625 -1 1405.1220703125 2974.371337890625 913 1875.0294189453125 1441.3568115234375 791 1819.2879638671875 1447.7510986328125 947 1852.438720703125 1578.0250244140625 -1 1793.4517822265625 2765.525634765625 948 1157.2081298828125 3009.9931640625 973 1848.9798583984375 1384.7838134765625 914 1777.47265625 1403.3095703125 -1 2012.71240234375 1573.8616943359375 950 1544.5396728515625 1682.2769775390625 -1 1603.3056640625 2025.916259765625 898 1318.4700927734375 2514.725341796875 1007 1691.6407470703125 2564.404052734375 -1 1083.3017578125 2975.312255859375 -1 1064.42138671875 3174.401611328125 953 1084.3433837890625 3316.8544921875 -1 1652.2587890625 1474.0162353515625 -1 1786.894287109375 1466.993408203125 954 1876.1917724609375 1468.8778076171875 -1 1876.1917724609375 1468.8778076171875 -1 1386.509765625 2022.9019775390625 975 1451.9759521484375 2075.4599609375 955 1246.1339111328125 2201.92578125 -1 1381.384521484375 2307.793701171875 616 1783.77197265625 2581.40771484375 957 1030.661865234375 3244.162353515625 -1 1934.2674560546875 1548.222412109375 917 2029.485595703125 1772.251220703125 780 1659.89697265625 2255.26416015625 958 2864.42822265625 2444.288330078125 -1 1544.4190673828125 2447.25244140625 814 1240.5816650390625 2709.31884765625 -1 1484.873291015625 2824.501953125 920 1273.848388671875 2926.09912109375 -1 1363.4063720703125 2949.826416015625 -1 1459.1221923828125 3103.8203125 -1 2394.232666015625 3295.60107421875 1242 1028.4412841796875 3364.405517578125 -1 2946.133056640625 1223.9635009765625 -1 1821.3192138671875 1940.708740234375 979 2958.948974609375 2182.856689453125 -1 1012.5525512695312 2263.65673828125 -1 1735.5361328125 2470.215087890625 981 2860.1298828125 2449.364990234375 -1 1023.79541015625 2774.88232421875 -1 2363.521484375 2819.366455078125 919 2255.0634765625 2933.52685546875 1037 1675.2596435546875 3032.099609375 881 1086.7030029296875 3080.61474609375 902 2392.65576171875 3293.160888671875 -1 1024.2939453125 3358.203369140625 -1 1745.0518798828125 1559.5552978515625 923 2841.385986328125 2237.652587890625 -1 1269.9459228515625 2328.345947265625 1035 1269.9459228515625 2328.345947265625 -1 2953.490966796875 2366.40966796875 -1 2150.89111328125 2392.97802734375 -1 1564.7203369140625 2729.8798828125 1018 1936.6114501953125 2999.68359375 -1 2347.986328125 3183.955810546875 1038 2535.121337890625 3521.353759765625 -1 1617.6661376953125 3955.153076171875 978 2011.0235595703125 2240.018310546875 -1 1858.7955322265625 2413.922119140625 -1 1969.740478515625 1731.4127197265625 795 1969.740478515625 1731.4127197265625 764 486.03863525390625 2413.529296875 -1 1878.7393798828125 2427.43701171875 -1 1417.0294189453125 2580.89599609375 -1 1164.2742919921875 2606.778564453125 -1 1164.2742919921875 2606.778564453125 -1 1695.3255615234375 2610.846923828125 -1 1695.3255615234375 2610.846923828125 -1 1882.9681396484375 3129.8515625 927 1949.941162109375 3919.98193359375 928 690.59259033203125 2199.959228515625 -1 943.21514892578125 2451.765869140625 -1 943.21514892578125 2451.765869140625 -1 1907.4527587890625 3617.857177734375 -1 1907.4527587890625 3617.857177734375 -1 2037.01416015625 2799.91552734375 -1 2037.01416015625 2799.91552734375 -1 2217.69482421875 3392.287353515625 600 2657.45751953125 3389.016357421875 -1 2657.66845703125 1217.6412353515625 -1 2657.66845703125 1217.6412353515625 -1 1737.822021484375 1735.7003173828125 826 2074.58544921875 2632.034423828125 -1 1491.9442138671875 2302.854736328125 -1 2553.856201171875 2008.2100830078125 -1 655.2686767578125 2658.464599609375 -1 1440.4053955078125 3380.4697265625 934 
71 0.8980794861089878 -0.08707606602410832 0.4300653567132437 0.030245401486704415 0.86737814028733773 -0.087766973797862483 1.1785497280612947 71 img_075.jpg
1696.5419921875 1729.5126953125 966 2042.2423095703125 1803.7017822265625 -1 2015.675048828125 1806.5098876953125 -1 1970.024658203125 1820.4544677734375 -1 1890.373291015625 1853.8199462890625 -1 1780.4686279296875 1910.185546875 -1 1591.1239013671875 1920.6387939453125 -1 1588.451416015625 1925.2020263671875 -1 1582.7349853515625 1938.2841796875 -1 1552.2437744140625 2035.617431640625 -1 1099.7774658203125 2380.138671875 -1 1786.32666015625 2551.542724609375 -1 1704.3690185546875 1722.0091552734375 1082 2037.7471923828125 1803.6026611328125 -1 1115.9591064453125 2361.69677734375 -1 1697.9539794921875 1631.8712158203125 -1 1697.9539794921875 1631.8712158203125 -1 1916.56640625 1841.8436279296875 -1 1589.4969482421875 1925.893798828125 -1 1504.5906982421875 2019.751708984375 727 1600.9742431640625 2210.384033203125 -1 1599.7298583984375 1907.124267578125 -1 1575.5628662109375 1960.6531982421875 -1 1611.364501953125 1889.515869140625 -1 1477.55029296875 2025.9063720703125 -1 1477.55029296875 2025.9063720703125 -1 1412.49267578125 2098.51025390625 -1 1401.9906005859375 2112.277099609375 -1 1373.07568359375 2149.429443359375 -1 1588.1412353515625 2198.649169921875 937 1778.522705078125 2361.06787109375 -1 1775.0986328125 2549.1826171875 -1 1051.094482421875 2593.8212890625 -1 1627.56787109375 1458.0413818359375 -1 1819.037109375 1596.327392578125 -1 1612.02490234375 1889.9764404296875 -1 1491.0390625 2014.7200927734375 835 1491.0390625 2014.7200927734375 -1 1598.479736328125 2200.0009765625 994 1678.2628173828125 2287.767333984375 938 1123.42578125 2384.47998046875 675 1796.4617919921875 2465.943359375 -1 1702.825927734375 1384.3140869140625 -1 1689.82958984375 1418.1998291015625 996 1689.82958984375 1418.1998291015625 639 1674.6058349609375 1436.35986328125 968 1977.0810546875 1698.1678466796875 988 1056.597412109375 2518.781494140625 -1 1824.1778564453125 1408.567138671875 1029 1571.7357177734375 1580.9219970703125 -1 1636.416259765625 1817.903076171875 -1 1636.416259765625 1817.903076171875 -1 1548.4998779296875 2018.6622314453125 1028 1182.3662109375 2267.267822265625 -1 1670.58740234375 2337.697021484375 969 1719.193359375 2360.50439453125 1001 1719.193359375 2360.50439453125 1002 1768.18408203125 2525.443359375 -1 1768.5172119140625 1355.3961181640625 -1 1699.739501953125 1443.68896484375 997 1801.457275390625 1486.0169677734375 1031 1660.9378662109375 1492.0931396484375 1158 1866.801513671875 1530.769775390625 894 1803.577392578125 1616.9053955078125 999 1741.160888671875 1724.1195068359375 -1 1527.4193115234375 1987.632568359375 907 1717.7392578125 2009.2679443359375 989 1672.9892578125 2101.457275390625 -1 1665.470703125 2308.30908203125 -1 1788.0430908203125 2356.760986328125 -1 1764.0245361328125 2369.396728515625 1004 1797.6668701171875 2838.822998046875 -1 1791.515380859375 2918.41748046875 -1 1645.6739501953125 1468.57275390625 640 1913.174072265625 1478.3729248046875 1003 1704.6820068359375 1629.4283447265625 -1 1543.781494140625 1931.563232421875 -1 1376.289794921875 2016.60498046875 970 1612.8197021484375 2228.99462890625 -1 1708.241455078125 2240.377685546875 971 1739.0528564453125 2422.02783203125 -1 1077.44091796875 2467.7158203125 -1 1066.351318359375 2640.388671875 -1 1363.022705078125 2998.179931640625 -1 1883.176025390625 1429.6923828125 791 1930.902587890625 1438.0526123046875 866 2076.770751953125 1661.6827392578125 972 1261.6917724609375 2187.789306640625 -1 1795.2122802734375 2354.9833984375 -1 1029.4488525390625 2656.77001953125 -1 1756.578125 2763.9267578125 948 1087.70361328125 2911.4228515625 850 1110.6158447265625 3002.814453125 973 1859.2744140625 1374.771728515625 914 1789.843994140625 1389.4229736328125 -1 1549.755615234375 1673.1785888671875 951 1607.25048828125 2024.52001953125 1008 1456.0360107421875 2139.994384765625 1006 1280.817138671875 2231.562744140625 -1 1266.6339111328125 2509.044677734375 1007 1079.6688232421875 2557.636962890625 -1 1640.139892578125 2560.279541015625 871 1765.7850341796875 2865.71435546875 -1 1786.0201416015625 1456.6107177734375 954 2016.3905029296875 1561.62158203125 950 1391.205322265625 2016.168701171875 975 1451.43212890625 2071.484130859375 955 1637.517333984375 2259.943603515625 -1 1637.517333984375 2259.943603515625 1012 1340.5390625 2303.78955078125 616 1636.906005859375 2368.239990234375 1013 1636.906005859375 2368.239990234375 1014 1747.173583984375 2578.055908203125 957 1400.5843505859375 3101.140380859375 1009 1028.5086669921875 3169.0947265625 1104 1940.9205322265625 1536.715087890625 917 2040.736083984375 1763.1939697265625 780 2990.247802734375 2263.205078125 -1 1117.9039306640625 2425.93359375 -1 1015.489990234375 3269.062255859375 -1 2328.865478515625 3312.3994140625 1242 1946.4329833984375 1534.7200927734375 786 1646.281982421875 2254.04833984375 958 1646.281982421875 2254.04833984375 -1 2897.506591796875 2355.514892578125 -1 998.474853515625 2595.54345703125 -1 1413.408935546875 2829.875732421875 1151 2302.647705078125 2830.451171875 919 2302.647705078125 2830.451171875 1023 1312.2239990234375 2957.60986328125 -1 1603.84423828125 3029.859375 881 1044.9761962890625 3073.234375 902 1559.2862548828125 3944.346923828125 -1 1745.9591064453125 1550.285888671875 923 1838.8739013671875 1936.34033203125 -1 1236.9732666015625 2326.908447265625 -1 1037.6536865234375 2372.695068359375 1152 1464.2987060546875 2357.656982421875 1073 1704.0732421875 2466.734619140625 981 1501.00634765625 2727.610107421875 1018 2179.153564453125 2941.915771484375 1037 1881.3231201171875 2999.7470703125 -1 1001.4209594726562 3353.534423828125 -1 2471.426025390625 3580.45458984375 -1 608.0091552734375 2395.64453125 -1 1011.961669921875 2388.0361328125 -1 1129.847900390625 2607.19970703125 -1 1129.847900390625 2607.19970703125 985 601.91943359375 2410.28515625 -1 977.40240478515625 2412.239501953125 -1 1895.4696044921875 2459.595703125 -1 1363.72265625 2572.931884765625 -1 1807.829345703125 3134.087158203125 927 1879.0994873046875 3616.38916015625 -1 791.3065185546875 2200.81396484375 986 1647.4503173828125 2607.07666015625 -1 1647.4503173828125 2607.07666015625 -1 2150.46044921875 3404.38623046875 600 1746.38671875 1729.104736328125 826 1746.38671875 1729.104736328125 -1 2037.133056640625 2618.3037109375 -1 2037.133056640625 2618.3037109375 1041 1494.8641357421875 2316.6103515625 -1 1393.692138671875 3385.633544921875 1042 2669.445068359375 1992.32177734375 -1 657.572265625 2632.6748046875 -1 2655.91015625 1978.39501953125 -1 36.25555419921875 923.76104736328125 -1 
70 0.89600356759656463 -0.084561298396407247 0.43474287101680292 0.03202545499769982 0.6763474400456484 -0.082112802836813187 1.1180580361453176 70 img_074.jpg
1801.4664306640625 1680.245361328125 -1 1649.0665283203125 1696.5084228515625 1049 1808.3155517578125 1836.6968994140625 -1 1785.90234375 1842.969482421875 -1 1793.503173828125 1843.22216796875 -1 1786.1297607421875 1846.427001953125 -1 1780.6712646484375 1849.338134765625 -1 1490.73876953125 1890.1810302734375 -1 1675.132080078125 1900.4400634765625 -1 1657.658447265625 1920.3653564453125 -1 1473.9161376953125 1923.2406005859375 -1 1384.3065185546875 2008.0972900390625 993 1470.043701171875 2120.384765625 -1 1480.8338623046875 2198.67578125 1050 980.46466064453125 2366.93017578125 -1 1664.0709228515625 2824.269775390625 -1 1663.202392578125 2828.04833984375 -1 1666.9019775390625 2828.392333984375 -1 1695.671630859375 1589.5335693359375 -1 1699.6676025390625 1687.2584228515625 -1 1973.4871826171875 1767.5643310546875 1160 1458.862060546875 1961.03076171875 -1 1456.76513671875 1966.51220703125 -1 1899.9256591796875 1797.337890625 -1 1488.7509765625 1895.9326171875 -1 1474.3446044921875 1923.48876953125 -1 1470.3221435546875 1933.6680908203125 -1 3003.6494140625 4076.426025390625 -1 1500.3760986328125 1876.121826171875 -1 1470.552001953125 1933.92138671875 -1 2906.0185546875 4075.211181640625 -1 993.6041259765625 2374.415771484375 675 1642.5599365234375 2800.86865234375 -1 1538.5953369140625 1505.80517578125 -1 1706.9468994140625 1580.0477294921875 -1 1289.7568359375 2101.426513671875 -1 1264.3123779296875 2133.920166015625 -1 1264.3123779296875 2133.920166015625 -1 1674.4613037109375 2496.087890625 -1 1664.8865966796875 2538.79150390625 1051 1431.6634521484375 2028.6226806640625 -1 1456.6124267578125 2089.1748046875 -1 1478.7081298828125 2189.719482421875 994 1442.1317138671875 2237.15283203125 -1 1437.9791259765625 2263.334716796875 -1 1551.734130859375 2279.23095703125 938 1433.688232421875 2287.19091796875 -1 981.64215087890625 2375.124755859375 -1 1436.2869873046875 2011.636962890625 1028 1604.4595947265625 2047.93603515625 1055 1597.966064453125 2424.065185546875 1053 933.4796142578125 2508.48779296875 -1 1661.7110595703125 2810.511474609375 -1 1642.1552734375 2899.25146484375 -1 1663.9273681640625 1343.725830078125 995 1693.8271484375 1357.5389404296875 940 1714.1246337890625 1399.5372314453125 1029 1577.9290771484375 1408.1319580078125 996 1688.615966796875 1450.0924072265625 856 1973.748046875 1687.0159912109375 944 1973.748046875 1687.0159912109375 945 1984.595703125 1713.0489501953125 1054 1534.14453125 2330.442138671875 969 1552.975830078125 2361.62841796875 -1 1634.099365234375 2840.671875 -1 1632.55078125 1353.4493408203125 1486 1728.91552734375 1427.2611083984375 1086 1588.650390625 1431.4986572265625 997 1548.27099609375 1483.21533203125 1158 1516.11328125 1495.93212890625 1056 1684.8221435546875 1610.7130126953125 999 1973.0792236328125 1686.9764404296875 944 1416.244140625 1978.7288818359375 907 1562.6702880859375 2095.01416015625 1000 1595.3360595703125 2355.19384765625 1001 1595.3360595703125 2355.19384765625 1002 1591.0350341796875 2794.2353515625 1058 1591.0350341796875 2794.2353515625 -1 1205.3853759765625 3004.04931640625 -1 1686.3125 1419.3526611328125 1487 1810.5108642578125 1426.2479248046875 -1 1801.0467529296875 1469.1842041015625 1060 1801.0467529296875 1469.1842041015625 1003 1779.1357421875 1497.2943115234375 -1 1751.324951171875 1517.084228515625 512 1433.8778076171875 1919.06689453125 908 1608.6669921875 1999.9197998046875 989 1486.4222412109375 2221.431396484375 -1 1642.3670654296875 2358.7041015625 1004 1521.690673828125 2363.266357421875 1043 1401.7271728515625 2400.7998046875 -1 1657.1556396484375 2467.298583984375 -1 1628.006591796875 2514.071044921875 -1 936.64605712890625 2547.593994140625 -1 888.344482421875 2654.853515625 -1 949.92523193359375 2996.973876953125 -1 1771.017822265625 1419.37841796875 1063 1535.0546875 1457.6531982421875 640 1631.1881103515625 1635.0582275390625 1064 1968.5303955078125 1651.49853515625 972 1146.4171142578125 2222.4990234375 -1 1592.597412109375 2232.44189453125 971 1413.0535888671875 2518.642822265625 -1 1607.383544921875 2756.31982421875 948 1664.2725830078125 2860.794921875 1067 1664.2725830078125 2860.794921875 1066 1647.86572265625 3036.010986328125 -1 1749.7813720703125 1364.19677734375 914 1680.0062255859375 1377.341552734375 -1 1900.34716796875 1550.63525390625 950 1438.3095703125 1662.897216796875 951 1340.86279296875 2131.384033203125 1006 1101.048583984375 2506.345458984375 1007 1477.8731689453125 2554.45068359375 871 896.60772705078125 2585.94482421875 -1 1545.9349365234375 1452.8095703125 -1 1747.392578125 1570.8212890625 -1 1284.447021484375 2008.6412353515625 975 1496.647216796875 2017.617431640625 1008 1335.5267333984375 2065.652587890625 955 1062.318115234375 2226.5703125 -1 1189.7471923828125 2295.376953125 616 1566.973876953125 2338.666259765625 1045 1672.1925048828125 2605.71142578125 -1 1224.4171142578125 2923.237548828125 1033 1649.18505859375 2939.619140625 -1 1712.47900390625 3036.693603515625 1032 1239.0782470703125 3090.95458984375 1009 877.5916748046875 3161.82666015625 -1 1754.56640625 1458.8846435546875 -1 1754.56640625 1458.8846435546875 -1 1826.4420166015625 1526.4346923828125 917 1929.8968505859375 1753.937744140625 780 1510.2354736328125 2252.1044921875 1047 1510.2354736328125 2252.1044921875 1012 2991.26025390625 2252.397705078125 -1 1490.41259765625 2363.860107421875 1013 1490.41259765625 2363.860107421875 1014 1596.630859375 2574.612548828125 957 1029.2662353515625 2691.518310546875 -1 2134.867431640625 3313.34423828125 1242 1721.0162353515625 1922.785400390625 979 2983.242919921875 2243.188232421875 -1 1093.340576171875 2321.453369140625 959 934.2525634765625 2351.968994140625 1169 2900.465576171875 2349.895263671875 -1 1232.7821044921875 2829.791748046875 1015 2118.978759765625 2828.046875 1023 2118.978759765625 2828.046875 919 1150.2210693359375 2963.83154296875 -1 1990.7010498046875 2949.772216796875 -1 1421.3770751953125 3028.686279296875 881 893.61505126953125 3064.017822265625 902 898.85491943359375 3595.32666015625 -1 1629.4273681640625 1540.6153564453125 923 1303.183837890625 2357.885986328125 1048 978.51580810546875 2599.232421875 1157 978.51580810546875 2599.232421875 985 1413.3109130859375 2622.28759765625 1036 1328.6220703125 2723.8642578125 1018 1708.1578369140625 2978.5673828125 -1 2092.36767578125 3192.659423828125 -1 863.420654296875 3316.27685546875 -1 1633.74365234375 3747.815673828125 -1 1468.5194091796875 3916.4267578125 978 1555.7520751953125 2459.0673828125 981 1542.446044921875 2864.2744140625 -1 1542.446044921875 2864.2744140625 -1 2059.634765625 3918.063720703125 -1 1867.8167724609375 1710.9952392578125 764 1867.8167724609375 1710.9952392578125 795 756.96954345703125 2206.729248046875 -1 1197.8399658203125 2558.170166015625 1019 1627.760498046875 3127.953369140625 1040 1732.091552734375 3617.890625 -1 1005.2902221679688 862.92083740234375 1172 1491.4716796875 2584.784912109375 -1 1491.4716796875 2584.784912109375 -1 1179.851318359375 3690.453857421875 -1 1968.0782470703125 3399.364013671875 600 1640.797607421875 1719.57763671875 826 1875.3167724609375 2597.93408203125 -1 1875.3167724609375 2597.93408203125 -1 1379.3126220703125 2323.66162109375 -1 1228.9246826171875 3373.71923828125 1042 2731.392333984375 1963.712890625 -1 
69 0.8926676761118113 -0.083615431539401999 0.44169953344812646 0.032471553478785151 0.59757591482320505 -0.08481007487868307 1.1086132813633884 69 img_073.jpg
1681.609375 1572.7781982421875 -1 1967.3369140625 1656.2149658203125 -1 1608.333251953125 1696.51708984375 1046 1594.14794921875 1700.5001220703125 -1 1559.6326904296875 1711.39990234375 1175 1946.5589599609375 1777.644287109375 -1 1909.539794921875 1787.9893798828125 -1 1898.9652099609375 1789.374267578125 -1 1859.9339599609375 1797.98486328125 -1 1765.6748046875 1842.802490234375 -1 1425.4842529296875 1997.8851318359375 -1 1373.9986572265625 2003.3109130859375 -1 1371.4139404296875 2006.353515625 -1 1451.4722900390625 2156.977294921875 -1 1667.5181884765625 1686.996337890625 -1 1941.412841796875 1782.1334228515625 -1 1931.39990234375 1782.85302734375 -1 1771.9267578125 1836.410400390625 -1 1765.841552734375 1839.3499755859375 -1 1683.5654296875 1873.2421875 -1 1377.85205078125 2007.166748046875 -1 1892.1474609375 1789.786865234375 -1 1772.6031494140625 1841.2120361328125 -1 1456.799560546875 2195.941162109375 1050 1640.8560791015625 2521.29150390625 1078 1279.991943359375 4076.450927734375 -1 2892.14599609375 4076.236572265625 -1 1519.70166015625 1500.08154296875 1117 1379.529296875 2000.9129638671875 -1 1883.8316650390625 1580.440185546875 -1 1488.697998046875 1861.9041748046875 1025 1342.1026611328125 2015.75146484375 836 1342.1026611328125 2015.75146484375 967 1246.4244384765625 2126.094482421875 903 1246.4244384765625 2126.094482421875 1027 1663.017578125 1423.1163330078125 -1 1931.067138671875 1678.9598388671875 -1 1355.13427734375 2003.9637451171875 835 1355.13427734375 2003.9637451171875 -1 1456.120849609375 2185.1708984375 994 1419.5797119140625 2214.87939453125 -1 1444.01025390625 2223.367919921875 -1 1428.8603515625 2232.55712890625 1076 1642.5733642578125 2535.856689453125 1051 1558.2542724609375 1402.8975830078125 996 1496.1219482421875 1439.442138671875 -1 1596.880615234375 1437.7559814453125 1139 1417.5826416015625 2008.5709228515625 1028 1526.198974609375 2274.935302734375 938 953.69647216796875 2378.963623046875 -1 1571.2535400390625 2421.972900390625 1053 1695.5675048828125 1393.818603515625 1029 1650.1409912109375 1457.7471923828125 1030 1688.430419921875 1573.537109375 -1 1932.859619140625 1700.9864501953125 1088 1966.517822265625 1707.738525390625 1054 1585.5556640625 2046.341552734375 1055 1504.9144287109375 2326.97216796875 969 1567.130615234375 2389.036376953125 -1 1615.8701171875 2662.20556640625 1077 1705.3228759765625 1337.2535400390625 -1 1611.7115478515625 1347.3072509765625 1486 1711.26953125 1421.16650390625 1086 1666.6671142578125 1469.1722412109375 1031 1495.681640625 1489.553466796875 1056 1658.5606689453125 1608.9095458984375 -1 1952.9566650390625 1682.1070556640625 944 1952.9566650390625 1682.1070556640625 945 1930.4222412109375 1704.0772705078125 -1 1604.7379150390625 1709.024169921875 -1 1394.0750732421875 1972.468017578125 907 1543.9464111328125 2092.30712890625 1000 1602.8853759765625 2287.9033203125 939 1518.045654296875 2300.5869140625 1091 1518.045654296875 2300.5869140625 1092 1570.22509765625 2351.865966796875 1002 1570.22509765625 2351.865966796875 1001 1653.8486328125 2381.27978515625 -1 1366.442138671875 2405.69091796875 -1 1636.6771240234375 2457.561279296875 1096 1643.495361328125 2801.10888671875 -1 1665.5411376953125 1412.052001953125 1487 1685.6771240234375 1445.566650390625 1079 1514.1060791015625 1452.285888671875 640 1783.198486328125 1463.535888671875 1060 1732.721435546875 1510.1971435546875 512 1413.048583984375 1913.4263916015625 908 1591.6766357421875 1996.3642578125 989 1251.323486328125 2005.5924072265625 970 1133.5093994140625 2165.546875 -1 1620.5570068359375 2355.007080078125 1004 1488.1656494140625 2358.13427734375 1043 901.5936279296875 2546.41064453125 -1 913.3157958984375 2727.77783203125 -1 2012.7763671875 2778.855224609375 -1 1603.024658203125 2837.70458984375 -1 908.0152587890625 2984.761474609375 973 1750.98388671875 1409.305908203125 1063 1609.731689453125 1628.17041015625 1064 1951.1214599609375 1644.8184814453125 972 1572.680908203125 2229.843505859375 971 1601.037841796875 2519.685791015625 -1 1643.925537109375 2694.08642578125 -1 1567.7423095703125 2753.241943359375 948 1641.876708984375 2857.436279296875 1067 1641.876708984375 2857.436279296875 1066 1606.571533203125 3026.989501953125 -1 1732.191650390625 1358.2232666015625 914 1663.200439453125 1368.78759765625 -1 1880.947021484375 1543.48193359375 950 1419.5626220703125 1656.9161376953125 951 1322.0181884765625 2126.498291015625 1006 1061.5806884765625 2212.94677734375 -1 1056.0045166015625 2505.716796875 1007 854.73291015625 2586.7607421875 -1 891.6436767578125 2768.33740234375 -1 1674.0687255859375 3038.2431640625 1032 1198.127197265625 3087.030517578125 1009 1472.744140625 3220.12353515625 -1 1724.5875244140625 1465.9984130859375 -1 1724.5875244140625 1465.9984130859375 -1 1264.515869140625 2003.5732421875 975 1477.5042724609375 2014.9879150390625 1008 1317.3538818359375 2060.450927734375 955 1153.0927734375 2293.232421875 616 944.4073486328125 2334.681640625 -1 1534.13916015625 2337.7607421875 1045 958.5450439453125 2417.015869140625 -1 1436.41064453125 2550.7373046875 871 1178.178955078125 2919.89990234375 1033 1614.35546875 2946.372314453125 -1 839.0853271484375 3158.5107421875 -1 1807.491943359375 1519.5535888671875 917 1911.1795654296875 1748.640380859375 780 1482.185546875 2249.755615234375 1047 1482.185546875 2249.755615234375 1012 1453.6412353515625 2357.776123046875 1013 1453.6412353515625 2357.776123046875 1014 1558.0062255859375 2569.544677734375 957 2093.95751953125 3314.130859375 -1 873.8953857421875 3581.947509765625 -1 1806.523681640625 1522.5748291015625 917 1713.148193359375 1922.2078857421875 1072 1099.6282958984375 2135.90234375 -1 1056.5714111328125 2319.563720703125 959 913.8602294921875 2347.0361328125 -1 1658.543212890625 2748.0673828125 -1 1186.297119140625 2831.927734375 -1 2068.962646484375 2827.19580078125 1023 2068.962646484375 2827.19580078125 919 1108.3826904296875 2970.510986328125 1132 1368.4718017578125 3024.759765625 881 854.87884521484375 3061.556884765625 1240 831.97747802734375 3297.888916015625 -1 1815.098388671875 3535.372802734375 -1 2228.296630859375 3592.99658203125 -1 1608.936767578125 1534.962646484375 923 1262.9678955078125 2358.550048828125 1048 2939.67333984375 2352.638671875 -1 891.59442138671875 2360.171630859375 -1 940.20306396484375 2596.94970703125 -1 940.20306396484375 2596.94970703125 985 1367.3052978515625 2620.05859375 1036 1279.3516845703125 2719.636474609375 1018 940.188720703125 2887.1181640625 1111 1931.298095703125 2944.034423828125 1037 2040.711181640625 3193.669921875 -1 1443.685546875 3912.751953125 978 773.271240234375 2226.423828125 -1 1704.4716796875 3619.891357421875 -1 1849.2647705078125 1705.97265625 764 1849.2647705078125 1705.97265625 795 1154.1627197265625 2553.540771484375 1019 1493.9365234375 2867.490234375 -1 1578.0513916015625 3125.80224609375 1040 1830.0792236328125 3921.148193359375 -1 1830.0792236328125 3921.148193359375 -1 1031.8179931640625 859.95513916015625 1172 1143.637451171875 3695.37109375 -1 1916.3109130859375 3398.59033203125 600 1622.4722900390625 1715.402587890625 826 1907.8109130859375 2061.9873046875 -1 1907.8109130859375 2061.9873046875 -1 1828.56103515625 2607.052734375 1041 1360.7158203125 2333.048583984375 1485 1182.97900390625 3368.998291015625 1042 2975.798583984375 1922.47705078125 -1 
68 0.88757504920404984 -0.083520661992743703 0.45159120106626582 0.036058538104722253 0.51375108924349555 -0.074679343597467612 1.1285387212880611 68 img_072.jpg
1676.093505859375 1573.8128662109375 -1 1694.5001220703125 1588.0736083984375 -1 1694.5001220703125 1588.0736083984375 -1 1915.552490234375 1672.03271484375 -1 1612.7333984375 1694.290283203125 1049 1563.1197509765625 1710.94677734375 1274 1552.61669921875 1716.9691162109375 966 1947.3316650390625 1772.5626220703125 -1 1939.3846435546875 1783.9051513671875 -1 1887.3199462890625 1792.4381103515625 -1 1803.911376953125 1822.5653076171875 -1 1767.216064453125 1842.913818359375 -1 1753.58056640625 1845.1151123046875 -1 1695.175537109375 1866.6964111328125 -1 1678.64404296875 1875.484130859375 -1 1447.57861328125 1915.6597900390625 -1 1443.643310546875 2194.85009765625 1050 1919.0521240234375 3019.3095703125 -1 1816.47119140625 1820.44580078125 -1 1642.595947265625 1907.27734375 -1 1440.98388671875 1939.3614501953125 -1 1619.044677734375 2812.7060546875 -1 1652.573486328125 2856.966552734375 -1 1703.227783203125 1864.8682861328125 -1 1627.3013916015625 2522.82275390625 1078 1516.68603515625 1501.0997314453125 1117 1940.2425537109375 1785.115966796875 -1 1454.5382080078125 1914.81982421875 -1 1435.129150390625 2177.82470703125 -1 1445.0111083984375 2185.57470703125 994 1497.9033203125 2278.418212890625 -1 1632.974609375 2373.39697265625 1121 1604.028076171875 2707.684326171875 -1 1659.176025390625 1424.5633544921875 -1 1445.1080322265625 2185.0859375 994 1422.073486328125 2208.291259765625 1083 1428.1710205078125 2222.59912109375 -1 1396.3751220703125 2231.372802734375 -1 1410.865234375 2231.70947265625 1076 1418.246826171875 2248.490478515625 1084 1000.9234619140625 2285.216552734375 -1 1643.5106201171875 2468.12890625 -1 1629.8641357421875 2537.100341796875 1051 1604.1392822265625 2726.331298828125 -1 1604.3037109375 2747.01416015625 -1 1557.0535888671875 1403.6795654296875 996 1426.712890625 1996.2115478515625 1161 1051.7066650390625 2244.5458984375 -1 1511.078369140625 2275.213623046875 938 1553.2869873046875 2420.450439453125 1053 1701.91748046875 1397.839599609375 1085 1557.905517578125 1402.5458984375 996 1709.222900390625 1422.882568359375 1086 1647.447021484375 1459.6917724609375 1030 1523.953369140625 1475.7850341796875 1158 1867.7021484375 1516.835693359375 1090 1923.3531494140625 1702.9385986328125 1088 1963.6337890625 1709.92236328125 1054 1411.5250244140625 2008.9246826171875 1028 1581.3477783203125 2047.326171875 1055 1484.438232421875 2327.042236328125 969 1484.438232421875 2327.042236328125 1093 1555.9952392578125 2493.416748046875 -1 1613.6768798828125 1347.6900634765625 -1 1567.320068359375 1425.7454833984375 997 1663.435302734375 1471.405029296875 1031 1492.3575439453125 1491.6346435546875 1056 1867.6533203125 1514.9041748046875 1090 1799.64111328125 1556.023193359375 1087 1687.9349365234375 1576.7657470703125 -1 1647.9664306640625 1613.5821533203125 -1 1922.28271484375 1705.6217041015625 -1 1389.0875244140625 1973.052978515625 907 1537.9105224609375 2094.43115234375 1000 1591.7008056640625 2290.49072265625 939 1504.906494140625 2367.953125 -1 1577.692626953125 2537.42333984375 -1 1583.2615966796875 2586.92578125 -1 1511.492431640625 2793.490478515625 1058 1511.492431640625 2793.490478515625 1097 1562.054931640625 2870.535400390625 1098 1593.907958984375 2899.89404296875 -1 1614.7659912109375 1386.0634765625 -1 1656.46044921875 1411.8017578125 1487 1679.201416015625 1445.4344482421875 1079 1780.089111328125 1463.5496826171875 1060 1595.5496826171875 1741.5802001953125 1061 1403.143798828125 1919.77392578125 -1 1555.010009765625 2351.693603515625 1002 1555.010009765625 2351.693603515625 1001 1463.271484375 2356.2373046875 1043 1609.8529052734375 2355.91650390625 1004 1598.5693359375 2667.345703125 1077 1577.36962890625 2790.3466796875 -1 878.60626220703125 2983.846923828125 973 1749.9595947265625 1413.7486572265625 1063 1726.5 1507.2197265625 1099 1605.002197265625 1629.724853515625 1064 1948.9613037109375 1646.587646484375 972 1948.9613037109375 1646.587646484375 -1 1587.4014892578125 1996.0872802734375 989 1560.250244140625 2228.12353515625 971 1616.431396484375 2461.18798828125 -1 1332.0355224609375 2510.067138671875 -1 1537.7813720703125 2754.474365234375 948 1533.15087890625 2832.567138671875 -1 1625.7528076171875 2918.846923828125 -1 1568.3436279296875 3017.32666015625 1113 1731.8935546875 1360.71435546875 914 1665.153076171875 1368.8582763671875 1284 1416.467041015625 1656.712890625 951 1312.2781982421875 2126.70556640625 1006 1613.2279052734375 2458.924560546875 -1 864.12005615234375 2484.40283203125 -1 1023.14404296875 2500.428955078125 1007 1322.4656982421875 2502.145751953125 -1 1399.6002197265625 2549.21875 871 833.1844482421875 2582.5693359375 -1 1627.113037109375 2857.350830078125 1066 1627.113037109375 2857.350830078125 1067 1160.7294921875 3077.89501953125 -1 803.15802001953125 3144.3818359375 1104 1526.7161865234375 1446.72265625 1081 1268.4586181640625 1994.7779541015625 1308 1471.0079345703125 2017.85302734375 -1 1311.8765869140625 2059.789306640625 955 1123.8284912109375 2135.4033203125 1105 1126.2386474609375 2291.154052734375 616 941.484130859375 2427.611083984375 -1 1245.556884765625 2438.142578125 1109 960.26898193359375 2675.70703125 1106 1139.674072265625 2918.595703125 1033 1643.453857421875 3038.966796875 1032 808.9010009765625 3147.82958984375 1010 2017.7440185546875 3320.255615234375 1108 1723.3681640625 1463.9205322265625 -1 1806.214599609375 1520.720458984375 917 1908.7198486328125 1751.09765625 780 1464.553955078125 2250.2138671875 1047 913.08612060546875 2338.2109375 -1 1520.6143798828125 2340.752197265625 1045 1427.596923828125 2359.579345703125 1013 1427.596923828125 2359.579345703125 1014 1527.3614501953125 2565.530029296875 -1 1585.0030517578125 2951.730224609375 -1 2028.3485107421875 3321.189208984375 1242 1803.5467529296875 1524.9930419921875 917 1703.2960205078125 1921.202392578125 979 1033.35498046875 2318.108154296875 959 903.8472900390625 2342.074951171875 -1 1228.7806396484375 2347.031005859375 1073 1637.350830078125 2747.91943359375 -1 1144.96923828125 2822.66650390625 1015 2017.137451171875 2834.518798828125 919 2017.137451171875 2834.518798828125 1023 1319.05078125 3023.534912109375 881 803.12786865234375 3279.147216796875 -1 1762.723876953125 3549.28271484375 -1 1456.0640869140625 3939.48681640625 -1 0.63749998807907104 0.63749998807907104 -1 0.63749998807907104 0.63749998807907104 -1 0.63749998807907104 0.63749998807907104 -1 0.63749998807907104 0.63749998807907104 -1 0.63749998807907104 0.63749998807907104 -1 0.63749998807907104 0.63749998807907104 -1 0.63749998807907104 0.63749998807907104 -1 0.63749998807907104 0.63749998807907104 -1 1119.2763671875 2543.45947265625 1135 1811.5125732421875 3102.1123046875 1134 1845.613525390625 1709.12060546875 795 1845.613525390625 1709.12060546875 764 769.28607177734375 2411.979736328125 -1 769.28607177734375 2411.979736328125 -1 1121.6134033203125 2541.04931640625 -1 1527.64111328125 3121.966064453125 -1 1846.810791015625 3934.2080078125 -1 1846.810791015625 3934.2080078125 -1 2092.154296875 3924.714599609375 -1 1086.9324951171875 860.5654296875 -1 1863.923583984375 3402.14404296875 987 1619.99169921875 1718.562744140625 826 1812.063232421875 2594.068359375 -1 1340.0389404296875 2334.7451171875 1485 1144.446044921875 3366.377197265625 1042 
67 0.87965337430746204 -0.081039943218355531 0.46714293943039886 0.037682128562337561 0.39600992518599093 -0.063050810051610284 1.1964612001404853 67 img_071.jpg
1516.8460693359375 1507.573974609375 -1 1636.581787109375 1610.3983154296875 -1 1629.135986328125 1610.827392578125 -1 1632.71875 1611.4161376953125 -1 1632.71875 1611.4161376953125 -1 1965.9449462890625 1665.6947021484375 -1 1574.475830078125 1705.92236328125 -1 1557.2713623046875 1709.0321044921875 -1 1921.407958984375 1788.9959716796875 -1 1874.8719482421875 1797.2015380859375 -1 1806.862060546875 1825.156494140625 -1 1783.70166015625 1836.1058349609375 -1 1764.1202392578125 1844.3011474609375 -1 1746.7015380859375 1846.85595703125 -1 1738.472900390625 1849.487060546875 -1 1750.345458984375 1849.1312255859375 -1 1728.75439453125 1851.9405517578125 -1 1724.14599609375 1853.712646484375 -1 1719.0767822265625 1855.4036865234375 -1 1728.46484375 1855.207275390625 -1 1676.995361328125 1875.99365234375 -1 1467.15234375 1884.8526611328125 -1 1646.21875 1908.6856689453125 -1 1445.2728271484375 1922.11474609375 -1 1443.96435546875 1931.57373046875 -1 1365.9547119140625 2007.7437744140625 -1 1628.105224609375 2819.997314453125 -1 1631.7188720703125 2820.01953125 -1 1638.4271240234375 2830.05322265625 -1 1645.9765625 2845.642333984375 -1 1649.2840576171875 2845.96533203125 -1 1667.0692138671875 3056.409423828125 -1 1608.3599853515625 3065.941650390625 -1 1932.937744140625 1671.537109375 -1 1917.2080078125 1786.1171875 -1 1877.3634033203125 1793.127685546875 -1 1795.0133056640625 1830.932861328125 -1 1627.1094970703125 2814.412109375 -1 1921.8973388671875 1789.6297607421875 -1 1875.404541015625 1797.7135009765625 -1 1841.2637939453125 1808.5802001953125 -1 1774.9111328125 1835.849365234375 -1 1467.48828125 1888.6566162109375 -1 1436.3414306640625 2197.6328125 1050 1622.287841796875 2522.44775390625 1078 1682.117919921875 1563.672119140625 1115 1460.963623046875 1901.3905029296875 -1 1348.6968994140625 2008.36962890625 -1 1366.96435546875 2010.025634765625 727 1627.1673583984375 2419.796875 -1 1590.937255859375 2046.2200927734375 1055 1641.812255859375 2828.21142578125 -1 1644.4595947265625 1477.25 1116 1516.9619140625 1497.087158203125 1117 1796.3670654296875 1575.9508056640625 -1 1402.2510986328125 2024.7491455078125 904 1411.6912841796875 2208.716552734375 1083 1015.7533569335938 2263.1123046875 -1 1516.1063232421875 2267.24755859375 -1 1556.1622314453125 1403.9132080078125 996 1688.749267578125 1575.3514404296875 -1 1638.5205078125 1609.2933349609375 -1 1802.1787109375 1834.2706298828125 -1 1411.366455078125 2012.719482421875 1028 1411.366455078125 2012.719482421875 -1 1398.2215576171875 2229.599609375 1076 1403.0989990234375 2251.5341796875 1084 1500.6925048828125 2276.29052734375 938 1540.0899658203125 2295.408447265625 -1 1509.128662109375 2416.32666015625 1142 1540.592529296875 2421.328857421875 1053 1547.0235595703125 2520.165771484375 1120 1625.7332763671875 2537.27294921875 1051 1642.97998046875 1336.57177734375 995 1700.8885498046875 1335.8046875 -1 1608.1195068359375 1349.595458984375 1486 1699.9930419921875 1395.9603271484375 1085 1706.99462890625 1421.5264892578125 1086 1525.6507568359375 1472.9306640625 1158 1793.7171630859375 1553.5736083984375 1087 1922.8876953125 1699.30712890625 1088 1968.1778564453125 1707.47216796875 1054 1611.900634765625 1949.8541259765625 -1 1520.781494140625 2370.249755859375 -1 1642.392333984375 2472.18701171875 -1 1538.143798828125 2498.193359375 1174 1599.02197265625 2739.2724609375 -1 1647.798828125 1410.065673828125 -1 1492.3988037109375 1490.207275390625 1056 1760.3533935546875 1488.9888916015625 -1 1869.459716796875 1510.24365234375 1090 1389.9425048828125 1975.597412109375 907 1536.476806640625 2096.39599609375 1000 1484.0933837890625 2299.481201171875 1091 1484.0933837890625 2299.481201171875 1092 1466.852294921875 2328.434814453125 969 1466.852294921875 2328.434814453125 1093 1557.0704345703125 2549.955322265625 -1 1681.7437744140625 1446.4842529296875 1079 1780.059814453125 1461.5577392578125 1060 1406.0626220703125 1917.4390869140625 908 1590.6900634765625 1999.9107666015625 989 1252.2974853515625 2011.263916015625 -1 1607.4091796875 2248.1943359375 -1 1545.6695556640625 2354.27294921875 1002 1545.6695556640625 2354.27294921875 1001 1605.3974609375 2357.286865234375 1004 1443.192138671875 2358.925048828125 1043 1616.230712890625 2462.88427734375 1096 1592.5679931640625 2665.124755859375 1077 1475.7994384765625 2793.1953125 1058 1475.7994384765625 2793.1953125 1097 1538.0574951171875 2873.590576171875 1098 1138.71435546875 3075.560546875 -1 1746.5074462890625 1409.9737548828125 1063 1721.621826171875 1501.73974609375 1099 1951.46044921875 1642.8699951171875 972 1951.46044921875 1642.8699951171875 1100 1299.267333984375 2516.755859375 -1 1562.9307861328125 2585.800537109375 1101 1504.1610107421875 2832.72216796875 -1 1626.5087890625 2916.067138671875 1102 1607.8907470703125 3043.8564453125 -1 1731.719482421875 1356.0670166015625 914 1661.3963623046875 1368.105224609375 1284 1418.0478515625 1657.190673828125 951 1514.146728515625 1735.0250244140625 -1 1312.6390380859375 2127.234375 1006 1556.951904296875 2232.882080078125 971 1390.29248046875 2476.212890625 -1 1293.0008544921875 2511.0673828125 -1 1517.4893798828125 2558.8662109375 1124 814.75274658203125 2582.050537109375 -1 1509.7977294921875 2757.92236328125 948 1557.2835693359375 2790.57373046875 -1 1501.5679931640625 2835.5869140625 -1 1543.3170166015625 3020.41552734375 1113 1611.2467041015625 3037.84814453125 1032 787.57177734375 3133.775390625 953 1527.9384765625 1446.52783203125 1081 1866.1156005859375 1827.8973388671875 -1 1263.0369873046875 2013.0069580078125 -1 1263.0369873046875 2013.0069580078125 -1 1469.6666259765625 2028.1580810546875 -1 1312.1949462890625 2062.4638671875 955 1130.3115234375 2132.610107421875 1105 1102.36083984375 2293.824462890625 616 1102.36083984375 2293.824462890625 -1 1366.8038330078125 2551.77685546875 871 932.681884765625 2673.573486328125 1106 787.4251708984375 2714.9013671875 -1 847.35894775390625 2752.0361328125 1107 1622.9102783203125 2854.922607421875 -1 1622.9102783203125 2854.922607421875 -1 1102.8594970703125 2914.271728515625 1033 1958.35546875 3323.777587890625 1108 1710.614990234375 3562.824951171875 -1 1804.5191650390625 1519.622802734375 917 1910.5777587890625 1749.7462158203125 780 854.40740966796875 2261.548583984375 -1 1452.0517578125 2251.05419921875 1047 1015.5165405273438 2320.14599609375 -1 1183.646484375 2334.101806640625 1127 1213.431396484375 2441.069580078125 1196 1476.8023681640625 2865.72216796875 -1 776.8529052734375 2948.9462890625 1128 1972.8021240234375 3325.442138671875 1167 1801.0911865234375 1522.75146484375 917 1711.3453369140625 1923.0152587890625 1072 891.25360107421875 2585.0390625 1157 1104.305908203125 2822.4931640625 1015 1960.279296875 2837.6298828125 1023 1960.279296875 2837.6298828125 919 882.02740478515625 2874.354736328125 1111 1581.1661376953125 2959.8681640625 -1 1272.017578125 3017.3828125 881 808.1300048828125 3043.696044921875 902 1320.2923583984375 3899.1337890625 -1 1599.67919921875 1536.40283203125 923 843.21429443359375 2367.96484375 -1 1285.669921875 2615.6181640625 1036 1198.278076171875 2720.052734375 1018 1806.9578857421875 2953.3662109375 1037 1038.9576416015625 2969.482666015625 1202 2143.084716796875 3559.46533203125 -1 1451.51806640625 3890.712646484375 -1 821.5880126953125 2375.756591796875 -1 1084.3243408203125 2545.18359375 1135 755.86651611328125 3329.119140625 1154 1729.781005859375 3676.74853515625 -1 1845.3291015625 1708.0313720703125 764 1845.3291015625 1708.0313720703125 795 737.9908447265625 3361.033447265625 -1 1135.4808349609375 3721.990478515625 -1 2053.442138671875 3898.8642578125 -1 1159.7723388671875 858.4720458984375 -1 1484.5888671875 3117.880859375 -1 1809.5833740234375 3401.675537109375 987 1827.3681640625 905.69317626953125 -1 1620.14990234375 1721.6690673828125 1156 253.67642211914062 2105.818359375 -1 1808.1031494140625 2568.421142578125 -1 1313.931396484375 2340.1640625 1237 1104.1500244140625 3343.6650390625 -1 
66 0.86383310202466068 -0.077525843325676844 0.49591171074621238 0.043054507404679102 0.3234896524979381 -0.076811894791383617 1.207279416179643 66 img_070.jpg
1725.677490234375 1580.6497802734375 -1 1803.364501953125 1654.0863037109375 -1 1658.6541748046875 1683.513916015625 1082 2029.79248046875 1757.1270751953125 -1 1936.6739501953125 1788.8634033203125 -1 1927.7279052734375 1793.0372314453125 -1 1846.13427734375 1822.648681640625 -1 1835.8489990234375 1825.6689453125 -1 1843.783203125 1826.4759521484375 -1 1813.6085205078125 1834.3096923828125 -1 1237.9962158203125 2144.516357421875 -1 1749.8646240234375 2815.42724609375 -1 1753.0294189453125 2821.483642578125 -1 1623.0020751953125 2955.724609375 -1 1688.9593505859375 3039.185302734375 1137 3057.709228515625 4053.671875 -1 1956.397216796875 1779.4892578125 -1 1941.4876708984375 1782.37060546875 -1 1864.9173583984375 1816.928955078125 -1 1871.55517578125 1818.9029541015625 -1 1856.057861328125 1819.5069580078125 1159 1816.7623291015625 1836.627685546875 -1 1769.40625 1871.8482666015625 -1 1468.2095947265625 1978.8988037109375 993 1486.5849609375 1980.434326171875 1024 1469.8582763671875 1982.60498046875 -1 1477.1119384765625 1982.7186279296875 -1 1525.40625 1982.989990234375 -1 1537.1038818359375 2064.057861328125 -1 3053.5 4053.0810546875 -1 1940.693359375 1787.7235107421875 -1 1863.7667236328125 1821.5164794921875 -1 1541.5184326171875 1932.2965087890625 -1 1845.59326171875 1821.2904052734375 -1 1541.9979248046875 1932.6146240234375 -1 1755.5965576171875 2816.229248046875 -1 1792.447021484375 1530.6392822265625 1115 1725.00634765625 2498.838623046875 1078 1762.6287841796875 1452.0479736328125 -1 1901.08984375 1555.1712646484375 -1 1733.498046875 1582.025146484375 1138 1580.1956787109375 1855.8175048828125 -1 1625.8922119140625 1463.9178466796875 -1 1994.2784423828125 1532.30859375 -1 1493.3009033203125 1977.4560546875 -1 1701.0531005859375 2020.960693359375 1055 1236.8192138671875 2152.708251953125 -1 1541.0133056640625 2157.16259765625 994 1511.2625732421875 2180.7509765625 1083 1492.5078125 2204.2255859375 1076 1484.976806640625 2246.59326171875 -1 1581.5059814453125 2250.4052734375 1118 1648.106201171875 2483.204833984375 -1 1648.106201171875 2483.204833984375 -1 1703.795654296875 2742.078369140625 -1 1662.9462890625 1379.40673828125 -1 1695.8778076171875 1426.5069580078125 1119 1635.612548828125 1442.61669921875 1158 1635.4676513671875 1480.2388916015625 -1 1918.001220703125 1804.028564453125 -1 1519.22119140625 1987.834716796875 -1 1519.22119140625 1987.834716796875 -1 1495.29833984375 2223.193359375 1084 1598.360595703125 2250.446044921875 938 1723.9835205078125 2374.97998046875 1162 1642.3486328125 2496.025146484375 1120 1729.2744140625 2513.45458984375 1051 1709.596923828125 2770.304443359375 -1 1756.5328369140625 1304.5228271484375 995 1719.5357666015625 1319.34912109375 1486 1864.6151123046875 1359.394775390625 -1 1814.9376220703125 1364.663330078125 1085 1821.108642578125 1391.427490234375 1086 1606.981201171875 1456.4833984375 -1 1907.1573486328125 1520.984130859375 1087 1797.4432373046875 1541.9666748046875 -1 2036.2847900390625 1668.3035888671875 1088 1697.135986328125 2026.4853515625 -1 1737.3526611328125 2352.6015625 1121 1636.38232421875 2394.898193359375 1053 1636.38232421875 2394.898193359375 1183 1632.00048828125 2474.76025390625 1174 1718.68310546875 2658.360595703125 1164 1755.9453125 1378.483642578125 1216 1677.0087890625 1395.2213134765625 997 1907.0582275390625 1397.2235107421875 -1 1892.4859619140625 1428.2491455078125 1060 1892.4859619140625 1428.2491455078125 1003 1767.7347412109375 1438.39697265625 1031 1797.4881591796875 1541.552001953125 -1 2082.23388671875 1678.85400390625 1054 1494.9207763671875 1949.9306640625 907 1644.8226318359375 2070.97998046875 1000 1557.9111328125 2302.114013671875 969 1557.9111328125 2302.114013671875 1093 1631.5242919921875 2473.65673828125 -1 1981.9345703125 1471.9095458984375 1248 1702.82080078125 1975.629638671875 -1 1679.759765625 2072.51220703125 -1 1249.6181640625 2125.319580078125 -1 1692.97509765625 2265.67578125 939 1529.675048828125 2333.5078125 1043 1644.3114013671875 2329.555908203125 1001 1644.3114013671875 2329.555908203125 1002 1708.71240234375 2332.576416015625 1004 1565.732666015625 2388.9501953125 -1 1719.6995849609375 2438.616455078125 1096 1693.7991943359375 2640.999755859375 1077 1547.7803955078125 2767.071533203125 1097 1547.7803955078125 2767.071533203125 1058 915.84808349609375 3064.7744140625 -1 1846.8634033203125 1323.081787109375 914 1860.3720703125 1381.5469970703125 1063 2067.53466796875 1610.2879638671875 1100 2067.53466796875 1610.2879638671875 972 1523.925048828125 1633.8348388671875 -1 1376.9005126953125 2490.307861328125 1005 1650.624755859375 2557.476318359375 1101 1621.1561279296875 2845.9873046875 1098 1731.500732421875 2892.50439453125 1102 1956.2728271484375 2941.297119140625 -1 1693.2513427734375 3016.693603515625 -1 1693.2513427734375 3016.693603515625 -1 1345.8675537109375 3180.754638671875 -1 1827.264404296875 1459.9451904296875 -1 1527.4840087890625 1631.4552001953125 951 1573.4613037109375 2016.143798828125 -1 1411.5826416015625 2043.735107421875 1144 1420.5941162109375 2101.600830078125 1006 1186.7227783203125 2267.11376953125 -1 1408.13525390625 2441.793212890625 1145 1463.124267578125 2446.02099609375 1123 1603.3687744140625 2531.32861328125 1124 937.56256103515625 2714.670166015625 1107 1593.2578125 2735.687744140625 -1 1582.601806640625 2807.148193359375 1146 1624.9517822265625 2991.684326171875 1113 878.13702392578125 3091.774169921875 953 1641.436279296875 1415.650634765625 1081 1819.8016357421875 1534.6630859375 -1 1503.9300537109375 1736.1773681640625 1165 1385.2711181640625 1971.0484619140625 1308 1278.915771484375 2406.7294921875 1109 1706.377685546875 2429.884521484375 1126 1439.563232421875 2521.707275390625 871 1390.751220703125 2766.37646484375 -1 1646.240966796875 2758.38037109375 -1 1727.4554443359375 2829.37548828125 1147 1727.4554443359375 2829.37548828125 1148 1174.40576171875 2879.459716796875 1033 2013.536865234375 3306.14599609375 1108 2027.314453125 1719.497802734375 780 1548.389404296875 2225.48828125 1047 1548.389404296875 2225.48828125 1012 1103.9915771484375 2294.518798828125 -1 1264.509765625 2306.192138671875 1127 1175.6922607421875 2778.346435546875 1151 867.56414794921875 2908.826416015625 1128 1335.151611328125 2977.242919921875 1166 894.8167724609375 3004.768798828125 902 894.8167724609375 3004.768798828125 1130 2032.21240234375 3308.685546875 1167 1920.986083984375 1486.230712890625 -1 1273.2593994140625 2183.46435546875 -1 964.83795166015625 2324.720703125 -1 980.1729736328125 2551.7607421875 1289 2015.1396484375 2818.765380859375 1023 2015.1396484375 2818.765380859375 919 965.88067626953125 2836.947265625 1111 871.4013671875 3247.737548828125 -1 1844.1597900390625 3670.668212890625 -1 1844.1597900390625 3670.668212890625 -1 1707.738525390625 1507.2840576171875 923 1832.9586181640625 1898.6458740234375 1072 1801.7537841796875 2354.772705078125 -1 1355.08642578125 2585.86865234375 1036 1263.072021484375 2685.29052734375 1018 1069.6591796875 2746.42724609375 -1 1106.986572265625 2926.245361328125 1132 1687.373291015625 2946.62744140625 -1 1815.997314453125 3079.58935546875 1134 1815.997314453125 3079.58935546875 -1 816.63623046875 2185.30029296875 1136 280.45993041992188 2331.230224609375 -1 1161.166748046875 2516.693603515625 1019 1960.2869873046875 1677.7734375 764 1960.2869873046875 1677.7734375 795 2399.62939453125 2157.675048828125 -1 1546.30322265625 3083.72216796875 -1 1214.4375 3665.149658203125 -1 2217.6962890625 3744.467529296875 -1 1343.3282470703125 857.20245361328125 -1 1311.8521728515625 1642.5023193359375 -1 1935.59033203125 2016.306640625 1298 1863.2445068359375 3389.146728515625 -1 2006.357666015625 898.5855712890625 -1 1732.011474609375 1694.2802734375 1156 1897.2156982421875 2537.703125 -1 1169.5699462890625 3259.70556640625 -1 1863.3602294921875 3414.108154296875 -1 1402.791015625 2309.43798828125 -1 959.147705078125 980.48455810546875 -1 
65 0.85728479077920705 -0.07127030559203644 0.50734186274543513 0.050868117180225339 0.1726070944472147 -0.069273482491104058 1.1896609914785996 65 img_069.jpg
1683.6865234375 1539.5206298828125 -1 1689.9410400390625 1545.0133056640625 -1 1615.6810302734375 1646.448974609375 966 1605.726318359375 1650.531982421875 1175 1609.93359375 1650.3970947265625 -1 1962.1380615234375 1728.362060546875 -1 1933.5352783203125 1733.860107421875 -1 1917.6624755859375 1740.2056884765625 -1 1925.3248291015625 1740.461669921875 -1 1898.7103271484375 1754.552001953125 -1 1881.5596923828125 1762.0069580078125 -1 1870.0084228515625 1764.4908447265625 -1 1833.778076171875 1779.1761474609375 -1 1808.5125732421875 1789.184814453125 -1 1792.593505859375 1791.85107421875 -1 1776.781005859375 1798.9058837890625 -1 1770.3626708984375 1802.0482177734375 -1 1775.316650390625 1802.833251953125 -1 1771.031494140625 1805.380859375 -1 1749.3043212890625 1825.93896484375 -1 1738.14111328125 1838.364501953125 -1 1717.69091796875 1865.87841796875 -1 1480.731201171875 1945.5880126953125 -1 1435.9071044921875 1946.474853515625 -1 1494.82080078125 2060.20068359375 -1 1684.266845703125 2304.98974609375 -1 1690.25634765625 2768.24072265625 -1 1605.653076171875 3019.465087890625 -1 1615.4189453125 3019.080810546875 1137 3057.848388671875 3896.146240234375 -1 3031.32958984375 4066.021240234375 -1 1690.1304931640625 1532.0018310546875 -1 2038.416748046875 1705.0250244140625 -1 1939.984375 1731.388916015625 -1 1946.55224609375 1732.820556640625 -1 1938.2022705078125 1735.9124755859375 -1 1881.16552734375 1758.1170654296875 -1 1780.98291015625 1800.5311279296875 -1 1734.4228515625 1838.1937255859375 -1 1500.2452392578125 1897.110107421875 -1 1494.591064453125 2044.707275390625 -1 1689.2413330078125 2771.672119140625 -1 1699.0560302734375 2779.02783203125 -1 1714.3709716796875 2802.43994140625 -1 3028.80517578125 4062.499755859375 -1 1696.5333251953125 1532.46484375 -1 1961.664794921875 1728.8067626953125 -1 1919.6068115234375 1743.8182373046875 -1 1436.6357421875 1942.2698974609375 -1 1705.1258544921875 2794.038330078125 -1 1319.685302734375 4076.333740234375 -1 1961.3040771484375 1729.676513671875 -1 1790.4073486328125 1797.314208984375 -1 1429.825927734375 1947.6248779296875 -1 1670.645263671875 1988.4549560546875 -1 1698.17138671875 2439.8193359375 -1 1696.850830078125 2448.44482421875 -1 1692.7164306640625 2768.501220703125 -1 3006.468017578125 3950.98193359375 -1 1755.4779052734375 1482.0013427734375 1115 1528.8695068359375 1838.842041015625 -1 1436.2506103515625 1941.833251953125 -1 1858.81005859375 1499.90234375 -1 1689.8067626953125 1538.8529052734375 1138 1679.7161865234375 2339.73193359375 -1 1674.8609619140625 2471.611328125 1078 1719.756591796875 1398.5152587890625 1116 1587.552978515625 1417.0400390625 -1 1458.4415283203125 2147.499267578125 1083 1679.995849609375 2340.339599609375 -1 1682.8536376953125 2357.997802734375 -1 1621.5953369140625 1336.112548828125 968 1656.1944580078125 1360.3291015625 1276 1598.5826416015625 1393.020751953125 -1 1886.4833984375 1492.2509765625 -1 1465.39990234375 1962.4869384765625 -1 1492.9495849609375 2120.963623046875 1178 1433.745849609375 2170.435546875 1076 1434.1363525390625 2192.362548828125 1084 1581.0419921875 2229.886962890625 -1 1688.750244140625 2322.443603515625 1121 1680.1995849609375 2487.272216796875 1051 1661.416748046875 2744.904296875 -1 1723.6241455078125 1253.881591796875 995 1826.01806640625 1303.45068359375 1180 1790.43505859375 1344.6658935546875 -1 1716.505615234375 1358.2464599609375 -1 1567.2359619140625 1409.5679931640625 1056 1953.02001953125 1435.289306640625 1090 1872.5523681640625 1475.1763916015625 1087 2057.387451171875 1635.6959228515625 1054 1101.3985595703125 2148.0693359375 -1 1410.5718994140625 2202.0654296875 -1 1562.1405029296875 2203.49755859375 -1 1544.912109375 2219.466064453125 938 1480.2978515625 2252.027587890625 -1 1590.105712890625 2343.87353515625 -1 1577.670166015625 2364.8671875 1053 1577.670166015625 2364.8671875 1183 1573.294921875 2448.84326171875 -1 1573.294921875 2448.84326171875 -1 1583.141357421875 2469.109130859375 1120 1602.9462890625 2476.672119140625 -1 1690.308349609375 1266.56787109375 1486 1751.0982666015625 1267.9219970703125 940 1641.599365234375 1316.5174560546875 -1 1641.599365234375 1316.5174560546875 -1 1666.416259765625 1316.53955078125 1212 1666.416259765625 1316.53955078125 -1 1780.01513671875 1313.980224609375 1085 1718.2320556640625 1329.2720947265625 1216 1640.9671630859375 1345.9344482421875 997 1734.4150390625 1394.138916015625 -1 1454.99609375 1914.9478759765625 -1 1690.0648193359375 1973.8389892578125 -1 1495.5650634765625 2271.37939453125 1093 1533.7161865234375 2365.921875 1142 1555.557373046875 2385.93212890625 -1 1484.94091796875 2906.8515625 -1 1822.50146484375 1274.07373046875 1185 1870.283935546875 1334.4019775390625 1667 1477.0736083984375 1848.6993408203125 908 1573.620361328125 1940.900146484375 -1 1646.8233642578125 2060.74853515625 -1 1646.8233642578125 2060.74853515625 -1 1646.934326171875 2234.13037109375 939 1553.646484375 2579.221923828125 1191 1641.8106689453125 2614.15576171875 1077 1454.807373046875 2744.96435546875 1097 1454.807373046875 2744.96435546875 1058 790.90869140625 2913.284423828125 -1 1818.6778564453125 1270.8310546875 914 1832.3507080078125 1342.579345703125 -1 1487.5286865234375 1587.1181640625 951 1667.184326171875 1939.9765625 -1 1375.8687744140625 2067.709716796875 -1 1211.0364990234375 2072.674560546875 -1 1510.288330078125 2231.92578125 1223 1510.288330078125 2231.92578125 1222 1591.400146484375 2299.139404296875 1002 1591.400146484375 2299.139404296875 1001 1659.58056640625 2300.124755859375 1004 1460.2386474609375 2304.988525390625 1043 1492.1922607421875 2361.55126953125 1143 1666.85791015625 2407.27099609375 1096 1625.314208984375 2466.560302734375 1192 838.74749755859375 2506.801025390625 -1 1672.042724609375 2573.815673828125 -1 1684.9205322265625 2868.83544921875 1102 1793.842041015625 1415.1947021484375 -1 1659.844970703125 1934.4359130859375 -1 1372.82666015625 2006.4488525390625 -1 1375.5064697265625 2068.007080078125 1006 1122.66943359375 2119.486328125 1206 1101.4942626953125 2239.570068359375 -1 1655.4398193359375 2298.04541015625 -1 1486.47412109375 2369.589599609375 -1 1188.48291015625 2378.810546875 1109 1659.4486083984375 2403.396240234375 1126 1323.023681640625 2416.20751953125 1145 1587.20751953125 2531.035888671875 1101 814.74200439453125 2559.654541015625 -1 849.78857421875 2685.560791015625 1107 1499.5582275390625 2786.483154296875 1146 1072.229736328125 2855.072265625 1033 1626.376220703125 2986.143310546875 -1 1626.376220703125 2986.143310546875 -1 791.8450927734375 3063.272216796875 953 1608.537353515625 1365.8841552734375 1081 1395.624267578125 1711.342529296875 -1 1275.10009765625 2080.264892578125 1194 1174.5758056640625 2272.827880859375 -1 1384.3173828125 2418.7509765625 1123 1531.9052734375 2504.334228515625 1124 1683.516357421875 2557.877197265625 1198 1681.264892578125 2803.26416015625 1147 1681.264892578125 2803.26416015625 1148 1770.0382080078125 2957.328125 -1 1758.3896484375 3686.6767578125 -1 1758.3896484375 3686.6767578125 -1 1996.833251953125 1680.740966796875 780 1788.3839111328125 1839.924560546875 -1 1192.9674072265625 2152.344970703125 1149 1018.4976806640625 2271.30859375 -1 1725.758544921875 2293.506103515625 -1 891.27130126953125 2521.37109375 1157 1582.08349609375 2714.85498046875 -1 1077.820556640625 2748.01806640625 1290 1224.71728515625 2955.817626953125 1166 810.7332763671875 2977.47314453125 902 810.7332763671875 2977.47314453125 1130 1930.6263427734375 3306.29931640625 1167 1889.77734375 1438.353271484375 -1 1496.052978515625 2192.30615234375 1047 891.37823486328125 2283.7265625 1152 1740.2716064453125 2304.466552734375 -1 1511.0703125 2501.654541015625 -1 1156.1956787109375 2653.93359375 1200 1777.97314453125 2775.98486328125 -1 1193.611328125 2792.7880859375 -1 875.6767578125 2813.023193359375 1111 813.66949462890625 2976.464599609375 902 1669.5521240234375 1460.277587890625 923 1259.76708984375 2561.5986328125 1036 1907.890869140625 2806.54150390625 1023 1907.890869140625 2806.54150390625 919 1005.826171875 2898.410400390625 -1 1627.3287353515625 2929.986083984375 -1 1712.2879638671875 3066.608642578125 1134 780.10028076171875 3259.401611328125 1154 1427.4840087890625 1525.0789794921875 -1 329.41500854492188 2290.39990234375 -1 1067.150634765625 2485.30810546875 1135 1850.782470703125 3191.061279296875 -1 1956.4486083984375 3920.60986328125 -1 1926.6485595703125 1637.1015625 764 1926.6485595703125 1637.1015625 795 2089.447998046875 3717.94384765625 -1 1445.9376220703125 3064.79833984375 1155 1394.5841064453125 837.3026123046875 -1 1299.4053955078125 1612.4454345703125 -1 1921.780029296875 1998.916748046875 -1 1060.3485107421875 3175.40087890625 -1 2073.62646484375 886.96826171875 -1 1698.54248046875 1652.6241455078125 1156 1698.54248046875 1652.6241455078125 -1 1959.0899658203125 2016.066162109375 -1 1959.0899658203125 2016.066162109375 -1 1849.6558837890625 2485.401611328125 -1 1341.916748046875 2289.15673828125 1204 625.0684814453125 2473.324951171875 -1 1711.290283203125 3502.445068359375 -1 2462.209228515625 1956.9163818359375 -1 
64 0.83340392476665182 -0.085731131682671588 0.54432321216993629 0.042430082924171025 0.17710057331201767 -0.040377719189960658 1.0470626021445435 64 img_067.jpg
0.63749998807907104 0.63749998807907104 -1 0.63749998807907104 0.63749998807907104 -1 0.63749998807907104 0.63749998807907104 -1 0.63749998807907104 0.63749998807907104 -1 0.63749998807907104 0.63749998807907104 -1 0.63749998807907104 0.63749998807907104 -1 0.63749998807907104 0.63749998807907104 -1 0.63749998807907104 0.63749998807907104 -1 0.63749998807907104 0.63749998807907104 -1 0.63749998807907104 0.63749998807907104 -1 2262.177978515625 1711.66455078125 -1 2259.72509765625 1813.88330078125 -1 2116.79443359375 1866.7545166015625 -1 2106.242919921875 1876.3447265625 -1 1662.186279296875 2066.47509765625 -1 1902.3475341796875 1658.397705078125 1138 1754.2337646484375 1938.8880615234375 -1 1754.8531494140625 1939.0224609375 -1 1891.8802490234375 2600.743896484375 1078 1835.51904296875 1461.4105224609375 968 1800.9451904296875 1541.4268798828125 -1 2105.887939453125 1606.7288818359375 1176 1681.7996826171875 2082.059814453125 904 1668.49853515625 2266.007080078125 1177 1641.148193359375 2290.0830078125 -1 1734.398681640625 2342.564208984375 1118 1937.0208740234375 1375.2666015625 995 1963.3570556640625 1389.16845703125 940 2040.166748046875 1424.1036376953125 1180 1999.0755615234375 1462.430419921875 1086 2086.70458984375 1593.4732666015625 1087 2276.68310546875 1751.0509033203125 1054 1708.40234375 2056.964599609375 -1 1641.0400390625 2314.246826171875 1084 1755.5767822265625 2341.69287109375 938 1805.1258544921875 2470.1494140625 -1 1894.5545654296875 2467.533935546875 -1 1789.9517822265625 2492.789306640625 1053 1789.9517822265625 2492.789306640625 1183 1795.5576171875 2598.304443359375 1120 1899.414306640625 2617.23974609375 1051 1899.174560546875 1392.1685791015625 1486 1993.160400390625 1435.2529296875 1085 1857.4361572265625 1468.591064453125 997 2168.840087890625 1545.3897705078125 1248 1669.3116455078125 2031.292236328125 907 1641.731201171875 2315.71044921875 -1 1605.66259765625 2336.720458984375 1218 1764.70263671875 2514.345947265625 -1 1783.5789794921875 2573.327880859375 1174 1682.296142578125 3046.25 -1 2035.6331787109375 1393.6700439453125 1185 1935.4342041015625 1451.6868896484375 1216 2081.319580078125 1450.819091796875 1667 2071.452392578125 1494.016845703125 -1 1944.463623046875 1513.5877685546875 1031 1791.075927734375 2056.143798828125 1187 1822.03955078125 2160.1611328125 1000 1701.1534423828125 2394.466064453125 1093 1701.1534423828125 2394.466064453125 969 1758.4615478515625 2711.539794921875 1191 1894.1536865234375 2762.788330078125 1164 1835.6875 2805.443115234375 1189 2039.48046875 1449.9329833984375 1063 1699.746337890625 1709.201416015625 951 1795.2481689453125 1725.3636474609375 1190 1865.2557373046875 2182.664794921875 -1 1297.95458984375 2364.024169921875 -1 1803.577392578125 2424.209716796875 1002 1803.577392578125 2424.209716796875 1001 1665.340576171875 2429.6962890625 1043 1698.3126220703125 2487.514892578125 1143 1839.5159912109375 2597.8447265625 1192 1652.9368896484375 2879.431396484375 1097 1652.9368896484375 2879.431396484375 1058 1416.5162353515625 3288.778076171875 -1 2253.65966796875 1682.466064453125 1100 1622.1270751953125 1824.19189453125 -1 1551.8067626953125 2074.528076171875 -1 1551.8067626953125 2074.528076171875 -1 1746.538330078125 2108.08447265625 -1 1583.5396728515625 2129.841796875 1144 1425.3819580078125 2185.0029296875 -1 1922.0869140625 2397.745849609375 -1 1692.965576171875 2490.57666015625 -1 1517.9580078125 2540.494873046875 1145 1797.14453125 2663.014892578125 1101 1051.9176025390625 2808.440185546875 1107 1701.8392333984375 2919.423095703125 1146 1902.708984375 3010.466796875 1102 1747.34326171875 3104.093505859375 -1 1960.36474609375 3110.9443359375 -1 1824.1866455078125 1488.9871826171875 1081 2002.8033447265625 1526.1690673828125 -1 1685.292724609375 1816.5869140625 1165 1489.49853515625 2199.284912109375 1194 1387.17724609375 2506.00927734375 1196 1874.0093994140625 2529.3203125 1126 1580.927001953125 2543.5517578125 1123 1547.03125 2624.469482421875 871 1738.639892578125 2631.965087890625 1124 1909.790771484375 2688.192138671875 -1 1851.0360107421875 2748.446044921875 -1 1904.17822265625 2938.142822265625 1147 1904.17822265625 2938.142822265625 1148 1754.0780029296875 2942.84814453125 -1 1268.63037109375 2984.590087890625 1033 2215.2724609375 1796.74365234375 780 1572.939208984375 2041.5389404296875 -1 1300.16748046875 2240.099853515625 1206 1095.427978515625 2642.166259765625 1157 1789.491943359375 2849.5439453125 -1 1268.69140625 2875.71728515625 1290 1982.655029296875 2907.68603515625 -1 1409.975341796875 3092.63720703125 1166 1012.7060546875 3102.7861328125 -1 1012.7060546875 3102.7861328125 1230 2127.8310546875 3458.776611328125 -1 2101.419921875 1559.5421142578125 917 2010.007568359375 1973.952880859375 979 1396.6649169921875 2272.948974609375 1149 1567.5390625 2311.13134765625 -1 1703.6346435546875 2315.245849609375 1012 1703.6346435546875 2315.245849609375 1047 1096.9093017578125 2396.95849609375 1169 1340.04296875 2778.485107421875 1200 1168.91015625 2857.232666015625 -1 1378.3348388671875 2931.790283203125 -1 1074.8487548828125 2937.7900390625 1229 1074.8487548828125 2937.7900390625 1201 2098.202880859375 2944.697509765625 -1 2098.202880859375 2944.697509765625 -1 1203.2803955078125 3030.27392578125 1202 1016.4201049804688 3101.447998046875 -1 2136.8857421875 3460.39794921875 -1 1721.5450439453125 3964.64111328125 -1 1883.19384765625 1581.398681640625 923 2065.44677734375 2304.41162109375 -1 211.62812805175781 2385.2802734375 -1 412.9169921875 2391.804931640625 -1 1962.9989013671875 2422.793701171875 -1 1260.774169921875 2604.490234375 1135 1450.3095703125 2690.45849609375 1036 1905.2313232421875 3210.6943359375 -1 986.2174072265625 3350.808837890625 -1 612.6885986328125 2410.467529296875 -1 1841.137451171875 3066.46337890625 1207 2051.19384765625 3333.56640625 925 2273.65478515625 3873.79052734375 -1 2147.1953125 1757.2645263671875 764 2147.1953125 1757.2645263671875 795 2285.770263671875 3862.38525390625 -1 1655.716552734375 893.1396484375 1172 1538.795654296875 1725.1387939453125 -1 791.84515380859375 2210.721923828125 -1 1641.812255859375 3204.74072265625 1331 1252.260498046875 3304.781494140625 -1 2266.298828125 988.350341796875 -1 1913.864013671875 1778.4525146484375 -1 356.39361572265625 2103.062744140625 -1 2077.93310546875 2612.740234375 -1 1924.26416015625 3600.0234375 -1 2439.49072265625 2116.6611328125 -1 1555.8819580078125 2405.9873046875 1237 1247.2049560546875 1004.0868530273438 -1 
63 0.83623714722566367 -0.086205431917253328 0.53971232385124701 0.044572015782666848 -0.13624099025228034 -0.018730820385240463 0.99160330568308874 63 img_066.jpg
1708.471435546875 1603.171630859375 -1 1979.858154296875 1722.3360595703125 -1 1676.9398193359375 1741.1778564453125 -1 1605.8089599609375 1757.9857177734375 -1 1996.1351318359375 1833.3580322265625 -1 1950.0625 1850.1361083984375 -1 1925.8099365234375 1851.98193359375 -1 1901.5247802734375 1860.1163330078125 -1 1879.473876953125 1870.900390625 -1 1869.1529541015625 1879.5283203125 -1 1862.6109619140625 1882.1441650390625 -1 1854.137939453125 1886.126220703125 -1 1844.8682861328125 1887.7957763671875 -1 1792.67138671875 1908.58984375 1159 1801.679443359375 1909.3099365234375 -1 1750.4346923828125 1923.385498046875 -1 1742.4088134765625 1927.021240234375 -1 1742.5198974609375 1930.43603515625 -1 1735.9180908203125 1935.5064697265625 -1 1698.707275390625 1974.647705078125 -1 1670.5047607421875 2041.7501220703125 -1 1448.63525390625 2045.988525390625 -1 1649.6551513671875 2936.116943359375 -1 1456.8380126953125 3132.2646484375 -1 1923.4027099609375 1722.10693359375 -1 1561.6248779296875 1772.3831787109375 1082 2015.6939697265625 1818.6988525390625 -1 2012.377685546875 1823.5343017578125 -1 1931.67626953125 1850.7591552734375 -1 1837.94921875 1891.1497802734375 -1 1821.9111328125 1902.468994140625 -1 1810.4688720703125 1903.0531005859375 -1 1716.0521240234375 1959.1309814453125 -1 1707.66943359375 1963.64599609375 -1 1405.230224609375 2078.53369140625 -1 1534.2945556640625 3195.883544921875 -1 1514.40576171875 3197.27783203125 -1 2007.224609375 1828.7086181640625 -1 1737.0086669921875 1929.6961669921875 -1 1899.5458984375 1859.4361572265625 -1 1409.3916015625 2080.37744140625 -1 1716.5213623046875 1960.7811279296875 -1 1686.08056640625 1375.224853515625 995 1613.8299560546875 1484.93603515625 1276 1843.806396484375 1611.5341796875 1176 1387.5509033203125 2280.62353515625 1177 1413.7666015625 2434.021240234375 1211 1617.0645751953125 2622.023681640625 1078 1609.904296875 1504.551513671875 1119 1423.1748046875 2225.724365234375 -1 1431.381103515625 2256.14892578125 1178 1417.6527099609375 2282.5361328125 1214 1353.3687744140625 2305.03955078125 1179 1473.5772705078125 2359.891357421875 -1 1473.5772705078125 2359.891357421875 -1 1627.049560546875 2491.84228515625 1162 1624.7607421875 2641.790283203125 -1 1784.5 1427.655029296875 1180 1734.345703125 1437.0264892578125 1085 1611.7926025390625 1442.77685546875 1311 1600.8763427734375 1470.296875 997 1684.6295166015625 1485.3155517578125 1278 1683.4229736328125 1516.3203125 1031 1818.4024658203125 1604.67431640625 1249 2020.3023681640625 1761.7713623046875 1054 1453.48486328125 2066.96533203125 -1 1477.5682373046875 2330.73193359375 1215 1349.138427734375 2335.01806640625 1084 1474.2330322265625 2359.775390625 938 1474.2330322265625 2359.775390625 -1 1519.7137451171875 2494.455078125 1182 1499.2379150390625 2513.7490234375 1183 1492.17626953125 2597.848388671875 1174 1492.17626953125 2597.848388671875 1184 1500.5081787109375 2625.727783203125 -1 1624.5689697265625 2642.374267578125 1051 1631.0692138671875 2937.62353515625 -1 1781.8861083984375 1392.3897705078125 1510 1685.645263671875 1452.0654296875 1487 1829.422119140625 1455.8447265625 1667 1439.2767333984375 1720.1270751953125 1213 1612.260986328125 1799.9532470703125 1061 1433.8702392578125 1978.8179931640625 908 1408.7769775390625 2037.9366455078125 1282 1540.075439453125 2069.653564453125 1187 1627.8338623046875 2130.869140625 1489 1564.3685302734375 2178.328857421875 1246 978.211669921875 2325.886474609375 -1 1303.390869140625 2352.72802734375 1218 1484.01611328125 2474.3203125 1221 1437.74267578125 2522.38623046875 1219 1467.5992431640625 2541.28173828125 1220 1555.3626708984375 2833.8583984375 1189 1629.76806640625 1678.5194091796875 -1 1532.6661376953125 1733.675048828125 -1 1171.96533203125 2196.695068359375 1426 1322.66650390625 2204.48388671875 -1 1444.764404296875 2741.9658203125 1191 1304.5374755859375 2916.42578125 -1 1304.5374755859375 2916.42578125 -1 1339.831787109375 3089.284423828125 1227 1339.831787109375 3089.284423828125 -1 1376.0770263671875 3186.237060546875 -1 1785.5611572265625 1452.292724609375 1063 1997.0198974609375 1689.79736328125 1100 1318.366455078125 2150.906005859375 -1 1166.656005859375 2190.8154296875 -1 1323.547119140625 2206.105224609375 -1 1427.4381103515625 2364.64208984375 -1 1427.4381103515625 2364.64208984375 -1 1523.008056640625 2443.377197265625 1002 1523.008056640625 2443.377197265625 1001 1599.8134765625 2440.135498046875 -1 1386.5780029296875 2507.775390625 1143 1560.0859375 2621.59228515625 1192 1441.986328125 2746.677490234375 -1 1664.850830078125 2907.20166015625 -1 907.4990234375 3011.567138671875 1287 1377.706298828125 3185.49072265625 -1 673.46630859375 3222.664306640625 -1 1578.8048095703125 1487.1318359375 1257 1742.7115478515625 1527.464111328125 -1 1228.861572265625 2212.64013671875 1194 1002.0199584960938 2263.771240234375 -1 1658.173095703125 2409.034423828125 -1 1043.8817138671875 2420.0234375 1127 1049.7283935546875 2535.41845703125 -1 1609.4947509765625 2560.517822265625 1096 1181.47265625 2569.046142578125 1145 1250.9407958984375 2569.05029296875 1123 1019.394775390625 2600.21435546875 -1 1204.4676513671875 2647.1015625 -1 764.01788330078125 2667.72119140625 1157 1501.3184814453125 2693.18310546875 -1 1565.23974609375 2774.865966796875 -1 728.39337158203125 2832.072509765625 1225 914.96875 2902.62744140625 1226 1417.997314453125 3133.719482421875 -1 1961.5023193359375 1807.771240234375 780 878.7205810546875 2435.014892578125 -1 1424.5374755859375 2655.718505859375 1124 1635.5272216796875 2716.613525390625 -1 1007.78173828125 2962.7138671875 -1 1368.767822265625 2959.869140625 -1 1753.31689453125 3519.28759765625 1167 1844.2037353515625 1562.72021484375 917 1095.35302734375 2293.0009765625 1149 1268.622314453125 2327.524169921875 -1 1418.0828857421875 2335.138427734375 1012 1406.11279296875 2655.04833984375 -1 982.2664794921875 2810.174560546875 -1 824.40594482421875 2887.093994140625 -1 824.40594482421875 2887.093994140625 1263 739.49212646484375 2967.887939453125 1229 739.49212646484375 2967.887939453125 1201 849.33477783203125 3056.04443359375 -1 690.6048583984375 3131.8642578125 1240 1620.639404296875 1587.4434814453125 923 1774.2474365234375 1990.3682861328125 1072 771.56695556640625 2411.060546875 -1 915.2545166015625 2631.23291015625 1135 1098.5330810546875 2720.9716796875 1036 628.31597900390625 2262.637451171875 -1 1698.046630859375 3000.90771484375 1232 1698.046630859375 3000.90771484375 1233 1517.3668212890625 3097.19482421875 1207 1350.53173828125 1680.583251953125 -1 1885.254150390625 1767.728271484375 1267 1885.254150390625 1767.728271484375 1266 625.0703125 2248.4091796875 -1 2848.3564453125 2492.27490234375 -1 903.82769775390625 2785.514404296875 -1 1555.302978515625 881.3614501953125 1172 288.50100708007812 2157.006103515625 -1 1281.3955078125 3244.3984375 1331 892.75909423828125 3333.735595703125 1272 1999.0457763671875 3775.883056640625 -1 1660.709716796875 1787.9810791015625 -1 1660.709716796875 1787.9810791015625 -1 301.52322387695312 2135.906494140625 -1 1539.14794921875 3622.383056640625 -1 2207.510986328125 1030.65087890625 -1 1244.521484375 2432.05859375 1204 1244.521484375 2432.05859375 -1 1846.1207275390625 2659.029541015625 -1 1118.4061279296875 951.61798095703125 -1 
62 0.83033309526315879 -0.096599002910456186 0.54728636347208615 0.041148753382176571 -0.37570808366680603 -0.029411194127538825 0.9620943417293687 62 img_065.jpg
0.63749998807907104 0.63749998807907104 -1 0.63749998807907104 0.63749998807907104 -1 0.63749998807907104 0.63749998807907104 -1 0.63749998807907104 0.63749998807907104 -1 0.63749998807907104 0.63749998807907104 -1 0.63749998807907104 0.63749998807907104 -1 0.63749998807907104 0.63749998807907104 -1 0.63749998807907104 0.63749998807907104 -1 0.63749998807907104 0.63749998807907104 -1 0.63749998807907104 0.63749998807907104 -1 0.63749998807907104 0.63749998807907104 -1 0.63749998807907104 0.63749998807907104 -1 0.63749998807907104 0.63749998807907104 -1 0.63749998807907104 0.63749998807907104 -1 0.63749998807907104 0.63749998807907104 -1 0.63749998807907104 0.63749998807907104 -1 0.63749998807907104 0.63749998807907104 -1 0.63749998807907104 0.63749998807907104 -1 0.63749998807907104 0.63749998807907104 -1 0.63749998807907104 0.63749998807907104 -1 0.63749998807907104 0.63749998807907104 -1 0.63749998807907104 0.63749998807907104 -1 0.63749998807907104 0.63749998807907104 -1 0.63749998807907104 0.63749998807907104 -1 0.63749998807907104 0.63749998807907104 -1 0.63749998807907104 0.63749998807907104 -1 1486.2623291015625 1716.2401123046875 -1 1470.796630859375 1803.39404296875 -1 1876.366455078125 1865.8541259765625 1160 1861.3348388671875 1885.3114013671875 1275 1853.8028564453125 1888.992431640625 1427 1787.735595703125 1904.2528076171875 1361 1746.0577392578125 1918.9012451171875 -1 1739.963134765625 1921.7880859375 -1 1709.644287109375 1936.5438232421875 -1 1605.4027099609375 1983.795654296875 -1 1334.0272216796875 2033.3819580078125 -1 1478.6566162109375 2970.83251953125 -1 1686.6080322265625 1946.9033203125 -1 1600.6043701171875 1989.846923828125 -1 1561.931884765625 2031.3289794921875 -1 1825.16552734375 1898.44091796875 -1 1657.36279296875 1962.1510009765625 -1 1701.6944580078125 1659.2059326171875 1176 1478.996826171875 2523.369873046875 1244 1461.7816162109375 2681.296875 1078 1554.8004150390625 1422.2615966796875 995 1584.5853271484375 1436.3897705078125 -1 1517.5433349609375 1438.5753173828125 1486 1598.6553955078125 1482.8111572265625 1085 1466.45263671875 1516.8861083984375 997 1540.5645751953125 1532.167236328125 1181 1640.044921875 1541.0732421875 -1 1775.7596435546875 1602.8310546875 1090 1312.3302001953125 2112.947998046875 1161 1279.7265625 2140.6015625 904 1230.8385009765625 2330.9189453125 1177 1189.3251953125 2353.587158203125 1179 1314.1461181640625 2411.40185546875 -1 1314.1461181640625 2411.40185546875 -1 1368.4488525390625 2427.79443359375 1238 1243.810546875 2488.649658203125 1211 1481.837890625 2550.963134765625 1162 1461.5474853515625 2680.629638671875 -1 1458.2608642578125 2964.5205078125 -1 1582.3521728515625 1438.103759765625 1277 1482.18798828125 1489.740478515625 1212 1589.254150390625 1506.4984130859375 1245 1541.98486328125 1562.7064208984375 1031 1301.7486572265625 1772.5943603515625 1213 1880.02734375 1782.1953125 944 1882.4033203125 1811.368896484375 1054 1262.544921875 2334.52197265625 1214 1182.9552001953125 2383.942626953125 1084 1325.8389892578125 2384.056640625 1215 1285.510498046875 2405.92138671875 -1 1314.63671875 2411.492431640625 938 1314.63671875 2411.492431640625 -1 1360.2647705078125 2550.942626953125 1182 1481.856689453125 2551.704833984375 1162 1332.6434326171875 2568.020751953125 1183 1454.0806884765625 2613.162353515625 1832 1329.601318359375 2683.030029296875 -1 1290.1575927734375 2702.5673828125 1254 1216.3402099609375 3040.18505859375 -1 1654.8472900390625 1443.4906005859375 1185 1549.211181640625 1500.296630859375 1487 1671.7154541015625 1538.4461669921875 -1 1675.636474609375 1657.1905517578125 1249 1295.592529296875 2026.297119140625 -1 1270.311279296875 2083.2255859375 -1 1499.72998046875 2185.70751953125 1489 1425.608154296875 2226.99072265625 -1 1480.0189208984375 2303.800048828125 -1 1480.0189208984375 2303.800048828125 -1 1126.34130859375 2403.669189453125 1218 766.98638916015625 2449.44873046875 -1 1232.72509765625 2467.32421875 1093 1235.3919677734375 2521.06884765625 1253 1262.0445556640625 2580.041748046875 1219 1296.5318603515625 2597.263916015625 1220 1323.9066162109375 2652.093017578125 1174 1323.9066162109375 2652.093017578125 1184 1464.4720458984375 2842.24853515625 -1 805.90020751953125 3400.96435546875 -1 1547.5167236328125 1461.26171875 1668 1739.7388916015625 1669.636962890625 -1 1483.23681640625 1727.046630859375 1064 1394.815673828125 1779.8270263671875 1190 1290.4136962890625 1858.5911865234375 -1 1171.1510009765625 2207.98046875 -1 1319.141357421875 2528.29248046875 1221 533.432861328125 2681.018310546875 -1 1396.8431396484375 2892.962158203125 1189 1238.7293701171875 2912.3974609375 1256 1087.677001953125 2975.714111328125 -1 1209.517822265625 3105.647216796875 -1 778.9168701171875 3332.88818359375 -1 1647.7010498046875 1497.7913818359375 1063 1296.7724609375 1864.063720703125 -1 1176.22021484375 2203.674560546875 -1 1027.684814453125 2235.452392578125 1318 1271.75927734375 2429.508056640625 1222 1271.75927734375 2429.508056640625 1223 1363.793212890625 2497.940185546875 1002 1363.793212890625 2497.940185546875 1001 1205.87060546875 2559.36279296875 1143 1401.7681884765625 2676.744873046875 1192 1254.916259765625 2806.648681640625 1224 535.58984375 2876.827880859375 1225 1409.591796875 2971.645263671875 -1 1508.012451171875 2966.6806640625 -1 1088.257568359375 2976.066162109375 -1 693.36590576171875 3068.854248046875 1033 1156.55712890625 3245.33740234375 -1 1446.92626953125 1532.77685546875 1257 1602.23095703125 1568.0263671875 -1 1856.6947021484375 1737.484130859375 1100 1180.08154296875 2262.6708984375 -1 826.41156005859375 2305.733154296875 -1 656.1275634765625 2422.375244140625 -1 850.99725341796875 2471.3544921875 -1 692.8560791015625 2478.49169921875 1270 1449.291015625 2490.904296875 1259 730.51025390625 2544.903564453125 -1 570.704833984375 2712.22314453125 1157 697.46295166015625 2951.467041015625 1226 1128.387451171875 3149.3916015625 1227 1220.53515625 3183.371826171875 -1 1828.82421875 1856.965087890625 1371 1634.378173828125 2017.7069091796875 -1 1205.3984375 2092.106689453125 1260 1092.62841796875 2263.183349609375 1194 975.31201171875 2623.486083984375 1323 1053.8912353515625 2621.5986328125 1123 1329.09765625 2757.06640625 1264 1485.2249755859375 2771.01318359375 -1 1408.9364013671875 2833.2509765625 1197 1408.9364013671875 2833.2509765625 1262 617.46746826171875 2930.789794921875 1263 1173.2967529296875 3005.0361328125 -1 542.80084228515625 3016.850830078125 1201 542.80084228515625 3016.850830078125 1229 1292.9964599609375 3153.44921875 -1 494.21112060546875 3182.333251953125 -1 494.21112060546875 3182.333251953125 -1 1528.760498046875 3605.884521484375 -1 1616.4512939453125 1535.6748046875 -1 1616.4512939453125 1535.6748046875 -1 1712.895263671875 1610.775390625 1168 1638.151123046875 2026.5518798828125 -1 1105.3719482421875 2261.88134765625 -1 579.97503662109375 2322.425537109375 -1 1259.1876220703125 2386.707763671875 1012 696.2288818359375 2686.481689453125 -1 696.2288818359375 2686.481689453125 -1 756.97821044921875 2856.34619140625 -1 1175.19970703125 3004.7529296875 -1 637.12451171875 3109.208251953125 1132 637.12451171875 3109.208251953125 -1 1294.5743408203125 3156.606201171875 -1 1480.7474365234375 1634.7205810546875 923 918.94293212890625 2348.691162109375 1265 578.16802978515625 2451.635498046875 -1 1556.070068359375 2479.38330078125 -1 883.18353271484375 2774.9052734375 1326 1273.23095703125 1683.07080078125 -1 551.85791015625 2459.20751953125 -1 687.7161865234375 2842.954833984375 -1 1453.077880859375 3057.1689453125 1232 1453.077880859375 3057.1689453125 1233 1703.3839111328125 3895.19970703125 -1 1747.2091064453125 1815.8441162109375 1266 1747.2091064453125 1815.8441162109375 1267 1719.28662109375 3879.8857421875 -1 668.54034423828125 3378.830810546875 1272 1557.3079833984375 941.9224853515625 -1 268.90631103515625 2202.383056640625 -1 1048.12060546875 3300.357421875 1331 1801.5341796875 3831.17041015625 -1 1524.05224609375 1845.7720947265625 1268 1524.05224609375 1845.7720947265625 1269 1308.79541015625 3684.541259765625 -1 2212.47900390625 1127.460693359375 -1 1066.398681640625 2474.773193359375 -1 1066.398681640625 2474.773193359375 1485 998.2247314453125 920.8870849609375 -1 1777.51123046875 2786.1640625 -1 1777.51123046875 2786.1640625 -1 
61 0.82521853774065901 -0.0934135266140384 0.55531095061330304 0.043795275357583575 -0.52977195090470763 -0.019423417474826496 0.99892778416624151 61 img_064.jpg
1833.1412353515625 1743.3460693359375 -1 1824.0855712890625 1748.109130859375 -1 1740.041015625 1756.1893310546875 -1 1497.4517822265625 1770.366943359375 -1 1497.0650634765625 1773.7347412109375 -1 1351.424072265625 1812.4013671875 -1 1817.0594482421875 1840.005615234375 -1 1789.2799072265625 1877.510009765625 -1 1738.5537109375 1886.9853515625 -1 1738.7000732421875 1890.0614013671875 -1 1717.0958251953125 1895.5423583984375 -1 1706.751953125 1899.6873779296875 -1 1701.3450927734375 1901.624755859375 -1 1663.6483154296875 1920.4749755859375 -1 1658.887451171875 1922.8355712890625 -1 1626.982666015625 1935.9727783203125 -1 1622.0347900390625 1941.711181640625 -1 1601.6414794921875 1948.366455078125 -1 1590.692626953125 1951.358154296875 -1 1585.6563720703125 1952.79150390625 -1 1562.9307861328125 1958.4036865234375 -1 1538.2144775390625 1979.470947265625 -1 1528.1033935546875 1988.0279541015625 -1 1512.5595703125 2007.628662109375 -1 1511.452880859375 2014.326416015625 -1 1504.8134765625 2018.0482177734375 -1 1482.76611328125 2071.9892578125 -1 1467.9779052734375 2133.525390625 -1 1229.2274169921875 2261.82763671875 -1 1218.7542724609375 2297.303955078125 -1 1431.7926025390625 2995.778076171875 -1 1445.3529052734375 3009.375732421875 -1 1449.5418701171875 3017.224853515625 -1 1818.6075439453125 1752.3984375 -1 1771.64404296875 1759.5067138671875 1310 1767.833740234375 1884.48828125 -1 1676.3128662109375 1911.2867431640625 -1 1654.2620849609375 1921.34619140625 -1 1634.0234375 1932.184326171875 1440 1642.6043701171875 1932.4976806640625 -1 1550.219482421875 1964.007080078125 -1 1508.8409423828125 2012.25 -1 1421.865478515625 2980.790283203125 -1 1576.5152587890625 1952.317626953125 -1 1568.1553955078125 1955.2625732421875 -1 1537.8272705078125 1974.2391357421875 -1 1539.7177734375 1981.2137451171875 -1 1628.3880615234375 1645.4730224609375 1176 1403.4066162109375 2518.252197265625 1244 1413.13671875 1516.228759765625 1139 1284.9534912109375 2009.93408203125 -1 1242.0909423828125 2425.923583984375 1312 1403.855712890625 2616.779541015625 1300 1403.855712890625 2616.779541015625 -1 1594.718505859375 1403.3587646484375 -1 1487.2373046875 1406.2998046875 995 1520.458984375 1421.3963623046875 -1 1416.221435546875 1475.6051025390625 1311 1522.5311279296875 1491.198974609375 1245 1468.7110595703125 1516.6103515625 1181 1560.0078125 1514.823974609375 -1 1405.11181640625 1537.8319091796875 1119 1210.7052001953125 2134.2626953125 904 1149.707763671875 2324.95947265625 1177 1105.0784912109375 2346.8466796875 1179 1205.91943359375 2402.810546875 -1 1232.93212890625 2406.3779296875 -1 1232.93212890625 2406.3779296875 -1 1153.7000732421875 2484.106689453125 1211 1384.621826171875 2675.954833984375 1078 1520.2230224609375 1422.3580322265625 1277 1416.5357666015625 1474.711669921875 -1 1470.467041015625 1516.7430419921875 1278 1470.1981201171875 1547.3123779296875 1031 1591.5673828125 1560.34814453125 1333 1813.9027099609375 1770.6207275390625 944 1814.6507568359375 1801.8079833984375 1054 1357.220947265625 2224.130126953125 1246 1061.1805419921875 2378.52783203125 1279 1203.779052734375 2403.647216796875 -1 1065.135009765625 2406.615234375 -1 1233.3687744140625 2406.44970703125 1409 1233.3687744140625 2406.44970703125 -1 1247.9747314453125 2529.382568359375 -1 1409.606201171875 2546.432861328125 1162 1247.3135986328125 2563.208251953125 1183 1378.1285400390625 2609.4072265625 1832 1395.8187255859375 2695.424072265625 1051 1589.0911865234375 1428.193115234375 1185 1476.8499755859375 1483.5556640625 1216 1604.5577392578125 1529.1810302734375 -1 1604.5577392578125 1529.1810302734375 -1 1709.3277587890625 1581.63232421875 1248 1602.59423828125 1642.107421875 1249 1583.605224609375 1807.1331787109375 1335 1393.714111328125 1837.232666015625 1061 1232.8709716796875 2013.3134765625 -1 1199.4267578125 2080.59130859375 1282 1439.25146484375 2181.535888671875 1489 1416.70751953125 2304.792236328125 1315 1416.70751953125 2304.792236328125 1339 1184.2877197265625 2330.050537109375 1214 1031.2718505859375 2401.5380859375 1218 1138.8984375 2513.535888671875 1253 1207.4986572265625 2594.87744140625 1220 1236.0302734375 2646.680419921875 1174 1197.689453125 2701.440673828125 1254 677.44287109375 3398.328125 -1 1480.0601806640625 1445.2861328125 1668 1665.5401611328125 1656.0885009765625 1255 1403.1859130859375 1716.0552978515625 -1 1325.9202880859375 1765.5328369140625 1190 1224.4398193359375 1850.387451171875 -1 1095.8697509765625 2381.69384765625 1084 1235.404052734375 2523.193359375 1221 1171.8153076171875 2572.087646484375 1219 438.814453125 2793.928466796875 -1 1140.969970703125 2907.468505859375 1256 996.86944580078125 2926.0087890625 1337 573.72943115234375 3056.116943359375 1287 1434.19873046875 3092.87548828125 -1 1029.9288330078125 3247.22265625 1288 1576.3052978515625 1481.1214599609375 1063 1106.0029296875 2257.53759765625 -1 1190.190185546875 2429.994384765625 1092 1190.190185546875 2429.994384765625 1091 1144.0718994140625 2473.02783203125 -1 1283.73583984375 2494.451416015625 1002 1283.73583984375 2494.451416015625 1001 1110.4371337890625 2554.052734375 1143 467.598388671875 2712.662109375 1289 1323.9664306640625 2964.609375 -1 1433.4241943359375 3094.03759765625 -1 370.79818725585938 3106.332275390625 1316 1032.0643310546875 3246.755615234375 -1 391.50418090820312 3266.53662109375 -1 1380.69970703125 1516.2451171875 1257 1295.4959716796875 1700.515625 -1 1787.9073486328125 1724.2701416015625 1100 1770.848876953125 1845.5211181640625 1317 1282.54931640625 2199.76806640625 1305 1019.9969482421875 2257.727783203125 1194 595.9552001953125 2471.93505859375 1270 1374.921875 2484.841796875 1259 735.48626708984375 2588.906494140625 -1 1153.1307373046875 2808.391845703125 1224 438.4215087890625 2871.19775390625 1225 582.79486083984375 2945.0341796875 1226 1418.6278076171875 3021.64111328125 -1 1418.6278076171875 3021.64111328125 -1 1014.6528930664062 3149.26708984375 1227 1145.842041015625 2081.080322265625 1260 1244.430908203125 2339.47705078125 -1 1244.430908203125 2339.47705078125 -1 1008.4567260742188 2376.384033203125 1434 1457.170166015625 2450.9453125 1358 949.31396484375 2614.970458984375 1123 863.22418212890625 2623.79736328125 1323 693.1343994140625 2650.5634765625 -1 693.1343994140625 2650.5634765625 -1 571.14312744140625 2687.394775390625 1328 1406.370849609375 2770.115234375 1198 1333.261962890625 2830.905029296875 1197 1333.261962890625 2830.905029296875 1262 509.93167114257812 2927.1650390625 1263 441.76580810546875 3011.6943359375 1201 1060.8699951171875 3007.49951171875 -1 403.37310791015625 3179.11572265625 1240 1115.6103515625 3180.46533203125 -1 1552.197021484375 1515.5487060546875 -1 1642.420654296875 1595.940185546875 1168 1171.59228515625 2380.79638671875 1012 528.2911376953125 2423.747802734375 -1 1241.844482421875 2755.798095703125 1264 1063.8753662109375 2998.924072265625 -1 1144.858642578125 3074.501220703125 -1 527.931640625 3116.52294921875 -1 527.931640625 3116.52294921875 -1 407.50054931640625 3178.115478515625 -1 1409.594970703125 1621.0594482421875 923 1159.7227783203125 2002.349853515625 -1 823.580810546875 2345.92626953125 1265 629.6878662109375 2654.1689453125 -1 629.6878662109375 2654.1689453125 -1 767.66796875 2771.51220703125 1326 1213.726318359375 2940.871826171875 -1 1183.598388671875 1688.14599609375 -1 573.71533203125 2848.516845703125 -1 1329.4232177734375 3054.53759765625 919 1329.4232177734375 3054.53759765625 1023 1678.891357421875 1805.0078125 1266 1678.891357421875 1805.0078125 1267 553.02850341796875 3369.33642578125 -1 1585.0789794921875 917.6661376953125 1172 270.26373291015625 2197.67919921875 -1 1693.306884765625 2162.365966796875 1298 912.38995361328125 3303.29345703125 -1 1459.0166015625 1833.07763671875 1268 1459.0166015625 1833.07763671875 1269 1186.099609375 3680.546630859375 1309 972.7877197265625 2460.151611328125 -1 972.7877197265625 2460.151611328125 -1 991.38494873046875 880.79339599609375 -1 2246.998291015625 1175.9532470703125 -1 1876.34716796875 2895.4921875 -1 
60 0.81430606536299321 -0.092000673799547419 0.57131948242476771 0.045117146799918607 -0.61379327720596921 -0.02841981732392735 0.99422306597786547 60 img_063.jpg
1861.6007080078125 1737.9249267578125 -1 1850.174072265625 1745.3760986328125 -1 1766.9268798828125 1746.131103515625 -1 1844.8857421875 1747.5052490234375 -1 1598.7589111328125 1753.471923828125 -1 1837.9764404296875 1753.595458984375 -1 1527.3653564453125 1765.3421630859375 -1 1455.1634521484375 1776.5999755859375 -1 1401.82666015625 1790.6409912109375 -1 1404.4200439453125 1793.445556640625 1274 1843.5699462890625 1848.1387939453125 1382 1836.72802734375 1855.6102294921875 -1 1750.3795166015625 1887.776123046875 -1 1708.351806640625 1904.8211669921875 -1 1706.4532470703125 1908.82373046875 -1 1700.8433837890625 1911.1136474609375 -1 1686.7529296875 1918.7501220703125 -1 1620.3258056640625 1942.034423828125 -1 1591.8748779296875 1953.8712158203125 -1 1580.809326171875 1961.6883544921875 -1 1545.4339599609375 2014.5601806640625 -1 1539.7769775390625 2019.119140625 -1 1253.12890625 2275.78271484375 -1 1459.726806640625 2975.7275390625 -1 1467.9556884765625 2990.69091796875 -1 1813.4991455078125 1868.0687255859375 -1 1812.10595703125 1872.2183837890625 -1 1775.915771484375 1876.4805908203125 -1 1778.383056640625 1880.0726318359375 -1 1664.445068359375 1926.5712890625 -1 1607.005615234375 1946.836669921875 -1 1581.5186767578125 1966.271484375 -1 1851.3489990234375 1749.692626953125 -1 1830.2376708984375 1865.680908203125 1275 1552.7601318359375 1996.6973876953125 -1 1449.8623046875 2963.541015625 -1 1850.817138671875 1750.008544921875 -1 1750.2119140625 1888.60791015625 -1 1739.936279296875 1895.718017578125 -1 1534.132568359375 1620.7415771484375 -1 1659.631591796875 1635.84619140625 1176 1441.1763916015625 1510.0714111328125 1276 1267.98291015625 2078.22314453125 -1 1267.98291015625 2078.22314453125 -1 1268.4976806640625 2416.521240234375 1312 1434.3438720703125 2509.538818359375 1244 1556.7467041015625 1482.5404052734375 1245 1435.1766357421875 1494.177490234375 997 1245.9498291015625 2122.832763671875 904 1229.025634765625 2264.386474609375 -1 1236.1927490234375 2289.22119140625 -1 1178.2974853515625 2317.76318359375 1177 1129.5264892578125 2339.091796875 1179 1234.080078125 2395.63720703125 1118 1270.0079345703125 2418.8427734375 -1 1175.805908203125 2475.004638671875 1211 1433.8153076171875 2608.530029296875 1300 1414.419921875 2667.46533203125 1078 1554.2529296875 1413.6336669921875 1277 1505.99462890625 1508.9407958984375 1181 1503.4534912109375 1539.397705078125 1031 1624.6954345703125 1548.8590087890625 1333 1284.5089111328125 2039.4215087890625 1430 1271.1685791015625 2273.277099609375 -1 1159.71826171875 2340.472900390625 -1 1080.8822021484375 2371.184814453125 -1 1274.563720703125 2370.864013671875 1215 1261.058837890625 2397.87939453125 1409 1319.709228515625 2414.048583984375 1238 1302.2625732421875 2538.868896484375 1182 1272.0855712890625 2554.380615234375 1183 1407.2239990234375 2599.924560546875 1832 1425.0968017578125 2688.193359375 1051 1622.6732177734375 1416.8975830078125 1185 1508.048583984375 1474.7333984375 1216 1738.236328125 1568.557861328125 1444 1631.4083251953125 1632.3251953125 1249 1424.9827880859375 1701.591796875 -1 1428.5750732421875 1829.116943359375 1061 1261.7874755859375 1840.0511474609375 1313 1268.57861328125 2005.908203125 -1 1234.7008056640625 2071.884765625 1282 1477.8017578125 2173.17578125 1489 1214.9451904296875 2321.544189453125 1214 1160.6551513671875 2504.732666015625 1253 1270.32421875 2519.33251953125 -1 1260.005126953125 2637.77685546875 1184 1260.005126953125 2637.77685546875 1174 648.470703125 3293.47021484375 -1 1518.0595703125 1434.308837890625 1668 1696.344482421875 1645.0128173828125 1255 1356.47998046875 1757.4747314453125 1190 1133.44677734375 2200.800537109375 -1 1008.7066650390625 2228.0625 1426 1454.4295654296875 2295.697021484375 1315 1374.03515625 2351.1748046875 -1 909.8807373046875 2500.072509765625 1342 1259.170654296875 2513.844482421875 1221 1193.283935546875 2563.50244140625 1219 1231.55908203125 2583.4765625 1220 1346.591552734375 2881.23681640625 1189 1162.692626953125 2896.462890625 1256 585.8463134765625 3039.875732421875 1287 633.46405029296875 3234.302978515625 -1 1028.4921875 3235.73681640625 1288 1215.94287109375 2422.996337890625 1092 1215.94287109375 2422.996337890625 1091 1311.549560546875 2483.314697265625 1002 1311.549560546875 2483.314697265625 1001 1130.657958984375 2543.94140625 1143 493.33551025390625 2698.154052734375 1289 462.79010009765625 2856.010498046875 1225 593.74481201171875 2931.118896484375 1226 976.11572265625 2963.363037109375 1291 421.89944458007812 3246.50634765625 -1 1415.855712890625 1507.5150146484375 1257 1552.8826904296875 1647.4205322265625 1420 1330.9166259765625 1697.2601318359375 1304 1822.4874267578125 1713.9425048828125 1100 1809.7479248046875 1835.7369384765625 1371 1211.64697265625 1868.8382568359375 -1 1317.765869140625 2190.75048828125 1305 597.44049072265625 2398.316162109375 -1 1127.13037109375 2394.06201171875 -1 1166.9783935546875 2470.6044921875 -1 752.205078125 2582.838623046875 1381 582.64239501953125 2672.78662109375 1328 1170.6251220703125 2795.17578125 1224 1455.3294677734375 3016.60205078125 -1 1455.3294677734375 3016.60205078125 -1 1132.5198974609375 3063.604248046875 -1 1430.1947021484375 3101.842529296875 -1 1184.424560546875 2077.253173828125 1260 1280.306396484375 2326.806396484375 1321 1280.306396484375 2326.806396484375 1306 1029.6763916015625 2368.22119140625 1434 1405.4365234375 2473.765869140625 1259 550.965576171875 2576.716796875 -1 964.51312255859375 2603.25146484375 1123 874.16741943359375 2611.448974609375 1323 1438.82568359375 2761.03662109375 1198 1365.3790283203125 2822.544677734375 1197 1365.3790283203125 2822.544677734375 1262 466.45819091796875 2996.8525390625 1201 1066.2239990234375 2999.635986328125 -1 1020.8198852539062 3137.172607421875 1227 433.11712646484375 3161.4599609375 1240 433.11712646484375 3161.4599609375 1230 1119.1690673828125 3163.671630859375 -1 1225.4931640625 3183.407958984375 -1 1225.4931640625 3183.407958984375 -1 954.5211181640625 3435.90673828125 -1 1589.849853515625 1503.8468017578125 -1 1678.073974609375 1587.7254638671875 1168 1087.0709228515625 2248.614501953125 1295 1509.816650390625 2452.178466796875 1403 661.9522705078125 2631.402587890625 1324 661.9522705078125 2631.402587890625 -1 1262.153076171875 2753.02978515625 -1 1290.7774658203125 3044.41015625 -1 1443.1824951171875 1613.6693115234375 923 1200.014404296875 1978.73193359375 -1 1613.34765625 2019.472900390625 -1 846.3118896484375 2334.43896484375 1265 278.7510986328125 2409.9912109375 -1 772.83868408203125 2758.34765625 1326 1237.2691650390625 2916.360107421875 -1 1405.1707763671875 3526.31396484375 -1 1572.75439453125 3788.28515625 -1 1219.669189453125 1698.694091796875 -1 165.05337524414062 2579.234130859375 -1 1713.8890380859375 1796.1796875 1266 1713.8890380859375 1796.1796875 1267 559.4852294921875 3338.5 -1 1692.4619140625 910.04705810546875 -1 302.10626220703125 2141.753662109375 -1 1728.785888671875 2152.433349609375 -1 896.2086181640625 3293.763916015625 1155 296.00198364257812 3596.340087890625 -1 1499.1876220703125 1816.5587158203125 -1 1499.1876220703125 1816.5587158203125 -1 332.23458862304688 2094.89697265625 -1 1173.1190185546875 3670.910400390625 1309 1189.922607421875 883.3529052734375 -1 2292.0615234375 1178.9351806640625 -1 1904.200927734375 2917.699462890625 -1 898.87701416015625 2631.909423828125 -1 
59 0.81029356409338982 -0.096431401000008257 0.57636789687222867 0.043879064997914434 -0.80960985900117466 -0.024276788166594752 1.0569190154908337 59 img_062.jpg
1645.9058837890625 1775.737548828125 -1 1731.572021484375 1775.87158203125 -1 1727.2850341796875 1778.90576171875 -1 1718.5911865234375 1781.68115234375 -1 1390.723388671875 1794.779541015625 -1 1283.831787109375 1816.708251953125 -1 1702.260986328125 1891.3587646484375 -1 1687.06201171875 1901.2193603515625 -1 1664.482177734375 1906.1246337890625 -1 1642.31005859375 1907.98193359375 -1 1576.8333740234375 1941.55908203125 -1 1507.9517822265625 1968.16259765625 -1 1511.580078125 1970.0799560546875 -1 1488.9078369140625 1975.531494140625 -1 1462.4190673828125 1993.9981689453125 -1 1462.2930908203125 1998.6102294921875 -1 1454.552001953125 2005.52587890625 -1 1455.4803466796875 2008.63623046875 -1 1438.3193359375 2026.5693359375 -1 1436.8004150390625 2034.8028564453125 -1 1402.5443115234375 2140.36962890625 -1 1397.5135498046875 2158.816650390625 -1 1396.8487548828125 2177.309814453125 -1 1156.4393310546875 2201.463623046875 -1 1133.470458984375 2293.715576171875 -1 1347.900634765625 3027.67724609375 -1 1697.856201171875 1780.7069091796875 -1 1411.9146728515625 1792.6153564453125 -1 1618.430419921875 1920.7342529296875 -1 1603.6041259765625 1924.7550048828125 -1 1542.1739501953125 1956.2835693359375 1332 1482.68359375 1981.9302978515625 -1 1465.881591796875 1989.18359375 -1 1467.6361083984375 1992.795654296875 -1 1703.919189453125 1895.900390625 -1 1461.4423828125 1993.1292724609375 -1 1156.546875 2148.701904296875 -1 1154.75390625 2220.519775390625 -1 1704.2208251953125 1896.451904296875 -1 1679.97802734375 1904.6444091796875 -1 1523.6407470703125 1961.1265869140625 -1 1469.7196044921875 1992.360107421875 -1 1322.6024169921875 1538.623779296875 1276 1334.3067626953125 1501.236572265625 -1 1697.6082763671875 1627.7779541015625 -1 1127.245849609375 2148.3056640625 1411 1098.708984375 2429.140625 1118 1131.910400390625 2443.981689453125 1312 1303.7357177734375 2538.596923828125 1244 1050.349609375 2625.145263671875 -1 1436.1070556640625 1512.6407470703125 1245 1311.001953125 1526.17529296875 -1 1383.16748046875 1537.812255859375 1181 1670.8074951171875 1616.902099609375 -1 1044.36181640625 2345.067626953125 1177 942.94970703125 2395.926025390625 1279 1123.4986572265625 2426.029541015625 -1 1029.5338134765625 2502.200439453125 1211 1303.3402099609375 2639.847900390625 1300 1280.2744140625 2698.86181640625 1078 1436.7685546875 1444.2855224609375 1277 1385.96484375 1501.890869140625 1487 1381.5975341796875 1569.082275390625 1031 1619.68408203125 1601.70703125 1248 1507.567138671875 1659.4566650390625 1249 1724.37939453125 1790.523193359375 944 1124.061767578125 2425.71142578125 -1 1189.197509765625 2445.816650390625 1238 1030.8709716796875 2504.729248046875 -1 1164.0218505859375 2538.82861328125 -1 1128.6978759765625 2582.5703125 1183 1289.490966796875 2602.789794921875 1334 1274.608642578125 2630.401123046875 1832 1294.010986328125 2717.1669921875 1051 1351.9669189453125 3010.560302734375 -1 1362.0511474609375 1481.0635986328125 -1 1300.423583984375 1729.4566650390625 1307 1302.4005126953125 1857.296142578125 1061 1147.8773193359375 1866.9132080078125 1313 1117.2022705078125 1888.6004638671875 -1 1367.794921875 2203.6591796875 1489 1079.7611083984375 2351.429931640625 1214 911.29571533203125 2414.771728515625 1218 1023.9100952148438 2480.400390625 1093 1010.4209594726562 2530.97802734375 1253 1045.670166015625 2595.286376953125 1649 1115.7611083984375 2665.560546875 1174 1115.7611083984375 2665.560546875 1184 847.1033935546875 3259.740478515625 1288 459.47286987304688 3282.39599609375 -1 1503.6015625 1445.0291748046875 1185 1399.9700927734375 1463.0093994140625 1668 1539.6776123046875 1508.556884765625 1667 1571.1771240234375 1675.1727294921875 1255 1238.101318359375 1785.125244140625 1190 1115.87890625 2540.83349609375 1221 1086.274658203125 2613.752197265625 1220 755.32635498046875 2634.400146484375 -1 1318.02099609375 2962.897216796875 1338 806.2227783203125 3044.338623046875 -1 417.80654907226562 3061.86376953125 1287 1184.83203125 3069.393798828125 -1 1338.6497802734375 2324.889404296875 1315 1078.635498046875 2457.3916015625 1340 1078.635498046875 2457.3916015625 1341 344.95101928710938 2719.433837890625 1289 723.729248046875 2723.539306640625 1343 316.12301635742188 2874.048583984375 -1 1210.4896240234375 2917.16064453125 -1 426.70455932617188 2948.697021484375 1226 803.67510986328125 2989.429931640625 1291 256.0914306640625 3103.717041015625 1316 285.73477172851562 3276.404052734375 -1 1300.4403076171875 1537.860595703125 1257 1421.7236328125 1685.3592529296875 1344 1213.9749755859375 1722.5706787109375 -1 1694.2159423828125 1742.9486083984375 1100 1683.743896484375 1863.7550048828125 1317 1196.61474609375 2220.47509765625 1305 884.1181640625 2244.600341796875 1318 981.34710693359375 2423.3193359375 1319 1022.5654907226562 2501.30517578125 -1 1174.807861328125 2512.2509765625 1002 1174.807861328125 2512.2509765625 1001 976.91107177734375 2570.838623046875 1143 424.06768798828125 2694.355712890625 1328 1015.056884765625 2824.9208984375 1224 371.34197998046875 2924.982177734375 1356 934.09423828125 2965.3291015625 -1 1012.7963256835938 2990.521728515625 -1 314.22085571289062 3016.064453125 1201 882.84466552734375 3025.989501953125 -1 882.84466552734375 3025.989501953125 -1 1309.9410400390625 3122.795166015625 -1 923.08837890625 3195.12744140625 -1 1478.87744140625 1527.84423828125 1329 1478.87744140625 1527.84423828125 -1 1072.4158935546875 2109.34326171875 -1 1154.9991455078125 2352.942138671875 1321 1154.9991455078125 2352.942138671875 1306 882.4503173828125 2397.124267578125 1199 449.13412475585938 2418.3583984375 -1 1362.4906005859375 2468.96875 -1 1276.071044921875 2499.98779296875 -1 707.25341796875 2636.01171875 1323 802.15679931640625 2629.75244140625 1123 1308.8758544921875 2793.73095703125 1198 1235.87841796875 2854.065673828125 1197 1235.87841796875 2854.065673828125 1262 1315.288818359375 3039.06787109375 1348 1315.288818359375 3039.06787109375 1347 384.92587280273438 3142.023681640625 -1 848.4891357421875 3157.48291015625 -1 286.20587158203125 3183.146728515625 1230 286.20587158203125 3183.146728515625 1240 1473.5811767578125 1529.6690673828125 -1 1473.5811767578125 1529.6690673828125 -1 1558.820068359375 1616.6827392578125 1168 973.773681640625 2277.93017578125 1295 973.773681640625 2277.93017578125 -1 508.67544555664062 2654.47119140625 1324 1082.5826416015625 3069.097900390625 -1 1320.72705078125 1642.1885986328125 923 1512.239013671875 2045.466064453125 -1 700.1478271484375 2363.32470703125 1265 1696.4923095703125 2494.603759765625 -1 149.55783081054688 2580.987060546875 -1 427.18606567382812 2854.1572265625 -1 1093.8643798828125 2933.9150390625 -1 1242.8260498046875 3164.80517578125 -1 971.55987548828125 3415.48583984375 1350 1513.3895263671875 3883.539794921875 -1 1077.2039794921875 1990.595703125 -1 981.01153564453125 2727.23046875 -1 603.18365478515625 2783.220703125 1326 389.624267578125 3347.175048828125 -1 1590.63037109375 1826.4500732421875 1266 1590.63037109375 1826.4500732421875 1267 213.24998474121094 3553.79638671875 -1 213.24998474121094 3553.79638671875 -1 685.57098388671875 3328.2021484375 1352 1679.6798095703125 936.713623046875 -1 290.82742309570312 2119.3076171875 -1 1682.115966796875 968.986572265625 -1 1378.7557373046875 1858.0426025390625 1353 1378.7557373046875 1858.0426025390625 1268 334.97860717773438 2016.7452392578125 -1 918.852294921875 3684.426513671875 1354 1176.5244140625 867.22369384765625 -1 2261.58642578125 1233.633056640625 -1 749.779052734375 2658.34375 -1 1856.843017578125 2990.3447265625 -1 
58 0.80104115486726468 -0.093922141828435932 0.58918073679693017 0.048762268924902527 -0.95180843276943794 -0.018656888498821887 1.1007918665370182 58 img_061.jpg
1714.356689453125 1748.64599609375 -1 1652.9130859375 1766.9180908203125 -1 1662.427978515625 1770.5302734375 -1 1331.0086669921875 1785.4466552734375 -1 1698.5528564453125 1860.29248046875 -1 1687.9154052734375 1871.093017578125 1382 1619.6768798828125 1899.9005126953125 -1 1546.021484375 1931.101806640625 -1 1452.5185546875 1974.947509765625 -1 1097.8275146484375 2284.138916015625 -1 1285.0487060546875 2968.1435546875 -1 1325.5853271484375 3031.658203125 -1 1697.10888671875 1764.7767333984375 -1 1544.4112548828125 1935.847900390625 1482 1517.1251220703125 1945.4063720703125 1332 1508.7735595703125 1948.8197021484375 -1 1491.676025390625 1958.5528564453125 -1 1702.0877685546875 1767.1942138671875 -1 1349.138427734375 1784.55126953125 -1 1677.411865234375 1885.40625 -1 1430.4664306640625 1587.8515625 -1 1122.3499755859375 2137.88037109375 -1 1088.0809326171875 2588.312255859375 1362 1322.30029296875 1503.109619140625 -1 1060.0567626953125 2416.173095703125 1118 1412.989501953125 1431.26904296875 -1 1357.9207763671875 1528.609619140625 1181 1102.711669921875 2139.888916015625 904 1074.693359375 2304.45361328125 -1 1008.51611328125 2332.096923828125 1177 952.35064697265625 2351.969482421875 1179 899.9625244140625 2381.96630859375 1279 1085.353271484375 2413.789794921875 1409 1095.0162353515625 2435.5537109375 1312 981.442138671875 2489.545654296875 1492 1270.4783935546875 2527.365966796875 1244 1242.9639892578125 2687.175048828125 1078 1412.4034423828125 1431.8345947265625 -1 1334.784423828125 1504.8370361328125 -1 1358.737548828125 1528.975830078125 -1 1472.1800537109375 1566.3197021484375 1333 1268.0390625 1715.010009765625 1307 1695.6702880859375 1779.852294921875 944 1213.279541015625 1823.364990234375 -1 1154.777099609375 2276.4990234375 -1 1104.9873046875 2387.320068359375 1215 863.753173828125 2405.985107421875 1218 1086.1319580078125 2413.97509765625 -1 1093.1341552734375 2538.45263671875 1283 1122.5260009765625 2557.025390625 1182 1086.32470703125 2570.205810546875 1183 1251.9140625 2590.740966796875 1334 1236.03515625 2617.288330078125 1832 1266.4647216796875 2630.06787109375 1300 1258.7158203125 2705.176513671875 1051 1373.155029296875 1452.778076171875 1668 1348.5277099609375 1553.716796875 1031 1592.815185546875 1586.7481689453125 1248 1449.93359375 1814.758056640625 1335 1273.081298828125 1846.66796875 1061 1043.8951416015625 2339.35693359375 1214 964.27252197265625 2520.471435546875 1253 1070.4901123046875 2652.455078125 1174 1070.4901123046875 2652.455078125 1184 766.4241943359375 3238.409423828125 1288 1475.2879638671875 1431.2950439453125 1510 1512.92578125 1492.6531982421875 1667 1541.7515869140625 1662.1556396484375 1255 1208.175537109375 1775.050537109375 1190 1346.8602294921875 2195.9541015625 1425 866.18304443359375 2243.4541015625 1426 557.1796875 2546.3486328125 -1 998.48944091796875 2580.330810546875 1219 1040.1229248046875 2600.6103515625 1220 271.80850219726562 2854.2138671875 1225 944.8189697265625 2909.373779296875 1368 764.4493408203125 2921.408447265625 1337 1288.9141845703125 2948.698974609375 1338 689.6353759765625 2988.576904296875 -1 1123.746337890625 2309.939697265625 -1 1317.1671142578125 2316.415771484375 1339 1317.1671142578125 2316.415771484375 1315 1038.96435546875 2450.72119140625 1340 1038.96435546875 2450.72119140625 1341 687.121337890625 2509.276611328125 1342 370.0072021484375 2674.11083984375 1328 304.20611572265625 2694.182861328125 1157 660.61376953125 2708.31884765625 1343 272.08941650390625 2853.12939453125 -1 319.12548828125 2904.44970703125 1356 368.59124755859375 2922.40478515625 1369 1190.6878662109375 2953.978759765625 -1 735.18572998046875 2971.426025390625 1291 956.0426025390625 2970.100830078125 -1 211.4271240234375 3087.99169921875 -1 1267.693603515625 1527.0360107421875 -1 1392.52294921875 1673.01953125 1344 1662.8404541015625 1730.465087890625 1100 1658.234130859375 1853.483642578125 1317 938.79180908203125 2411.190185546875 1319 1136.2401123046875 2503.098876953125 1002 1136.2401123046875 2503.098876953125 1001 926.82647705078125 2554.679931640625 1573 543.3204345703125 2603.09619140625 -1 543.3204345703125 2603.09619140625 -1 959.5897216796875 2809.535400390625 1224 1209.74169921875 2843.244873046875 1372 1172.4949951171875 2916.6025390625 -1 1274.312255859375 3109.62939453125 1373 328.65322875976562 3131.352294921875 -1 1455.115966796875 1514.2430419921875 1329 1455.115966796875 1514.2430419921875 -1 1474.8426513671875 2013.1207275390625 -1 1169.6168212890625 2209.6142578125 1305 1123.708251953125 2341.172119140625 1321 1123.708251953125 2341.172119140625 1306 838.077880859375 2385.971435546875 1199 975.834716796875 2490.176025390625 1488 1242.94970703125 2484.539794921875 -1 644.8961181640625 2617.238037109375 1323 469.19940185546875 2641.8623046875 -1 469.19940185546875 2641.8623046875 1375 1282.528076171875 3023.696044921875 1347 1282.528076171875 3023.696044921875 1348 770.5340576171875 3141.1162109375 -1 244.68936157226562 3160.3740234375 -1 1269.46728515625 1516.9903564453125 -1 1532.0020751953125 1606.8426513671875 1422 1477.9893798828125 2022.0791015625 -1 947.263916015625 2267.69580078125 1295 372.04135131835938 2414.1015625 -1 1355.45849609375 2467.31591796875 1403 1290.0472412109375 3278.919921875 1377 1293.5897216796875 1629.83203125 923 651.4739990234375 2351.076904296875 1265 981.9071044921875 3060.326416015625 -1 329.47711181640625 3311.470458984375 1359 860.63238525390625 3397.39208984375 1350 1076.4583740234375 1728.971435546875 -1 1062.676025390625 1968.9761962890625 1378 1503.6094970703125 2041.59033203125 -1 539.78277587890625 2765.24267578125 1326 750.2720947265625 2828.574462890625 -1 1050.5372314453125 2919.144775390625 -1 1155.9842529296875 3167.36083984375 -1 1562.2940673828125 1814.1290283203125 1266 1562.2940673828125 1814.1290283203125 1267 594.89471435546875 3305.47509765625 1352 1753.025634765625 910.8748779296875 1172 1575.6602783203125 2171.216796875 1405 1351.1859130859375 1848.591796875 1353 779.6590576171875 3661.66845703125 -1 1217.920654296875 851.791748046875 -1 2295.617431640625 1262.8204345703125 -1 2328.393798828125 1272.415283203125 1408 1850.052490234375 3005.81591796875 -1 
57 0.79341967789687129 -0.095704612952199355 0.59914164757198651 0.048529660316349511 -1.11535345328525 -0.0049865622406153947 1.0690857105060152 57 img_060.jpg
1603.27734375 1906.1884765625 -1 1593.2437744140625 1913.756103515625 -1 1564.0313720703125 1917.5078125 -1 1568.254150390625 1920.2674560546875 -1 1464.9300537109375 1968.7528076171875 -1 1456.699462890625 1969.100830078125 -1 1408.8382568359375 1990.324951171875 -1 1392.2579345703125 1995.38720703125 -1 1383.5076904296875 2011.2691650390625 -1 1065.4312744140625 2211.43408203125 -1 1035.3035888671875 2297.98291015625 -1 1029.6033935546875 2307.892578125 -1 387.67633056640625 2431.2001953125 -1 218.4468994140625 2689.919677734375 -1 209.78768920898438 2711.81689453125 -1 1244.343994140625 3009.58984375 -1 1252.72314453125 3035.274169921875 -1 1631.491455078125 1885.0537109375 -1 1610.884521484375 1902.7762451171875 -1 1486.2064208984375 1957.0625 1482 1449.027099609375 1971.845947265625 -1 1399.56103515625 1990.4100341796875 -1 384.40396118164062 2438.40869140625 -1 1236.2125244140625 2998.63525390625 -1 1535.4163818359375 1931.100830078125 1361 1448.76416015625 1970.1517333984375 -1 1246.332275390625 1611.353271484375 1384 1361.9705810546875 1617.295166015625 1385 1439.8463134765625 1677.8499755859375 -1 1041.3134765625 2160.757080078125 1411 936.284912109375 2356.283935546875 1177 1010.3036499023438 2612.593505859375 1362 1207.61962890625 2645.54345703125 1412 1399.7801513671875 1425.20361328125 -1 1351.3443603515625 1459.711181640625 1277 1291.1473388671875 1554.1834716796875 1181 1404.2132568359375 1591.3585205078125 1333 1201.826171875 1739.287353515625 1307 1067.4569091796875 1879.2125244140625 1313 1070.9959716796875 1911.764892578125 1387 877.88275146484375 2374.666259765625 1179 820.2322998046875 2405.643310546875 1279 1008.4479370117188 2437.013916015625 1409 1018.0621948242188 2458.523681640625 1312 1200.75390625 2550.6337890625 1244 1045.566162109375 2556.133056640625 1364 1169.2021484375 2709.792724609375 1078 1526.503173828125 1616.0989990234375 1248 1627.953857421875 1804.583984375 944 1208.3095703125 1837.6912841796875 1388 1208.3095703125 1837.6912841796875 1389 905.00921630859375 2381.306884765625 1413 1009.0908203125 2436.79052734375 -1 902.8389892578125 2514.948974609375 1211 1014.3272094726562 2560.762451171875 1283 1014.3272094726562 2560.762451171875 -1 1046.6361083984375 2581.08984375 1182 1006.5986938476562 2592.525146484375 1183 1169.715576171875 2707.867431640625 -1 1185.2681884765625 2728.790283203125 1051 893.88507080078125 2926.671630859375 -1 1266.7159423828125 3040.705078125 1391 1310.127685546875 1480.4100341796875 1668 1282.8013916015625 1580.5797119140625 1031 1474.6553955078125 1686.95654296875 1255 1145.4647216796875 1801.48095703125 1190 1384.12939453125 1839.1368408203125 -1 1205.36083984375 1870.63427734375 1061 1293.7642822265625 2220.093994140625 1425 1090.5185546875 2300.78369140625 -1 974.0604248046875 2363.4677734375 1214 882.05853271484375 2544.5048828125 1253 1160.4490966796875 2640.533447265625 1832 1160.4490966796875 2640.533447265625 -1 858.09576416015625 2927.361328125 1368 932.56829833984375 2940.341064453125 -1 169.77848815917969 3258.5205078125 -1 1409.5474853515625 1457.2286376953125 1510 1449.3331298828125 1524.44970703125 -1 914.77581787109375 2600.958251953125 1219 958.25531005859375 2623.729248046875 1220 988.65472412109375 2673.28076171875 1418 286.90823364257812 2684.0185546875 -1 564.96905517578125 2736.0576171875 1431 198.03341674804688 2866.2314453125 -1 235.49830627441406 2914.25341796875 1356 275.95846557617188 2931.416015625 1369 1126.194091796875 1743.8184814453125 1304 1257.352783203125 2337.639404296875 1315 963.6270751953125 2482.047607421875 -1 963.6270751953125 2482.047607421875 -1 597.369384765625 2525.099365234375 -1 445.64181518554688 2613.433349609375 1370 445.64181518554688 2613.433349609375 1381 223.71920776367188 2724.5205078125 -1 1117.839599609375 2976.253662109375 -1 632.05487060546875 2990.837158203125 1291 139.97981262207031 3100.6982421875 -1 646.47442626953125 3156.048583984375 -1 646.47442626953125 3156.048583984375 -1 1195.8509521484375 1559.1697998046875 -1 1326.755126953125 1696.849853515625 1344 1593.7864990234375 1755.6126708984375 1100 1590.9559326171875 1876.6470947265625 1317 999.36651611328125 2117.005615234375 1260 1106.54052734375 2234.193359375 1305 794.83135986328125 2252.45751953125 -1 988.9434814453125 2379.40185546875 1395 858.86346435546875 2435.092041015625 1319 1060.6815185546875 2526.5068359375 1002 1060.6815185546875 2526.5068359375 1001 843.81097412109375 2579.63916015625 1573 1140.271728515625 2866.5576171875 1372 868.516845703125 2988.70556640625 -1 1204.633056640625 3131.368408203125 1373 170.236328125 3174.34228515625 1380 1391.1488037109375 1540.982177734375 1329 1325.366943359375 2365.83984375 -1 759.831787109375 2408.7294921875 1199 709.13311767578125 2503.669189453125 -1 709.13311767578125 2503.669189453125 1397 894.9002685546875 2515.733154296875 1488 894.9002685546875 2515.733154296875 1398 548.79315185546875 2634.42236328125 -1 181.12086486816406 2660.480712890625 -1 374.88064575195312 2657.24365234375 1324 374.88064575195312 2657.24365234375 -1 1047.3984375 2765.61181640625 1399 1199.970947265625 2806.71142578125 1198 870.00567626953125 2832.479736328125 1224 749.36920166015625 2884.10205078125 -1 1213.9266357421875 3043.377685546875 -1 1213.9266357421875 3043.377685546875 -1 1173.11181640625 2502.4921875 1410 469.95913696289062 2904.4423828125 1402 1211.7601318359375 3041.4638671875 -1 1211.7601318359375 3041.4638671875 -1 231.83657836914062 3314.734619140625 1359 1466.453369140625 1633.871826171875 1422 1228.825927734375 1656.273681640625 923 1446.787841796875 2050.1845703125 -1 566.73504638671875 2376.25048828125 -1 350.01303100585938 2534.53662109375 -1 828.75738525390625 3086.198974609375 -1 1235.5540771484375 3300.30859375 -1 710.27496337890625 3406.481689453125 1454 1008.3798217773438 1998.6583251953125 1378 1330.3731689453125 2506.8056640625 -1 1494.810302734375 1840.6419677734375 1266 1494.810302734375 1840.6419677734375 1267 1345.5089111328125 2518.091552734375 -1 1345.5089111328125 2518.091552734375 -1 659.985107421875 2887.750244140625 -1 967.1661376953125 2946.188720703125 -1 1053.921142578125 3202.544921875 -1 466.91796875 3317.008056640625 1352 1541.5882568359375 2193.977783203125 1405 641.66534423828125 3650.99609375 -1 1296.1563720703125 1883.36767578125 1407 485.80764770507812 3284.407958984375 -1 648.7667236328125 3668.53662109375 1354 1241.4495849609375 857.9794921875 -1 2310.18505859375 1291.3460693359375 -1 667.4677734375 2501.1669921875 -1 1843.2569580078125 3046.36474609375 -1 
56 0.78731013545260586 -0.100740114593487 0.60655079693635994 0.04571991536690679 -1.2429191979311256 0.0026655751836106014 1.0887225773700642 56 img_059.jpg
1520.521240234375 1831.6146240234375 -1 1555.3946533203125 1834.2152099609375 -1 1170.712890625 1857.6834716796875 -1 1174.2230224609375 1860.88330078125 -1 1568.4632568359375 1930.8433837890625 1160 1540.146728515625 1952.4677734375 -1 1469.0206298828125 1977.31005859375 -1 1394.3297119140625 2016.0230712890625 -1 1374.8363037109375 2022.324462890625 -1 1369.5677490234375 2024.80078125 -1 1356.12646484375 2030.3658447265625 -1 1005.4403686523438 2279.005126953125 -1 966.349365234375 2356.074462890625 -1 320.82345581054688 2475.9228515625 -1 312.64849853515625 2477.41455078125 -1 264.78936767578125 2517.7744140625 -1 954.3974609375 2582.68701171875 -1 1142.8443603515625 3008.955810546875 -1 1183.670166015625 3037.42041015625 -1 1188.1805419921875 3046.2822265625 -1 1192.2218017578125 3046.532958984375 -1 1198.52099609375 3056.305908203125 -1 1202.767822265625 3087.84912109375 -1 1491.1654052734375 1966.7357177734375 -1 1437.038330078125 1990.2498779296875 -1 1438.2320556640625 1994.2305908203125 -1 1410.7574462890625 2004.9664306640625 -1 1395.02734375 2011.99072265625 -1 1571.41162109375 1836.129638671875 -1 1568.5699462890625 1936.614501953125 -1 1421.7978515625 2004.757568359375 -1 1411.9393310546875 2009.42236328125 -1 1345.311767578125 2031.7210693359375 -1 334.20932006835938 2462.88818359375 -1 1571.7354736328125 1836.8673095703125 -1 1429.8223876953125 1993.1102294921875 -1 1381.64111328125 2021.7349853515625 -1 1353.584716796875 2026.47412109375 -1 1193.7972412109375 1651.99609375 1384 1307.4737548828125 1657.2510986328125 1385 942.20538330078125 2648.366455078125 1362 1376.5999755859375 1718.5921630859375 1386 1023.6624145507812 1952.2958984375 1387 990.67474365234375 2198.125244140625 1411 959.79302978515625 2379.102783203125 -1 876.64093017578125 2395.35693359375 1177 921.0072021484375 2476.533935546875 1118 1384.7205810546875 1490.4783935546875 -1 1239.9676513671875 1597.3349609375 1181 1239.9676513671875 1597.3349609375 -1 1349.523193359375 1632.21630859375 1333 1148.56494140625 1780.568603515625 1307 1020.3518676757812 1918.331298828125 1313 1007.2149658203125 2191.26806640625 1429 946.8297119140625 2368.896240234375 -1 944.96551513671875 2452.86669921875 -1 947.07940673828125 2476.152587890625 1409 954.41571044921875 2496.334716796875 1312 1142.525634765625 2590.094970703125 1244 981.79388427734375 2595.5869140625 1364 1141.639404296875 2611.310546875 -1 1108.6099853515625 2749.285888671875 1078 776.23663330078125 3026.354736328125 -1 1298.6943359375 1503.862060546875 -1 1228.78466796875 1621.0672607421875 1031 1151.703125 1878.1414794921875 1388 1151.703125 1878.1414794921875 1389 1149.5902099609375 1907.0528564453125 1514 1006.1766967773438 2188.675537109375 -1 1006.1766967773438 2188.675537109375 1443 1016.5149536132812 2495.640625 1238 832.8572998046875 2527.472412109375 1093 838.59307861328125 2553.318115234375 1211 951.46337890625 2601.35986328125 1283 951.46337890625 2601.35986328125 1390 940.30426025390625 2630.749267578125 1183 1214.4600830078125 3083.474365234375 1391 1471.118408203125 1652.16552734375 1248 1092.837646484375 1839.2562255859375 1190 1318.404296875 1879.6650390625 1335 1247.72314453125 2262.066162109375 1425 1040.406494140625 2344.614013671875 1367 914.13531494140625 2402.76220703125 1214 811.62884521484375 2580.94970703125 1253 1117.736328125 2649.343994140625 -1 1098.575439453125 2681.6845703125 1832 1132.9368896484375 2684.28759765625 -1 216.58515930175781 2716.313720703125 -1 216.58515930175781 2716.313720703125 -1 1124.9896240234375 2768.7978515625 1051 134.16181945800781 2897.327880859375 -1 1129.84619140625 2901.3154296875 -1 781.17034912109375 2964.4501953125 1368 871.41912841796875 2971.425537109375 -1 889.16619873046875 3288.062744140625 -1 882.3525390625 3334.023681640625 -1 1360.8409423828125 1501.69580078125 1185 1258.742919921875 1522.8140869140625 1668 1413.9127197265625 1730.66943359375 1255 1042.576416015625 2191.593505859375 1416 555.08709716796875 2325.2587890625 -1 846.371337890625 2641.920166015625 1219 891.07818603515625 2661.32373046875 1220 921.8609619140625 2709.4013671875 1418 486.19631958007812 2771.812255859375 1431 817.7103271484375 2969.139404296875 -1 737.56524658203125 3029.03955078125 -1 792.8538818359375 3061.909912109375 -1 838.79083251953125 3278.397216796875 -1 1077.995849609375 1783.0233154296875 1304 1498.597900390625 1989.118896484375 -1 760.47216796875 2294.010986328125 1318 530.2137451171875 2676.07373046875 -1 105.17430114746094 3207.71142578125 1380 1274.514404296875 1734.1822509765625 1448 1538.387451171875 1796.1058349609375 1100 1537.310791015625 1915.635498046875 1623 1365.0283203125 2061.107177734375 1433 960.392578125 2147.822509765625 1432 1206.8106689453125 2376.7919921875 1315 1206.8106689453125 2376.7919921875 1339 922.638916015625 2418.745361328125 -1 696.09814453125 2444.96728515625 1199 793.91168212890625 2474.364013671875 1319 520.55108642578125 2550.236328125 1458 998.66815185546875 2565.240234375 1002 998.66815185546875 2565.240234375 1001 775.72821044921875 2618.580078125 1573 795.271484375 2865.310546875 1224 1079.9053955078125 2906.9912109375 1372 1039.4169921875 2979.872802734375 -1 1145.919189453125 3169.7890625 1373 1837.142333984375 533.190673828125 -1 1337.1173095703125 1582.6435546875 1329 1054.9139404296875 2274.53466796875 1305 1001.200439453125 2407.537841796875 1321 1001.200439453125 2407.537841796875 1306 638.503173828125 2539.398681640625 1397 638.503173828125 2539.398681640625 -1 827.3292236328125 2555.637451171875 1488 827.3292236328125 2555.637451171875 1398 472.10662841796875 2666.600830078125 1145 303.6514892578125 2695.8212890625 1375 303.6514892578125 2695.8212890625 -1 987.6895751953125 2802.592529296875 1399 557.9432373046875 3042.638916015625 1421 1157.978759765625 3079.46044921875 -1 1157.978759765625 3079.46044921875 1401 61.511035919189453 3118.446044921875 -1 865.2767333984375 3396.66845703125 -1 1408.346435546875 1675.661865234375 1422 1114.4896240234375 2541.64990234375 1410 382.9132080078125 2940.041015625 1402 139.66212463378906 3345.795166015625 1359 875.86932373046875 3399.727783203125 -1 774.45068359375 3433.024658203125 -1 1176.3427734375 1696.88134765625 923 1247.017578125 2529.28857421875 -1 304.03927612304688 2553.182373046875 -1 709.7972412109375 3106.43896484375 -1 589.9393310546875 3433.572998046875 -1 959.37823486328125 2022.9443359375 -1 772.04815673828125 2767.671142578125 -1 1439.5313720703125 1882.038818359375 1266 1439.5313720703125 1882.038818359375 1267 179.64599609375 2427.362060546875 -1 575.10333251953125 2930.70166015625 1423 895.8450927734375 2984.814453125 -1 1978.45703125 2358.54736328125 -1 298.60623168945312 2758.5263671875 -1 980.3594970703125 3256.083740234375 -1 355.50982666015625 3349.495849609375 1352 355.50982666015625 3349.495849609375 -1 1511.77197265625 2236.6826171875 1405 1511.77197265625 2236.6826171875 1439 1349.0291748046875 2661.584228515625 -1 1349.0291748046875 2661.584228515625 -1 534.42999267578125 3680.303955078125 -1 1248.367919921875 1925.8770751953125 1407 1351.6856689453125 2688.89599609375 -1 1263.3023681640625 871.775146484375 -1 627.8299560546875 1700.006103515625 -1 633.9970703125 2523.435791015625 -1 2318.35009765625 1338.0894775390625 1408 1788.2935791015625 3169.451416015625 -1 
55 0.76744275051249811 -0.098562799570179632 0.6317793431040637 0.046603227932173252 -1.3385553827367354 -0.0084366006886487117 1.1993290704423765 55 img_058.jpg
1278.9639892578125 1653.180908203125 -1 1657.9031982421875 1820.7305908203125 -1 1569.9056396484375 1824.435791015625 -1 1235.029052734375 1864.1171875 -1 1229.4100341796875 1866.1400146484375 -1 1572.631103515625 1959.88720703125 -1 1498.033935546875 1997.2359619140625 -1 1457.646484375 2013.656494140625 -1 1446.6192626953125 2018.1263427734375 -1 1441.5870361328125 2020.599365234375 -1 1393.8017578125 2148.5927734375 -1 450.19342041015625 2439.151123046875 -1 356.16226196289062 2512.3779296875 -1 318.59469604492188 2558.986328125 -1 1040.710693359375 2576.017822265625 -1 1063.25390625 2592.7138671875 1442 298.39898681640625 2603.48291015625 -1 291.17025756835938 2621.216796875 -1 1221.5596923828125 2985.054443359375 -1 1277.66650390625 3024.4892578125 -1 1276.2462158203125 3120.060302734375 -1 1669.8721923828125 1818.8819580078125 -1 1485.720458984375 2002.94091796875 -1 1468.08935546875 2009.3409423828125 -1 1452.3121337890625 2015.7611083984375 -1 1634.2142333984375 1939.9859619140625 1427 1264.1920166015625 3012.110595703125 -1 1272.656005859375 3025.050048828125 -1 1230.754638671875 1787.1953125 -1 1277.236572265625 1651.4935302734375 1384 1452.312744140625 1711.869384765625 1386 1234.2734375 1776.90380859375 1307 1115.33984375 1915.2437744140625 1313 1119.2451171875 1946.05908203125 1387 1085.0841064453125 2189.02880859375 1411 968.1683349609375 2381.7529296875 1177 1036.7674560546875 2479.469482421875 1312 1064.7298583984375 2583.116943359375 1364 1025.423828125 2634.516357421875 1362 1234.11279296875 2672.725341796875 1412 1326.671875 1594.3721923828125 1181 1326.671875 1594.3721923828125 -1 1431.4715576171875 1625.458251953125 1333 937.397216796875 2275.424560546875 -1 1061.683349609375 2325.641357421875 -1 844.58917236328125 2428.023193359375 1279 1032.59521484375 2462.627685546875 1409 1227.559326171875 2577.084716796875 1244 1190.8660888671875 2735.928955078125 1078 885.66302490234375 3033.053955078125 1483 899.20257568359375 3252.86669921875 -1 1389.4456787109375 1496.2081298828125 1277 1238.9615478515625 1872.3162841796875 1388 1238.9615478515625 1872.3162841796875 1389 931.1182861328125 2406.853515625 1413 1035.1981201171875 2587.050537109375 1390 1035.1981201171875 2587.050537109375 1283 1021.7905883789062 2614.97705078125 1183 1183.1861572265625 2666.9873046875 1832 260.21636962890625 2908.260986328125 -1 1309.864501953125 1614.9364013671875 -1 1556.0150146484375 1645.9893798828125 1248 1494.60595703125 1720.1483154296875 1255 1180.86376953125 1836.125732421875 1190 1395.771240234375 1874.2208251953125 1335 1235.0623779296875 1905.225341796875 1061 871.29180908203125 2295.60107421875 1426 541.3468017578125 2356.28515625 -1 644.76239013671875 2515.98681640625 -1 1066.14697265625 2605.42822265625 1182 925.90618896484375 2626.434814453125 1219 1198.4393310546875 2629.48974609375 1415 1217.9461669921875 2674.96044921875 1300 1207.37841796875 2755.095947265625 1051 1207.37841796875 2755.095947265625 -1 891.81744384765625 2954.2109375 -1 838.9127197265625 2982.786865234375 -1 180.74215698242188 3197.712646484375 -1 1443.35986328125 1492.628662109375 1510 1342.8353271484375 1516.5 1668 1479.16259765625 1555.387939453125 1667 1136.4658203125 2185.4296875 1416 1355.76171875 2186.84423828125 1564 1342.9371337890625 2254.695556640625 1425 1133.666748046875 2336.358642578125 1367 711.765625 2465.0224609375 1447 973.486083984375 2643.156494140625 1220 1000.6463623046875 2692.8046875 1418 561.97821044921875 2753.361083984375 -1 645.93524169921875 2946.537109375 1337 869.5633544921875 3001.308837890625 -1 183.77760314941406 3125.2939453125 -1 209.8358154296875 3164.644775390625 -1 1167.45751953125 1776.196533203125 1304 1058.7730712890625 2141.784912109375 1432 863.7049560546875 2285.10400390625 1318 599.19317626953125 2538.528076171875 1458 451.50726318359375 2628.109619140625 1370 604.99078369140625 2662.74658203125 1441 717.28692626953125 2992.51611328125 1517 132.04299926757812 3003.6611328125 -1 213.24851989746094 3167.9521484375 -1 213.24851989746094 3167.9521484375 -1 964.08636474609375 3295.46533203125 -1 1360.3433837890625 1723.6552734375 1420 1618.2142333984375 1786.876220703125 -1 1619.109130859375 1906.9410400390625 1623 1051.4471435546875 2315.888427734375 -1 1051.4471435546875 2315.888427734375 -1 1298.747314453125 2365.83251953125 1315 1011.5693969726562 2405.599609375 1395 781.99700927734375 2436.405029296875 -1 877.92352294921875 2461.06103515625 1319 1082.89111328125 2550.25048828125 1002 857.2869873046875 2603.687744140625 1396 548.6783447265625 2645.80859375 1145 391.25262451171875 2678.266357421875 1451 622.83856201171875 3010.150146484375 1421 855.33660888671875 3081.762451171875 -1 1232.9052734375 3152.150146484375 1373 1997.8736572265625 511.72882080078125 -1 1420.28369140625 1576.614501953125 1329 1465.1494140625 2063.762451171875 -1 1146.4156494140625 2264.316162109375 1305 1090.882568359375 2395.3525390625 1321 1090.882568359375 2395.3525390625 1306 722.40032958984375 2522.451904296875 1397 722.40032958984375 2522.451904296875 1450 908.59661865234375 2540.931884765625 1488 908.59661865234375 2540.931884765625 1398 1069.2021484375 2786.762939453125 1399 869.20562744140625 2847.3623046875 1224 1167.4736328125 2891.72607421875 1372 896.3330078125 3346.905517578125 -1 1490.837158203125 1668.7342529296875 1422 1261.8638916015625 1691.8665771484375 923 1200.3365478515625 2523.509521484375 1453 457.959228515625 2909.532470703125 1402 1243.0413818359375 3060.361572265625 1400 1243.0413818359375 3060.361572265625 1401 853.8526611328125 3224.8544921875 -1 96.341865539550781 3272.7841796875 -1 1252.2694091796875 3287.3798828125 -1 220.53132629394531 3296.333251953125 -1 136.0048828125 3994.9541015625 -1 1074.4080810546875 2010.66357421875 -1 1347.204833984375 2519.704345703125 1358 743.38092041015625 3069.07470703125 1436 624.46099853515625 3404.042236328125 1350 455.1898193359375 3957.831787109375 -1 136.88339233398438 2353.087158203125 -1 1998.7601318359375 2548.3857421875 -1 855.0751953125 2753.281005859375 1404 646.92388916015625 2908.125 -1 1521.925537109375 1874.82861328125 1266 1521.925537109375 1874.82861328125 1267 2004.3807373046875 2571.893798828125 -1 402.97268676757812 2765.630859375 -1 645.17657470703125 2900.037353515625 1423 416.59417724609375 3323.96728515625 1456 307.77130126953125 3525.409912109375 -1 2173.3115234375 2362.826904296875 -1 977.16925048828125 2975.59375 1480 759.540283203125 3178.847900390625 -1 1064.044921875 3248.275146484375 -1 347.96612548828125 2277.640625 -1 1626.2733154296875 2230.943603515625 -1 1626.2733154296875 2230.943603515625 1405 1478.61279296875 2651.5166015625 -1 1346.613037109375 1925.2235107421875 -1 1672.8240966796875 2237.229736328125 -1 1485.61328125 2683.4033203125 -1 524.912841796875 3683.635009765625 -1 815.85736083984375 1766.1219482421875 -1 804.984619140625 2450.9248046875 -1 2327.458251953125 1269.2176513671875 -1 
54 0.75213840180308544 -0.096221931894115542 0.65005794343852297 0.049536194122506289 -1.3741610273608054 -0.027129092074926222 1.2205678008700407 54 img_057.jpg
1325.14794921875 1743.6148681640625 -1 1317.8228759765625 1749.8641357421875 -1 1317.8228759765625 1749.8641357421875 -1 1618.058349609375 1798.41455078125 -1 1630.6441650390625 1798.818115234375 -1 1647.144775390625 1799.6663818359375 -1 1696.3057861328125 1803.23876953125 -1 1703.6810302734375 1803.447265625 1310 1732.66552734375 1912.7633056640625 -1 1710.266845703125 1923.882080078125 -1 1677.18505859375 1930.2451171875 -1 1631.5909423828125 1955.735595703125 -1 1603.3031005859375 1971.9617919921875 -1 1578.7996826171875 1984.8138427734375 -1 1553.382080078125 1994.7281494140625 -1 1533.438720703125 1999.9471435546875 -1 1518.32421875 2029.087646484375 -1 1189.1053466796875 2239.41015625 -1 545.2557373046875 2415.74951171875 -1 469.88534545898438 2465.572265625 -1 443.82247924804688 2491.87158203125 -1 1112.9873046875 2539.946044921875 -1 1014.2078247070312 2616.370361328125 -1 1267.8148193359375 2727.09912109375 -1 1311.5438232421875 2964.038818359375 -1 1308.036376953125 2965.415771484375 -1 895.81695556640625 3100.542236328125 -1 1635.5430908203125 1953.93310546875 -1 1588.216552734375 1976.658935546875 1440 1560.358154296875 1988.1929931640625 -1 1512.8369140625 2042.301513671875 -1 590.379150390625 2376.700439453125 -1 1377.6981201171875 3061.11669921875 -1 1395.36328125 1570.700927734375 -1 1580.40283203125 1980.0162353515625 1332 1541.495849609375 1995.387451171875 -1 1119.8861083984375 2446.055908203125 -1 1374.3101806640625 3011.222412109375 -1 1617.2984619140625 1964.500732421875 -1 1590.8779296875 1980.5853271484375 -1 1560.8116455078125 1986.780029296875 -1 1566.7305908203125 1990.5557861328125 -1 1541.270751953125 1994.587158203125 -1 1215.8646240234375 1797.3992919921875 -1 1365.2752685546875 1632.615966796875 -1 1212.6488037109375 1926.5159912109375 1387 1178.2772216796875 2166.89404296875 1411 1535.626708984375 1691.321044921875 1386 1323.4561767578125 1756.73193359375 1307 1209.5718994140625 1894.163330078125 1313 1193.603759765625 2162.004150390625 1429 1122.820068359375 2456.667724609375 1312 1148.4652099609375 2560.29931640625 1364 1314.2440185546875 2573.2490234375 1461 1107.925048828125 2611.039306640625 1362 1518.1160888671875 1602.93359375 1333 1216.930908203125 2094.986328125 1430 1205.5328369140625 2117.985595703125 -1 1042.1868896484375 2247.095458984375 -1 1054.6817626953125 2359.986572265625 1177 993.53125 2375.49267578125 -1 1116.8511962890625 2439.567138671875 1409 1000.63037109375 2510.41455078125 1211 1312.33935546875 2555.54931640625 1244 1315.0902099609375 2657.167724609375 -1 1275.9190673828125 2715.254150390625 1078 957.888916015625 2933.088623046875 -1 997.40399169921875 2965.010498046875 -1 981.9000244140625 3006.497314453125 1483 1390.4356689453125 3058.621826171875 -1 1479.01416015625 1473.9066162109375 1277 1467.08056640625 1513.290771484375 1463 1645.33740234375 1627.10205078125 1515 1370.3255615234375 1756.04833984375 -1 1043.371337890625 2246.070068359375 -1 1017.7538452148438 2384.876953125 1413 1187.050048828125 2458.8798828125 1238 1117.902099609375 2563.532470703125 1283 1117.902099609375 2563.532470703125 1390 1104.5916748046875 2591.90625 1183 353.520751953125 2684.799072265625 -1 975.27935791015625 3228.444580078125 -1 1398.0390625 1594.9749755859375 1031 1270.168212890625 1815.008056640625 1190 1481.8294677734375 1852.9039306640625 1335 1322.124267578125 1885.0401611328125 1061 1436.9090576171875 2234.08251953125 1425 1117.2315673828125 2563.05615234375 1390 1117.2315673828125 2563.05615234375 1283 1007.5969848632812 2604.763427734375 1649 1266.4945068359375 2643.952392578125 1832 1303.01708984375 2657.126953125 1300 638.04827880859375 2726.189208984375 -1 1044.9342041015625 2926.142578125 -1 920.3548583984375 2960.958251953125 -1 643.27154541015625 2975.75 -1 1534.86279296875 1470.8951416015625 1185 1427.9818115234375 1498.994384765625 -1 1579.2083740234375 1697.033203125 1255 1227.710693359375 2164.0732421875 1416 954.07177734375 2312.946044921875 -1 1223.5628662109375 2315.4990234375 1367 795.421875 2441.41162109375 1447 675.8675537109375 2634.94580078125 -1 1082.3426513671875 2668.84814453125 1418 343.48013305664062 2870.921142578125 -1 720.63671875 2919.13427734375 1337 1044.436767578125 2929.27978515625 -1 1335.0567626953125 2958.314697265625 1470 962.0782470703125 2970.760009765625 -1 919.394775390625 3290.66455078125 -1 279.82473754882812 3331.568603515625 -1 418.14920043945312 3410.89599609375 -1 1258.470947265625 1758.6383056640625 1304 1157.8656005859375 2117.45166015625 1432 951.58935546875 2262.228271484375 -1 1143.910400390625 2297.2001953125 -1 955.2039794921875 2314.2685546875 -1 1393.6829833984375 2346.667724609375 1315 1069.8544921875 3164.35693359375 -1 1048.7791748046875 3263.422119140625 -1 1451.1201171875 1700.0340576171875 1448 1556.33642578125 2034.46240234375 1433 627.8597412109375 2388.816162109375 -1 1100.29541015625 2382.93603515625 1395 864.61279296875 2407.358154296875 1199 961.594482421875 2437.728515625 1319 323.448486328125 2489.299072265625 -1 680.83843994140625 2511.103271484375 1458 1167.3463134765625 2529.344970703125 1002 938.31109619140625 2579.06201171875 1396 947.2596435546875 2818.849609375 1224 1255.1580810546875 2871.349365234375 1372 1255.1580810546875 2871.349365234375 -1 694.39532470703125 2974.786376953125 -1 1317.3756103515625 3130.5859375 1373 315.97549438476562 3248.01025390625 -1 1509.6768798828125 1552.9481201171875 1329 1676.3349609375 1670.8792724609375 -1 1699.5595703125 1763.5693359375 1100 1794.3963623046875 1829.583740234375 -1 1703.8712158203125 1887.3358154296875 1317 1259.9315185546875 1907.7552490234375 -1 1235.763916015625 2245.036865234375 1305 1179.700927734375 2372.203125 1321 1179.700927734375 2372.203125 1306 804.68109130859375 2496.7978515625 1450 804.68109130859375 2496.7978515625 1397 990.9200439453125 2516.195068359375 1398 990.9200439453125 2516.195068359375 1488 626.6865234375 2616.6083984375 1145 471.09933471679688 2651.19580078125 1451 1157.0975341796875 2761.528564453125 1399 1314.6854248046875 2810.375 1198 1208.1488037109375 2945.9521484375 -1 921.05560302734375 3065.209716796875 -1 854.52777099609375 3376.105712890625 -1 2149.345458984375 478.04592895507812 -1 1349.90087890625 1671.557861328125 923 1177.4761962890625 1985.2584228515625 -1 1573.8343505859375 2048.192138671875 -1 525.68853759765625 2885.444580078125 -1 800.3489990234375 3041.119873046875 1436 1330.5357666015625 3038.139404296875 1400 1330.5357666015625 3038.139404296875 1401 921.12420654296875 3193.710693359375 -1 921.12420654296875 3193.710693359375 -1 955.34228515625 3325.134765625 -1 1584.2938232421875 1644.96923828125 1422 123.82557678222656 2475.102294921875 -1 1287.459716796875 2499.409423828125 1453 1440.0718994140625 2497.88623046875 1358 516.50811767578125 2756.583251953125 -1 338.08929443359375 2841.637451171875 -1 739.0521240234375 3190.717041015625 -1 1345.6241455078125 3287.263427734375 -1 676.3023681640625 3362.2080078125 1454 303.92965698242188 2326.259521484375 -1 1715.1845703125 2511.177490234375 -1 2154.505859375 2534.51025390625 -1 933.7340087890625 2728.085693359375 1404 477.2601318359375 3288.134033203125 1456 399.54953002929688 3483.10205078125 -1 1611.8035888671875 1853.2100830078125 1266 1611.8035888671875 1853.2100830078125 1267 479.18112182617188 3293.654296875 -1 505.64886474609375 2223.995849609375 1508 2356.106689453125 2357.03076171875 -1 1055.5411376953125 2955.59521484375 -1 181.1336669921875 2190.7841796875 -1 1667.9029541015625 2213.190185546875 1298 2178.031005859375 2633.32666015625 -1 2562.444580078125 2665.742919921875 -1 1145.2962646484375 3260.642578125 -1 951.97247314453125 1788.639892578125 -1 1446.2457275390625 1899.0059814453125 1407 1446.2457275390625 1899.0059814453125 -1 1751.33154296875 2217.276123046875 1439 939.745361328125 2409.641845703125 -1 672.205810546875 3179.016357421875 -1 602.30426025390625 3627.25732421875 -1 1578.75537109375 859.93212890625 -1 
53 0.74079873132141749 -0.094249267500030279 0.66318982281645356 0.050135557850365123 -1.3850114502581459 -0.027913718696668394 1.2195402601863532 53 img_056.jpg
1509.3740234375 1558.2918701171875 -1 1741.4896240234375 1795.9725341796875 -1 1545.1334228515625 1806.7239990234375 -1 1823.1461181640625 1876.8123779296875 -1 1826.1553955078125 1877.8824462890625 -1 1785.9034423828125 1914.9542236328125 -1 1754.854736328125 1924.3363037109375 -1 1755.33740234375 1927.7584228515625 -1 1676.8994140625 1965.1622314453125 -1 1595.0423583984375 2028.99658203125 -1 1589.6458740234375 2042.0789794921875 -1 1267.84228515625 2216.80810546875 -1 778.9744873046875 2309.1162109375 -1 697.9549560546875 2351.328857421875 -1 691.66827392578125 2354.58203125 -1 1190.5682373046875 2429.35107421875 -1 1213.088134765625 2557.65771484375 -1 1218.691650390625 2565.687744140625 1442 1440.843017578125 2996.9453125 -1 1443.388427734375 3000.96337890625 -1 1443.4566650390625 3005.62939453125 -1 1451.2191162109375 3010.230712890625 -1 971.0223388671875 3099.62353515625 -1 991.739501953125 3110.775390625 -1 1001.3713989257812 3118.114013671875 -1 1684.0595703125 1792.5703125 -1 1739.7740478515625 1933.564208984375 -1 1733.25537109375 1936.89599609375 -1 1726.5069580078125 1940.646728515625 -1 1658.0809326171875 1975.69873046875 -1 1280.358642578125 2163.56005859375 -1 1499.6209716796875 2354.837890625 -1 570.1171875 2444.9609375 -1 1197.4981689453125 2549.831298828125 -1 1009.12548828125 3120.98193359375 -1 1712.9520263671875 1943.509033203125 -1 1584.0032958984375 2051.325927734375 -1 1272.84912109375 2214.483154296875 -1 1292.339599609375 1796.498291015625 -1 1499.0323486328125 1558.4329833984375 -1 1438.40478515625 1630.1607666015625 -1 1711.4102783203125 1941.828857421875 -1 1548.8311767578125 1622.1573486328125 1385 1286.5111083984375 1892.7957763671875 1313 1255.2222900390625 2163.018798828125 1411 1607.3988037109375 1685.8372802734375 1386 1128.9278564453125 2357.360595703125 1177 1223.141357421875 2557.9091796875 1364 1387.3734130859375 2569.22314453125 1461 1181.1016845703125 2607.50634765625 1362 1752.9320068359375 1629.7335205078125 -1 1396.7930908203125 1751.9144287109375 1307 1289.995361328125 2099.505126953125 -1 1269.602294921875 2155.4755859375 1429 1269.602294921875 2155.4755859375 1443 1059.0802001953125 2374.909912109375 1179 1001.171875 2401.74072265625 1279 1192.403564453125 2436.040283203125 1409 1198.218017578125 2456.07666015625 1312 1388.060546875 2552.575439453125 1244 1181.9256591796875 2609.338134765625 -1 1031.028564453125 2927.8544921875 -1 1062.2928466796875 3002.532470703125 1483 1553.8001708984375 1469.60791015625 1277 1540.078857421875 1507.5947265625 1463 1396.45751953125 1878.829345703125 1061 877.346923828125 2283.623291015625 -1 1092.560791015625 2381.5556640625 1413 1261.2772216796875 2455.720458984375 1238 1075.281005859375 2485.52685546875 -1 1191.0343017578125 2559.708251953125 1390 1191.0343017578125 2559.708251953125 1283 1351.750244140625 2707.752197265625 1078 922.363525390625 3003.581787109375 -1 1470.416748046875 3056.491943359375 -1 1045.1134033203125 3223.282958984375 -1 1472.117919921875 1590.5726318359375 1031 1719.5181884765625 1615.401611328125 1444 1344.8304443359375 1811.2652587890625 1190 1138.586181640625 2232.9150390625 -1 1079.94677734375 2599.93408203125 1649 1357.0244140625 2606.624267578125 1415 1339.196044921875 2641.41650390625 1832 1378.4239501953125 2649.19775390625 1300 1153.769287109375 2666.473388671875 -1 1153.769287109375 2666.473388671875 1418 708.4473876953125 2724.723876953125 -1 419.07107543945312 2863.48681640625 -1 1119.2403564453125 2918.311279296875 -1 994.18792724609375 2954.60302734375 -1 356.56436157226562 3237.69091796875 -1 1608.1658935546875 1463.6365966796875 1185 1502.0272216796875 1496.892578125 -1 1642.1646728515625 1521.5787353515625 1667 1652.1708984375 1692.1160888671875 1255 1556.296875 1852.633056640625 1570 1238.703857421875 2115.281005859375 1432 1528.162841796875 2166.29052734375 1564 1515.3162841796875 2233.094482421875 1425 1030.0445556640625 2308.66455078125 -1 1299.248291015625 2313.508056640625 1367 865.7950439453125 2436.818603515625 1447 1125.6552734375 2618.150390625 1220 1377.5013427734375 2646.6484375 -1 787.7593994140625 2912.831787109375 1337 2946.578125 2910.848876953125 -1 2946.578125 2910.848876953125 -1 1413.1134033203125 2958.35205078125 -1 1334.32666015625 1756.3731689453125 1304 440.01739501953125 2471.58740234375 -1 623.04534912109375 2546.280517578125 -1 1082.022705078125 2592.9189453125 1498 754.40081787109375 2630.425537109375 1441 1095.326904296875 2724.0498046875 -1 1042.476806640625 2964.516357421875 -1 1145.3240966796875 3162.981201171875 -1 1523.6234130859375 1695.94482421875 1420 1633.428955078125 2025.543212890625 1433 1040.4183349609375 2255.35205078125 -1 1215.9437255859375 2281.87841796875 -1 1468.8743896484375 2343.368408203125 1315 1172.0543212890625 2378.765625 1395 936.3834228515625 2404.31396484375 1199 1037.6199951171875 2432.52978515625 1319 752.93487548828125 2503.283203125 1458 1241.465087890625 2526.39990234375 1002 1010.888671875 2574.65673828125 1396 428.9166259765625 2777.961181640625 -1 1322.2359619140625 2787.836669921875 -1 1018.9723510742188 2813.84130859375 1224 1332.9752197265625 2870.1025390625 1533 759.75433349609375 2967.690673828125 -1 1392.298095703125 3128.83251953125 1373 1123.418212890625 3257.02392578125 -1 1582.4354248046875 1547.998779296875 1329 1771.7838134765625 1757.4095458984375 1100 1778.5404052734375 1882.4739990234375 1317 1311.461181640625 2240.90576171875 1305 879.77215576171875 2491.821533203125 1397 879.77215576171875 2491.821533203125 1450 1064.079345703125 2513.022216796875 1488 1064.079345703125 2513.022216796875 1398 697.4669189453125 2613.396728515625 1145 538.299072265625 2643.79248046875 1451 1233.350341796875 2757.320068359375 -1 1394.0679931640625 2809.928466796875 -1 989.8087158203125 3059.6083984375 -1 908.368896484375 3373.3544921875 -1 1424.826904296875 1667.7259521484375 923 1658.4300537109375 2047.5462646484375 -1 1495.468017578125 2477.108154296875 -1 594.51239013671875 2879.199951171875 -1 855.8248291015625 3035.71044921875 1436 1407.889404296875 3035.37158203125 1400 801.9803466796875 3166.449462890625 -1 986.49737548828125 3189.209716796875 -1 986.49737548828125 3189.209716796875 -1 907.57366943359375 3376.6923828125 -1 1658.2215576171875 1640.8551025390625 1422 1899.7276611328125 1838.6339111328125 -1 430.29510498046875 2322.515380859375 -1 234.92059326171875 2468.2998046875 -1 1362.9754638671875 2494.00439453125 1453 595.1868896484375 2752.008056640625 -1 417.89010620117188 2820.885498046875 -1 1421.18359375 3287.837646484375 1377 730.0106201171875 3351.767822265625 -1 1826.126220703125 2511.0556640625 -1 2245.552978515625 2533.991455078125 -1 1006.3226928710938 2721.26611328125 1404 1148.8836669921875 2861.964599609375 -1 787.4912109375 2870.074462890625 1423 537.80230712890625 3278.53515625 1456 479.81362915039062 3481.142822265625 -1 1690.9671630859375 1846.310302734375 -1 1690.9671630859375 1846.310302734375 -1 354.24240112304688 461.21932983398438 -1 623.624267578125 2207.06640625 -1 2460.334228515625 2351.619873046875 -1 366.10311889648438 3853.437255859375 -1 305.88345336914062 2169.71044921875 -1 2254.174560546875 2629.825927734375 -1 2673.080322265625 2659.939453125 -1 311.86505126953125 2974.056396484375 -1 1217.9429931640625 3269.377197265625 -1 1108.0235595703125 4029.866943359375 -1 1055.7322998046875 1803.435791015625 -1 1521.0401611328125 1896.9285888671875 1407 1521.0401611328125 1896.9285888671875 -1 1012.2664184570312 2414.48828125 -1 1701.2208251953125 2678.695556640625 -1 753.26171875 3167.9775390625 -1 671.72332763671875 3618.536376953125 1665 
52 0.72528604897885707 -0.093956581992547486 0.68009343762885321 0.051041394486100997 -1.6215551107820259 -0.054685071724559962 1.2014848165089371 52 img_055.jpg
1393.0184326171875 1801.7655029296875 -1 1289.31591796875 1840.53564453125 -1 1726.3057861328125 1888.139404296875 -1 1709.20947265625 1897.3387451171875 -1 1688.099609375 1908.9315185546875 -1 1558.5213623046875 1972.2642822265625 -1 1536.8939208984375 2023.0704345703125 -1 1533.2086181640625 2023.6416015625 -1 946.3663330078125 2270.65380859375 -1 1000.5671997070312 2270.554931640625 -1 850.03765869140625 2275.510498046875 -1 693.7952880859375 2296.341796875 -1 1084.7503662109375 2522.0400390625 -1 910.39617919921875 3105.664306640625 -1 915.267333984375 3109.603271484375 -1 947.6142578125 3145.013427734375 -1 895.6419677734375 3238.2470703125 -1 1357.4437255859375 1810.4779052734375 -1 1675.79248046875 1909.453369140625 -1 883.4361572265625 2268.575439453125 -1 865.78741455078125 2269.983642578125 -1 1118.28759765625 2547.541015625 1442 1601.0867919921875 1957.1240234375 -1 1558.3878173828125 1971.5528564453125 -1 1531.87353515625 2023.73046875 -1 1426.08837890625 1538.968505859375 -1 1470.7532958984375 1596.7230224609375 -1 1301.24853515625 2553.221923828125 1461 1517.9263916015625 1667.02685546875 1386 1263.5589599609375 1991.826416015625 -1 1129.1319580078125 2330.92578125 1462 1128.4088134765625 2542.1826171875 1364 1084.2957763671875 2591.795654296875 1362 1010.8561401367188 2906.100341796875 -1 1385.6854248046875 3055.99072265625 -1 1465.565673828125 1489.325927734375 1463 1424.5560302734375 1556.7283935546875 -1 1300.9642333984375 1840.4144287109375 1491 1300.9642333984375 1840.4144287109375 1490 1104.0540771484375 2420.585205078125 1409 1106.6090087890625 2440.84375 1312 976.932861328125 2490.462646484375 1492 1303.0677490234375 2538.8330078125 1244 1315.798583984375 2623.63427734375 -1 1258.90625 2697.42431640625 1078 982.61260986328125 2887.0654296875 -1 1036.095947265625 2892.271728515625 -1 1315.181884765625 1863.873046875 1061 1198.9805908203125 2136.418212890625 -1 903.74176025390625 2383.879638671875 1279 1177.2169189453125 2445.799072265625 1602 1096.651123046875 2545.8779296875 1390 1096.651123046875 2545.8779296875 1283 1081.7435302734375 2572.251953125 1183 1276.846435546875 2715.944091796875 -1 2969.57861328125 2927.10546875 -1 1005.2747802734375 2986.973388671875 1483 825.9600830078125 3031.674072265625 1513 929.17449951171875 3203.603759765625 -1 1480.501220703125 1451.14306640625 1277 1396.50732421875 1578.37451171875 1536 1643.6214599609375 1595.7286376953125 1444 1570.720703125 1669.6864013671875 1255 1463.368408203125 1833.9888916015625 1570 1003.5863037109375 2368.07470703125 1413 1096.26708984375 2390.319580078125 1494 974.98406982421875 2584.416748046875 1649 1265.9393310546875 2589.790771484375 1415 1250.47998046875 2629.46240234375 1832 888.05169677734375 2897.406005859375 -1 578.55255126953125 2915.41064453125 -1 872.466064453125 3294.405029296875 1562 1535.678955078125 1443.210205078125 -1 1426.9290771484375 1481.9927978515625 -1 1567.7711181640625 1508.72802734375 -1 1261.573486328125 1741.470703125 1304 1236.20458984375 2149.732666015625 1416 1455.4581298828125 2220.180419921875 1425 978.97320556640625 2252.466552734375 -1 1145.477783203125 2396.793212890625 -1 761.6229248046875 2418.880126953125 1447 726.17449951171875 2535.32177734375 1497 1024.9766845703125 2602.288330078125 1220 1341.4158935546875 2618.1162109375 -1 1054.079345703125 2648.130126953125 1418 606.3076171875 2847.50634765625 1495 657.42449951171875 2889.850341796875 1337 1331.84716796875 2937.945556640625 1470 1568.2618408203125 1508.000732421875 -1 636.3260498046875 2606.26904296875 1441 1340.1597900390625 2620.37451171875 -1 625.31243896484375 2936.274169921875 -1 905.41168212890625 2943.25732421875 -1 905.41168212890625 2943.25732421875 -1 1335.8975830078125 2936.173095703125 -1 1110.543701171875 3037.927490234375 -1 760.5093994140625 3066.886962890625 -1 1311.76611328125 3114.330322265625 1373 1322.8515625 3178.669189453125 1499 818.445556640625 3330.3310546875 -1 1439.574462890625 1680.0340576171875 1420 1135.39404296875 2270.976318359375 -1 1406.2828369140625 2330.689697265625 1315 1088.1605224609375 2363.6904296875 1395 842.22369384765625 2388.6669921875 1199 941.72955322265625 2417.689208984375 1319 637.68096923828125 2479.02490234375 -1 1149.8922119140625 2512.497802734375 1002 907.4342041015625 2559.923583984375 1396 1275.329833984375 2576.856201171875 1546 578.9754638671875 2590.32470703125 1145 981.88201904296875 2937.084716796875 1503 981.88201904296875 2937.084716796875 -1 1037.2235107421875 3222.743896484375 -1 781.697998046875 3278.3515625 -1 766.51617431640625 3415.248046875 -1 245.99812316894531 3463.4091796875 -1 1505.89404296875 1529.2412109375 1329 1686.1651611328125 1739.1339111328125 1100 1695.087158203125 1866.5740966796875 1317 1238.5126953125 2229.106201171875 1305 776.505126953125 2473.379150390625 1450 776.505126953125 2473.379150390625 1397 967.13629150390625 2503.07177734375 1522 967.13629150390625 2503.07177734375 1523 426.26815795898438 2622.53955078125 -1 1134.0567626953125 2743.547607421875 1399 903.858154296875 2796.486572265625 1224 1309.1627197265625 2797.14453125 -1 1250.5364990234375 2859.3017578125 1533 1250.5364990234375 2859.3017578125 -1 1198.247314453125 2935.40966796875 1504 604.56689453125 3109.266357421875 1505 1335.6173095703125 1529.4835205078125 -1 1347.515869140625 1651.8504638671875 923 1790.6771240234375 1809.850341796875 -1 1596.434814453125 2026.111572265625 -1 1415.59033203125 2440.446044921875 -1 657.16363525390625 3014.775390625 -1 1327.213623046875 3020.350341796875 1400 896.2235107421875 3032.740966796875 -1 1331.4403076171875 3261.924072265625 -1 695.330078125 3349.693603515625 -1 1579.070068359375 1620.98828125 1422 355.75177001953125 2445.0087890625 -1 1279.7894287109375 2475.529541015625 -1 481.71624755859375 2725.8154296875 -1 861.32098388671875 3163.515625 1556 861.32098388671875 3163.515625 -1 365.82595825195312 3244.367919921875 1456 526.95281982421875 3319.7080078125 1527 227.70521545410156 3542.544677734375 -1 896.39605712890625 2707 1404 1054.27294921875 2819.871337890625 -1 646.59161376953125 2851.102783203125 -1 479.36734008789062 2894.727783203125 -1 820.80560302734375 3842.642578125 -1 1598.6925048828125 1834.259765625 -1 1598.6925048828125 1834.259765625 -1 490.22305297851562 2024.4827880859375 -1 459.13540649414062 472.13150024414062 -1 739.8326416015625 2120.5029296875 -1 2124.445556640625 2314.04296875 -1 820.56060791015625 2450.49853515625 -1 820.56060791015625 2450.49853515625 -1 1077.487060546875 1837.20068359375 -1 1459.260986328125 1886.2115478515625 -1 1459.260986328125 1886.2115478515625 -1 1065.1558837890625 2320.363525390625 -1 1065.1558837890625 2320.363525390625 -1 2584.27587890625 2325.140625 -1 2360.962158203125 2612.97607421875 -1 2763.880859375 2646.203369140625 -1 1015.5594482421875 2927.412353515625 1480 1048.4212646484375 3959.55419921875 -1 1065.6705322265625 2314.227294921875 -1 1065.6705322265625 2314.227294921875 -1 1099.61474609375 3327.6767578125 -1 509.7586669921875 3582.51806640625 1665 1876.048828125 882.43072509765625 -1 2340.587646484375 1122.065185546875 -1 
51 0.67363575104034124 -0.073490908302914451 0.73145618156397263 0.076064550014975085 -1.9950820594397289 0.031652695322939045 2.0260653255124379 51 img_054.jpg
1624.32275390625 1932.1295166015625 -1 1620.5869140625 1934.1448974609375 -1 1618.28125 1940.3671875 -1 1614.597412109375 1947.761962890625 -1 1595.294677734375 2013.15478515625 -1 1176.9002685546875 2130.062744140625 -1 1170.9901123046875 2141.91064453125 -1 1148.2041015625 2165.415283203125 -1 1142.5885009765625 2171.8330078125 -1 1115.6163330078125 2197.337890625 -1 1119.7921142578125 2197.092529296875 -1 1115.605224609375 2201.33203125 -1 1073.5150146484375 2228.019287109375 -1 1000.30859375 2234.304931640625 -1 952.41729736328125 2240.313720703125 -1 960.7967529296875 2241.6806640625 -1 971.9815673828125 2242.086181640625 -1 2991.328857421875 3991.713623046875 -1 3009.475830078125 4023.455078125 -1 1547.6961669921875 2175.89990234375 -1 1043.6531982421875 2855.985107421875 -1 893.331787109375 3056.306884765625 -1 3033.226806640625 4045.8408203125 -1 3033.226806640625 4045.8408203125 -1 3033.92431640625 4062.102294921875 -1 1595.603759765625 2013.083984375 -1 1144.720458984375 2174.7998046875 -1 3045.298828125 4040.420166015625 -1 3045.298828125 4040.420166015625 -1 2949.66455078125 4048.18994140625 -1 2862.190673828125 4054.505126953125 -1 2887.6171875 4063.806640625 -1 2623.787109375 4075.95361328125 -1 1109.8443603515625 2207.88330078125 -1 3025.31103515625 3968.8408203125 -1 2932.512939453125 4040.808349609375 -1 2932.512939453125 4040.808349609375 -1 2893.71826171875 4064.9599609375 -1 2893.71826171875 4064.9599609375 -1 2805.706298828125 4074.744873046875 -1 1488.109375 1478.445068359375 -1 1448.9609375 1519.22705078125 -1 2964.302734375 4050.848388671875 -1 2964.302734375 4050.848388671875 -1 2923.02783203125 4073.424560546875 -1 2940.7568359375 4073.927490234375 -1 1544.1395263671875 1415.1826171875 1583 1508.7047119140625 1432.065185546875 -1 1503.6824951171875 1473.920654296875 -1 1222.70068359375 2065.702392578125 -1 1244.78271484375 2112.571533203125 1411 1217.0902099609375 2209.853759765625 -1 1098.9219970703125 2393.168701171875 -1 1573.8394775390625 1359.2691650390625 -1 1597.2264404296875 1370.363037109375 -1 1324.2037353515625 1844.9320068359375 -1 1324.2037353515625 1844.9320068359375 -1 1267.8455810546875 2102.923828125 -1 1255.1700439453125 2106.77392578125 1429 1255.1700439453125 2106.77392578125 -1 1227.4285888671875 2190.276123046875 -1 1240.4132080078125 2193.817626953125 -1 1217.0211181640625 2209.81103515625 -1 1212.260009765625 2242.970458984375 -1 1161.038818359375 2298.498046875 1462 1531.6104736328125 1514.636474609375 -1 1515.4521484375 1540.0167236328125 -1 1559.4390869140625 1614.2847900390625 -1 1321.9697265625 1938.66455078125 -1 1230.62841796875 2048.758544921875 -1 1278.0106201171875 2049.010986328125 -1 1204.5413818359375 2229.281494140625 -1 1128.880859375 2403.98193359375 -1 1198.169677734375 2504.40380859375 -1 1144.3135986328125 2509.96533203125 1364 1098.4866943359375 2558.080078125 1362 1278.922119140625 2673.86865234375 -1 1513.3199462890625 1440.35498046875 1463 1304.424560546875 1715.089111328125 -1 1338.857177734375 1801.44970703125 1490 1338.857177734375 1801.44970703125 1491 1033.422607421875 2326.751708984375 -1 929.75762939453125 2347.6220703125 -1 923.62005615234375 2369.83935546875 -1 803.9658203125 2387.475830078125 -1 992.5709228515625 2454.093505859375 1492 1339.03125 2614.849365234375 -1 1071.84912109375 2954.249755859375 -1 1425.471923828125 3040.126953125 -1 1444.169677734375 1494.6070556640625 -1 1438.32080078125 1535.8695068359375 1536 1305.0106201171875 1713.9012451171875 -1 1428.08740234375 1722.480712890625 -1 1370.4649658203125 1790.1829833984375 1388 1353.422119140625 1823.3916015625 1514 1679.4949951171875 1909.77490234375 -1 992.96453857421875 2319.892578125 -1 884.50042724609375 2367.608642578125 -1 1201.0377197265625 2411.4609375 1238 1005.5963745117188 2439.27490234375 1584 1097.53515625 2539.218994140625 1183 1275.15576171875 2600.818359375 1832 557.3251953125 2883.611083984375 1586 916.82305908203125 3172.270263671875 1585 1506.5985107421875 1403.265380859375 -1 1506.5985107421875 1403.265380859375 -1 1431.2135009765625 1468.9468994140625 -1 1689.3084716796875 1548.682373046875 1515 1616.8485107421875 1613.9561767578125 1693 1305.3861083984375 1828.059814453125 -1 1239.3160400390625 2070.383544921875 -1 1122.9569091796875 2358.2822265625 1494 981.5382080078125 2549.191650390625 1649 1059.772705078125 2615.927734375 1418 1059.772705078125 2615.927734375 -1 583.16851806640625 2805.310546875 1495 1061.310791015625 2845.775634765625 -1 1365.070556640625 2915.774658203125 1470 851.511474609375 3261.386962890625 1562 1579.46875 1388.2899169921875 1510 1688.7955322265625 1544.84912109375 -1 1488.02734375 1795.4188232421875 1335 1286.4989013671875 2122.660888671875 -1 1521.5853271484375 2192.57763671875 -1 1235.29541015625 2229.680908203125 -1 1235.29541015625 2229.680908203125 -1 1245.759033203125 2326.53759765625 -1 1179.6005859375 2367.795166015625 1563 1231.6815185546875 2375.02685546875 -1 773.591552734375 2380.26611328125 1648 1397.48291015625 2526.0771484375 -1 1290.819091796875 2546.171630859375 1635 1035.378173828125 2571.110595703125 1220 910.60321044921875 2802.62353515625 1589 625.84478759765625 2845.299072265625 1675 880.5545654296875 2865.8759765625 1591 507.43472290039062 2901.0458984375 -1 833.43218994140625 2927.92529296875 -1 1021.8158569335938 2988.027099609375 -1 1582.28125 1790.0390625 -1 1645.955810546875 1953.19775390625 -1 1527.657470703125 2124.048095703125 -1 1275.5498046875 2280.52978515625 -1 1368.4024658203125 2479.005859375 -1 1284.51171875 2485.586669921875 1592 747.7215576171875 2496.718505859375 1497 986.8004150390625 2541.22119140625 1498 636.16790771484375 2553.640625 1616 1379.8289794921875 2594.708984375 1618 498.16482543945312 2896.3564453125 1517 593.88916015625 2903.319580078125 -1 1100.094970703125 2950.47412109375 -1 1357.1297607421875 3157.114990234375 1499 226.14540100097656 3188.24072265625 -1 798.2576904296875 3295.54345703125 -1 1473.153564453125 1634.630859375 1613 962.50244140625 2380.842041015625 1319 1170.5826416015625 2482.416748046875 1652 915.05841064453125 2526.990478515625 1396 570.89862060546875 2543.802978515625 1687 1270.3311767578125 2750.732421875 1663 1265.4759521484375 3039.63134765625 -1 1549.376220703125 1474.5670166015625 1329 1374.389404296875 1502.8238525390625 -1 1717.5064697265625 1692.1478271484375 -1 1728.7291259765625 1825.3424072265625 1317 1661.8541259765625 1962.1048583984375 -1 1458.81005859375 2305.9755859375 -1 852.31439208984375 2337.186279296875 -1 852.31439208984375 2337.186279296875 -1 789.96258544921875 2433.391357421875 -1 509.79544067382812 2685.111328125 1619 898.5469970703125 2763.682373046875 1224 1287.004638671875 2839.903076171875 -1 1287.004638671875 2839.903076171875 -1 1044.650146484375 2900.106689453125 1503 1044.650146484375 2900.106689453125 -1 1219.60498046875 2906.968505859375 1504 486.47732543945312 3062.677490234375 1505 288.4444580078125 3183.468017578125 -1 288.4444580078125 3183.468017578125 -1 1376.43701171875 1492.767578125 -1 1391.925048828125 1607.8800048828125 -1 1455.1165771484375 2312.45751953125 -1 1455.1165771484375 2312.45751953125 -1 1624.7496337890625 2394.117431640625 -1 977.13525390625 2473.28369140625 1522 977.13525390625 2473.28369140625 1523 748.30535888671875 2922.122314453125 1594 537.1270751953125 2966.86669921875 1561 1366.875244140625 2997.3818359375 1400 675.119384765625 3050.974365234375 1685 1368.996337890625 3229.931640625 -1 677.35003662109375 3249.473876953125 -1 677.35003662109375 3249.473876953125 1686 566.5633544921875 3303.791748046875 1577 1625.4554443359375 1567.4073486328125 1168 628.1246337890625 2395.099365234375 1728 1320.1932373046875 2437.81005859375 -1 1320.1932373046875 2437.81005859375 -1 457.42391967773438 2675.822265625 -1 1062.6708984375 2771.62060546875 -1 443.57058715820312 2834.1533203125 1580 911.8729248046875 2983.857177734375 1631 845.2733154296875 3123.26318359375 1555 845.2733154296875 3123.26318359375 1556 1054.6104736328125 2321.78857421875 -1 2659.86328125 2510.98486328125 -1 898.38201904296875 2670.507568359375 1404 1250.261962890625 1759.3270263671875 -1 1024.4439697265625 2100.281005859375 1508 332.84954833984375 2488.155029296875 -1 2213.1083984375 2492.595458984375 -1 2656.955322265625 2529.783203125 -1 1609.86474609375 1809.2747802734375 -1 2442.53662109375 2281.6923828125 -1 1090.0794677734375 3105.130859375 -1 1090.0794677734375 3105.130859375 -1 728.6527099609375 472.45553588867188 -1 1567.4873046875 1843.535400390625 -1 1748.50390625 2144.2041015625 -1 761.0445556640625 3993.19873046875 -1 1493.94921875 1312.3875732421875 -1 491.56201171875 3076.092529296875 -1 466.388427734375 3554.07861328125 1723 2080.115966796875 832.40740966796875 -1 2181.73828125 2746.308837890625 -1 
50 0.64477635411463763 -0.069647928521771291 0.75678214821008449 0.081813198066030365 -1.8853606930171718 0.022452209555814829 2.1031806748468642 50 img_053.jpg
1379.8009033203125 2176.81103515625 -1 1201.0516357421875 2222.493896484375 -1 1254.2667236328125 2225.515869140625 -1 1281.602783203125 2227.931640625 -1 1289.9588623046875 2227.987548828125 -1 1225.7847900390625 2229.455078125 -1 1305.620849609375 2854.6689453125 -1 1311.073974609375 2856.61279296875 -1 1258.2918701171875 2226.2783203125 -1 2995.674072265625 3995.327880859375 -1 1322.6259765625 2216.36572265625 -1 1201.72705078125 2222.282958984375 -1 2890.24658203125 4055.815185546875 -1 1495.2696533203125 2100.038330078125 -1 1744.7003173828125 1450.8485107421875 -1 1803.3109130859375 1384.0130615234375 1583 1563.0489501953125 1956.352783203125 -1 1586.376220703125 2519.80908203125 1461 1736.117431640625 1366.877197265625 -1 1761.65478515625 1444.4937744140625 -1 1773.4002685546875 1511.192138671875 -1 1575.352783203125 1829.3079833984375 -1 1575.352783203125 1829.3079833984375 -1 1523.689208984375 2046.0648193359375 -1 1497.402587890625 2125.36083984375 -1 1476.414306640625 2178.14794921875 -1 1406.5904541015625 2274.55322265625 1178 1361.76953125 2478.493896484375 -1 1679.4649658203125 2522.12744140625 -1 1772.2384033203125 1410.2757568359375 1463 1790.5166015625 1482.9530029296875 -1 1557.9908447265625 1690.7567138671875 -1 1503.065185546875 2089.212646484375 1599 1177.7659912109375 2334.65234375 -1 1377.93212890625 2397.088134765625 1312 1325.71826171875 2403.445556640625 -1 1241.3443603515625 2445.84765625 1492 1596.599853515625 2601.418701171875 1412 1531.9034423828125 2668.000732421875 1643 1069.450927734375 2986.389892578125 1513 1679.47412109375 3045.22265625 -1 1685.2406005859375 1443.8280029296875 -1 1693.23291015625 1509.8892822265625 1536 1603.6878662109375 1806.91552734375 1514 1379.6607666015625 2377.18212890625 1409 1449.34521484375 2401.666015625 1238 1253.0897216796875 2427.94140625 1584 1344.587646484375 2531.148193359375 1183 1352.69921875 2563.1123046875 -1 1524.1883544921875 2594.6748046875 1832 1308.8521728515625 2840.667236328125 -1 1325.4913330078125 2949.4990234375 -1 1159.379638671875 3169.758544921875 1585 1767.7332763671875 1371.2802734375 -1 1952.552734375 1519.7086181640625 1444 1878.1051025390625 1587.51953125 1693 2071.945068359375 1788.8702392578125 -1 1556.6552734375 1812.586181640625 -1 1280.921630859375 2323.14599609375 -1 1369.385009765625 2346.82275390625 1494 795.745849609375 2869.780029296875 1586 1092.5792236328125 3257.62939453125 1562 1840.6524658203125 1356.6165771484375 1510 1739.2618408203125 1775.5704345703125 -1 1534.91796875 2115.1884765625 -1 1778.924560546875 2184.7158203125 -1 1484.029052734375 2223.0947265625 1607 1498.7781982421875 2320.031982421875 -1 1428.1243896484375 2357.55126953125 1563 1018.12646484375 2368.759765625 1447 1483.0511474609375 2367.38916015625 -1 1651.991455078125 2526.223876953125 -1 1231.8101806640625 2535.14404296875 1219 1540.2320556640625 2541.929931640625 1635 1286.237548828125 2558.01904296875 1220 1310.18017578125 2606.6796875 1418 825.37786865234375 2797.022216796875 1495 1152.4237060546875 2793.500244140625 1589 865.21551513671875 2835.890380859375 1675 1126.705078125 2856.439453125 1591 1076.2933349609375 2924.1513671875 -1 1344.85693359375 2949.04443359375 -1 1271.88720703125 2982.70751953125 -1 467.29067993164062 3165.411865234375 -1 1840.8504638671875 1356.26318359375 -1 1872.5787353515625 1422.5494384765625 1667 1632.348388671875 1489.483642578125 -1 1776.7276611328125 2184.072509765625 -1 1429.4959716796875 2233.17919921875 -1 1526.782470703125 2270.624755859375 -1 1531.0574951171875 2476.597900390625 1592 1686.2203369140625 2478.37939453125 -1 995.01812744140625 2485.498779296875 1497 1326.494384765625 2486.2294921875 -1 1326.494384765625 2486.2294921875 -1 1235.2906494140625 2530.0263671875 1498 1128.153076171875 2588.6787109375 1617 1634.447265625 2590.056396484375 1618 733.530517578125 2888.009521484375 -1 1629.8533935546875 2913.3466796875 -1 1074.822509765625 2924.430419921875 -1 1346.9971923828125 2949.7724609375 -1 1609.045166015625 3162.85498046875 1499 1035.742919921875 3294.820556640625 -1 1742.2994384765625 1489.193115234375 1612 1742.2994384765625 1489.193115234375 -1 1727.0025634765625 1612.9124755859375 1613 1211.906982421875 2367.835205078125 1319 1420.1190185546875 2475.02734375 1652 1160.3955078125 2516.1279296875 1396 883.5447998046875 2541.78955078125 1616 1518.4818115234375 2748.900146484375 1663 836.63543701171875 2898.44482421875 -1 1596.1678466796875 3099.329345703125 -1 1810.397216796875 1443.47802734375 -1 1996.76171875 1803.553955078125 1623 1715.157958984375 2299.0439453125 -1 1101.0924072265625 2318.640869140625 -1 1039.46826171875 2421.146728515625 -1 1525.859619140625 2473.79443359375 1680 1525.859619140625 2473.79443359375 -1 813.63330078125 2531.826904296875 1687 756.28076171875 2672.255126953125 1619 1140.77099609375 2756.543701171875 1224 1538.7369384765625 2838.60546875 -1 1538.7369384765625 2838.60546875 -1 1296.183837890625 2892.547607421875 1503 1296.183837890625 2892.547607421875 -1 715.99053955078125 3057.478515625 1505 523.25225830078125 3170.138427734375 -1 1611.9512939453125 3201.75146484375 -1 1646.1837158203125 1583.6695556640625 -1 1904.5657958984375 2388.191650390625 -1 665.38250732421875 2399.909912109375 -1 1224.9981689453125 2462.420654296875 1522 1224.9981689453125 2462.420654296875 1523 993.0814208984375 2914.66455078125 -1 770.50799560546875 2960.756591796875 1561 1619.59375 3000.20166015625 1400 906.6688232421875 3042.742919921875 -1 1617.73779296875 3230.86962890625 -1 793.12139892578125 3299.97705078125 1577 1887.911865234375 1539.6597900390625 1168 1936.2744140625 1961.2430419921875 -1 875.08111572265625 2381.27978515625 1728 684.15997314453125 2661.941162109375 -1 1309.011474609375 2764.293212890625 -1 683.54132080078125 2820.50048828125 1580 683.54132080078125 2820.50048828125 -1 1159.291015625 2978.17041015625 1631 1087.4046630859375 3119.09814453125 1555 1087.4046630859375 3119.09814453125 1556 910.9176025390625 3245.723388671875 -1 910.9176025390625 3245.723388671875 1686 650.2279052734375 3256.6728515625 1527 1514.2755126953125 1722.681396484375 -1 1570.5704345703125 2438.551513671875 1630 1570.5704345703125 2438.551513671875 1638 1066.560791015625 2443.880615234375 -1 2505.640869140625 2476.3095703125 -1 2955.447998046875 2499.597412109375 -1 1143.3179931640625 2662.97509765625 1404 1560.74658203125 1428.609619140625 -1 1295.29736328125 2081.09765625 -1 788.75360107421875 2479.478759765625 -1 2489.0185546875 2490.36669921875 -1 1331.95458984375 2751.627685546875 -1 1014.0811767578125 463.46817016601562 1722 1878.8226318359375 1783.5760498046875 -1 1062.508056640625 1982.243896484375 -1 1337.77783203125 3104.127197265625 -1 1995.87158203125 2130.388671875 -1 689.55792236328125 3069.461669921875 -1 1017.22705078125 3991.573974609375 -1 1754.1546630859375 1285.9222412109375 -1 395.98153686523438 2621.873779296875 -1 2313.945556640625 799.64666748046875 -1 721.20111083984375 3559.127197265625 -1 1409.41162109375 1728.80615234375 -1 822.64166259765625 2110.337890625 -1 2349.8857421875 2726.276123046875 -1 2875.341796875 2031.77392578125 1560 577.6993408203125 2117.72021484375 -1 
49 0.61463048723637304 -0.063617391149886834 0.78136080210642822 0.087507077624956478 -1.8248765573062302 0.0040619707604995546 2.155946267201708 49 img_052.jpg
2125.7861328125 1867.421142578125 -1 2087.03515625 1955.0654296875 -1 1729.3760986328125 1970.416259765625 -1 1710.5594482421875 2005.3917236328125 -1 2068.752685546875 2016.75927734375 -1 1591.9420166015625 2152.06689453125 -1 2011.982177734375 2196.20263671875 -1 1522.38525390625 2198.14453125 -1 1567.8192138671875 2456.216552734375 -1 1493.3670654296875 2822.5166015625 -1 1480.7506103515625 2823.375 -1 1471.4222412109375 2827.362548828125 -1 1523.6646728515625 2834.235595703125 -1 1808.6348876953125 2888.033447265625 -1 1883.8135986328125 2952.116455078125 -1 1298.2974853515625 3006.73291015625 -1 1900.5916748046875 3021.88037109375 -1 1369.2900390625 3049.03857421875 -1 2231.442626953125 1807.939208984375 -1 2099.84521484375 1921.2420654296875 -1 2018.234375 2179.442138671875 -1 1862.3123779296875 2936.359619140625 -1 2081.55517578125 1967.206787109375 -1 1724.7235107421875 1971.7027587890625 -1 1713.5498046875 1993.58251953125 -1 2107.942626953125 1892.5755615234375 -1 2024.297119140625 1329.76611328125 1583 1964.8316650390625 1398.419677734375 -1 1745.3837890625 2000.2769775390625 -1 1616.9102783203125 2246.52734375 1178 1619.0224609375 2263.56201171875 -1 1993.984130859375 1357.2598876953125 1463 1996.5841064453125 1456.447509765625 1596 2031.721435546875 1539.0465087890625 1598 1774.171630859375 1647.0235595703125 -1 1718.180419921875 2059.442626953125 1599 1709.161865234375 2098.833984375 -1 1709.161865234375 2098.833984375 -1 1528.029296875 2545.54638671875 -1 1814.02783203125 2581.990234375 1412 1525.3961181640625 2822.639892578125 -1 1540.85302734375 2929.943603515625 -1 1897.8035888671875 3037.000244140625 -1 1910.705078125 1459.1180419921875 1536 1819.8173828125 1766.9981689453125 1514 1588.40966796875 2377.65283203125 1601 1442.51708984375 2423.294921875 1603 1603.80322265625 2474.748779296875 1364 1808.224853515625 2487.66357421875 -1 1803.9674072265625 2514.956298828125 1644 1559.1585693359375 2542.51904296875 1604 1746.651611328125 2645.78466796875 1643 1525.634765625 2820.62841796875 -1 1270.788330078125 2964.554931640625 1513 1361.3780517578125 3153.84716796875 1585 2054.891357421875 2001.218505859375 -1 1579.09375 2321.63623046875 1494 1457.518798828125 2400.87939453125 1584 1565.731201171875 2480.56396484375 1390 1565.731201171875 2480.56396484375 1283 1550.265625 2508.884033203125 1183 1736.2764892578125 2579.5732421875 1646 1024.2100830078125 2770.819091796875 1495 991.1051025390625 2839.697998046875 -1 662.5579833984375 3142.35791015625 -1 1294.4659423828125 3241.70556640625 1562 1990.042724609375 1317.5772705078125 -1 1849.072265625 1443.7215576171875 -1 2181.679931640625 1462.500732421875 -1 2102.299560546875 1536.540771484375 1693 1750.9207763671875 2080.8017578125 -1 2006.8743896484375 2159.376708984375 -1 1154.6842041015625 2249.931640625 -1 1487.9525146484375 2296.50341796875 -1 1719.861328125 2300.729248046875 -1 1637.2012939453125 2333.93505859375 1563 1223.9954833984375 2337.04296875 1648 1436.6761474609375 2509.298583984375 1219 1871.17236328125 2509.7509765625 -1 1751.8843994140625 2520.5830078125 1635 1492.6025390625 2533.3447265625 1220 1515.8203125 2583.45556640625 1418 1355.78125 2773.89306640625 1589 1070.7548828125 2811.055908203125 1590 1328.1044921875 2835.088623046875 1591 1282.310546875 2901.66796875 -1 1488.6387939453125 2963.613037109375 -1 2062.83935546875 1300.0970458984375 1510 2097.91064453125 1371.713623046875 1667 1849.8316650390625 1443.1221923828125 -1 2302.064697265625 1677.021484375 1614 1793.1854248046875 1981.9019775390625 -1 2017.6688232421875 2084.422119140625 -1 1640.7061767578125 2205.53125 -1 1156.921875 2250.538330078125 1608 1697.2510986328125 2346.958984375 1609 1202.8504638671875 2456.765625 1497 1530.35498046875 2460.33935546875 -1 1530.35498046875 2460.33935546875 -1 1745.02685546875 2456.263427734375 1592 1908.412841796875 2457.125 -1 1854.4713134765625 2571.51953125 1618 1875.0784912109375 2634.5625 -1 1370.0172119140625 2705.944580078125 -1 923.7686767578125 2865.411376953125 1695 739.97296142578125 2881.467041015625 -1 1845.4840087890625 2896.341796875 1748 1819.8641357421875 3155.855224609375 -1 1233.2386474609375 3278.6201171875 -1 1946.6793212890625 1564.7783203125 1613 1741.71240234375 2247.481689453125 1615 1419.4261474609375 2340.125 1319 1628.8931884765625 2451.206787109375 1652 1365.0177001953125 2491.331298828125 1396 1019.0150756835938 2500.92919921875 1687 1089.7164306640625 2512.747802734375 1616 1326.0877685546875 2562.070068359375 1617 1464.9754638671875 2665.832275390625 -1 1731.2440185546875 2731.578857421875 1663 1033.376220703125 2883.90673828125 -1 1807.47607421875 3091.67626953125 1373 2224.595458984375 1761.0084228515625 1623 2157.2197265625 1903.6717529296875 -1 1739.6304931640625 2453.79638671875 1680 1778.6192626953125 2519.680908203125 1546 957.11053466796875 2644.013671875 1619 1884.060302734375 2666.97705078125 -1 1753.4669189453125 2824.620849609375 -1 1753.4669189453125 2824.620849609375 -1 1511.0936279296875 2870.950927734375 1503 1511.0936279296875 2870.950927734375 -1 1138.076904296875 2908.389404296875 -1 1138.076904296875 2908.389404296875 -1 890.07623291015625 3038.944580078125 1505 711.80157470703125 3138.458251953125 -1 652.73797607421875 3457.7802734375 -1 2022.136474609375 1389.2659912109375 1622 1865.008056640625 1537.296142578125 -1 2212.511962890625 1618.4820556640625 -1 2222.079833984375 1762.7935791015625 -1 1848.6173095703125 1840.58447265625 -1 2162.45458984375 1906.2626953125 1637 1749.551025390625 1908.566162109375 -1 1391.039306640625 2138.1572265625 -1 1307.879638671875 2282.319580078125 -1 1935.19677734375 2291.4345703125 -1 1935.19677734375 2291.4345703125 -1 1429.2821044921875 2435.4716796875 1522 1429.2821044921875 2435.4716796875 1523 1898.91455078125 2675.149169921875 -1 1151.945556640625 2900.951904296875 -1 951.3470458984375 2939.2490234375 1561 1837.046142578125 2990.0068359375 1400 1090.522216796875 3021.21630859375 -1 880.7718505859375 3054.57861328125 -1 966.71746826171875 3282.993896484375 1577 2119.194580078125 1484.98779296875 -1 1755.85595703125 1675.2672119140625 -1 1897.576904296875 1686.373779296875 -1 1710.4412841796875 2100.857177734375 -1 1081.5679931640625 2348.8359375 1728 2166.06298828125 2366.881591796875 -1 1282.6124267578125 2421.121337890625 -1 1282.6124267578125 2421.121337890625 -1 1177.9764404296875 2749.806396484375 1628 876.7874755859375 2799.904541015625 1629 876.7874755859375 2799.904541015625 -1 1368.2677001953125 2956.48828125 -1 831.83306884765625 3220.132568359375 -1 1089.1834716796875 3222.489990234375 -1 1089.1834716796875 3222.489990234375 -1 1799.5606689453125 1397.6519775390625 -1 1535.990234375 2069.91162109375 -1 1528.78173828125 2287.57666015625 -1 1528.78173828125 2287.57666015625 -1 1788.5543212890625 2414.895751953125 1630 1788.5543212890625 2414.895751953125 1638 2802.993408203125 2449.96435546875 -1 1343.485107421875 2637.0810546875 1404 1532.095458984375 2733.727783203125 -1 1285.17431640625 3100.11572265625 1555 1285.17431640625 3100.11572265625 1556 1338.4765625 1951.958984375 -1 1543.3001708984375 2043.6895751953125 -1 997.17388916015625 2448.229736328125 -1 1533.19775390625 3983.40869140625 -1 1264.28662109375 430.9532470703125 -1 2117.849365234375 1730.64794921875 -1 679.6697998046875 2467.803466796875 -1 2234.55029296875 2093.886962890625 -1 1552.112060546875 3099.098876953125 -1 1552.112060546875 3099.098876953125 -1 759.48272705078125 1246.1046142578125 1691 1988.164794921875 1228.007568359375 -1 919.66534423828125 3544.5859375 -1 1718.1739501953125 1710.5811767578125 -1 1135.5609130859375 2081.0068359375 -1 2593.18505859375 2720.943115234375 -1 2997.831787109375 1991.8651123046875 1560 
48 0.61249953408873892 -0.062554672018751242 0.7831702567086708 0.087037823712332554 -1.828170559043315 0.0096937452495082701 2.1545306916847418 48 img_051.jpg
2123.84326171875 1878.049560546875 -1 2123.521240234375 1882.50244140625 -1 2065.699462890625 2059.97509765625 -1 2040.0277099609375 2152.789306640625 -1 2034.8319091796875 2173.537109375 -1 2033.719482421875 2178.138916015625 -1 1563.661865234375 2183.23193359375 -1 1530.0057373046875 2198.858154296875 -1 1511.7513427734375 2199.978271484375 -1 1569.6016845703125 2453.1923828125 -1 1510.9837646484375 2823.3212890625 -1 1497.760986328125 2824.78271484375 -1 1528.3055419921875 2831.255615234375 -1 1816.577880859375 2883.06884765625 -1 1819.9835205078125 2895.978759765625 -1 1876.7427978515625 2945.037841796875 -1 1889.2816162109375 2948.86083984375 -1 1326.897705078125 3019.216796875 -1 1893.5318603515625 3054.62158203125 -1 1381.8719482421875 3056.1357421875 -1 2154.645263671875 1859.43994140625 -1 1730.359375 1990.4251708984375 -1 2072.499267578125 2032.26953125 -1 2027.239990234375 2182.64453125 -1 1591.743896484375 2468.939453125 -1 1523.39892578125 2824.73291015625 -1 1544.7874755859375 2835.501953125 -1 1878.4251708984375 2941.816162109375 -1 1914.8775634765625 2983.224853515625 -1 2051.044677734375 2135.727294921875 -1 2121.724853515625 1880.475830078125 -1 1879.0318603515625 2940.879150390625 -1 1741.170166015625 2059.916259765625 -1 2029.9158935546875 1331.5147705078125 1583 1971.2769775390625 1400.637939453125 -1 1721.969482421875 2092.43505859375 -1 1721.969482421875 2092.43505859375 -1 1625.1331787109375 2247.359375 1178 1630.026611328125 2262.916748046875 1462 1579.382080078125 2455.6650390625 -1 1999.8551025390625 1359.050048828125 1463 2002.8560791015625 1457.0877685546875 1596 2037.2880859375 1539.8511962890625 1598 1780.3922119140625 1650.959228515625 -1 1796.7969970703125 1732.232666015625 -1 1819.2469482421875 1742.1712646484375 1490 1819.2469482421875 1742.1712646484375 1491 1727.0830078125 2059.241455078125 1599 1597.122802734375 2374.275390625 1312 1656.5035400390625 2403.96337890625 -1 1813.451171875 2507.47509765625 -1 1830.4420166015625 2575.061767578125 -1 1812.8826904296875 2598.20458984375 -1 1536.21728515625 2822.419677734375 -1 1552.719482421875 2931.41455078125 -1 1909.0126953125 3038.410888671875 -1 1917.84521484375 1463.1099853515625 1536 1856.509033203125 1729.8359375 -1 1827.2728271484375 1767.7208251953125 1514 1457.330078125 2278.837646484375 -1 1597.192138671875 2352.3857421875 1409 1597.5626220703125 2377.512939453125 1601 1468.02783203125 2402.457763671875 1584 1452.2939453125 2422.9912109375 1603 1815.439697265625 2486.961181640625 -1 1568.806640625 2545.37548828125 1604 1811.8992919921875 2598.789306640625 -1 1756.3541259765625 2647.86328125 1643 1536.5849609375 2820.5390625 -1 1280.456298828125 2967.27490234375 1513 1370.5548095703125 3153.850341796875 1585 1997.623046875 1318.5955810546875 -1 2187.804443359375 1467.388427734375 1444 1497.518310546875 2296.390380859375 -1 1386.8218994140625 2304.930908203125 -1 1589.1988525390625 2321.72021484375 1494 1672.8714599609375 2382.96923828125 1602 1122.7857666015625 2445.09912109375 -1 1575.729248046875 2481.359130859375 1390 1575.729248046875 2481.359130859375 1283 1558.6978759765625 2508.76806640625 1183 1744.9420166015625 2578.412353515625 1646 1001.0656127929688 2846.209228515625 1586 1848.1976318359375 2905.536376953125 1470 1303.99560546875 3241.003662109375 1562 2070.061767578125 1302.0595703125 -1 1857.8338623046875 1445.3843994140625 -1 2107.847900390625 1536.0042724609375 1693 2309.260986328125 1674.474853515625 1614 1962.8927001953125 1733.0404052734375 -1 1760.710693359375 2080.43994140625 -1 2017.6802978515625 2156.240478515625 -1 1234.663818359375 2338.73486328125 1648 1445.4210205078125 2511.579833984375 1219 1881.2379150390625 2507.618896484375 -1 1761.2562255859375 2520.870849609375 1635 1502.5462646484375 2533.881103515625 1674 1525.3836669921875 2584.4716796875 1418 1033.865478515625 2771.202880859375 1495 1367.2529296875 2772.803955078125 1589 1077.656982421875 2811.807861328125 1590 1336.7860107421875 2837.34619140625 1591 1288.06982421875 2904.94580078125 -1 1498.5267333984375 2965.41357421875 -1 670.81396484375 3144.5185546875 -1 2069.885498046875 1301.6702880859375 1510 1750.949462890625 2248.21142578125 1615 1168.8538818359375 2253.849853515625 1608 1706.9794921875 2347.65185546875 1609 1213.7020263671875 2456.49169921875 -1 1537.64208984375 2459.408447265625 -1 1537.64208984375 2459.408447265625 -1 1755.91748046875 2457.166259765625 1592 1915.799072265625 2455.99560546875 -1 1337.5389404296875 2564.021728515625 1617 1864.9681396484375 2571.162841796875 1618 785.8583984375 2599.318603515625 -1 1383.6842041015625 2703.541015625 1610 935.077392578125 2866.2880859375 1713 1286.905517578125 2905.436767578125 -1 1829.30322265625 3154.2158203125 -1 1243.61669921875 3279.73779296875 -1 1952.6065673828125 1565.0177001953125 1613 1429.7613525390625 2340.175048828125 1319 1636.8912353515625 2453.1416015625 1652 1374.741455078125 2492.096435546875 1396 1028.83056640625 2502.840087890625 1687 1098.8028564453125 2514.80322265625 1616 1469.965087890625 2660.265625 1636 1735.92431640625 2731.326171875 -1 1042.9078369140625 2883.095458984375 -1 1815.5716552734375 3092.95068359375 1373 2232.80029296875 1760.355712890625 1623 1789.1728515625 2520.556884765625 1546 968.919677734375 2645.467041015625 1619 1897.7625732421875 2676.901611328125 -1 1764.8070068359375 2827.410888671875 -1 1764.8070068359375 2827.410888671875 -1 1521.907958984375 2871.64892578125 1503 1521.907958984375 2871.64892578125 -1 1149.2889404296875 2909.14892578125 -1 1149.2889404296875 2909.14892578125 -1 895.6190185546875 3035.664794921875 1505 721.90692138671875 3136.48779296875 -1 659.52447509765625 3461.958740234375 -1 2027.13427734375 1390.9849853515625 1622 1872.1258544921875 1537.7171630859375 -1 2217.901611328125 1618.5965576171875 -1 1860.363525390625 1839.925048828125 -1 1407.0797119140625 2138.55029296875 -1 1318.5780029296875 2281.576416015625 -1 1944.9969482421875 2289.14599609375 -1 1944.9969482421875 2289.14599609375 -1 1439.763427734375 2436.19384765625 1522 1439.763427734375 2436.19384765625 1523 1651.9991455078125 2893.334716796875 1626 1164.5242919921875 2900.328857421875 1594 958.2320556640625 2939.41845703125 1561 1849.2794189453125 2992.267333984375 1400 1098.5625 3022.132568359375 -1 974.6551513671875 3282.326171875 1577 2126.142822265625 1485.2386474609375 -1 1720.9205322265625 2100.857177734375 -1 1088.8636474609375 2352.15283203125 1728 2188.835205078125 2369.069091796875 -1 1284.6097412109375 2413.488525390625 1627 903.14111328125 2634.1591796875 -1 886.980712890625 2798.718017578125 1629 886.980712890625 2798.718017578125 1580 1380.1812744140625 2956.244384765625 -1 844.32806396484375 3206.66162109375 -1 1096.1202392578125 3222.6318359375 -1 1096.1202392578125 3222.6318359375 -1 1814.2308349609375 1396.424072265625 -1 1778.294189453125 1691.4869384765625 -1 1550.1868896484375 2071.7490234375 -1 1534.3966064453125 2290.318359375 -1 1534.3966064453125 2290.318359375 -1 1798.263427734375 2416.9853515625 1630 1798.263427734375 2416.9853515625 1638 2822.0234375 2451.0009765625 -1 1353.892578125 2638.666259765625 1404 1538.47314453125 2733.974609375 -1 1294.8436279296875 3100.376953125 1555 1294.8436279296875 3100.376953125 1556 1344.5291748046875 1954.4422607421875 -1 1008.069580078125 2448.943115234375 -1 1552.652099609375 3989.220703125 -1 2126.466796875 1730.752197265625 -1 693.93011474609375 2476.626953125 -1 1555.365478515625 3082.95556640625 -1 1257.6781005859375 449.51800537109375 -1 2244.00048828125 2094.3701171875 -1 1993.8961181640625 1231.91455078125 -1 642.82440185546875 2601.234130859375 -1 2662.3857421875 2660.170166015625 -1 912.69610595703125 3545.458984375 1639 1731.54150390625 1712.7432861328125 -1 1161.791015625 2084.676025390625 -1 2632.895751953125 2715.16748046875 -1 2979.02685546875 1995.230712890625 1560 
47 0.60171110395372029 -0.061989517370079947 0.79125370111008952 0.089546789973762086 -1.9942801068256988 0.0076657193157010448 2.5524261916613273 47 img_050.jpg
0.63749998807907104 0.63749998807907104 -1 0.63749998807907104 0.63749998807907104 -1 0.63749998807907104 0.63749998807907104 -1 0.63749998807907104 0.63749998807907104 -1 0.63749998807907104 0.63749998807907104 -1 0.63749998807907104 0.63749998807907104 -1 0.63749998807907104 0.63749998807907104 -1 0.63749998807907104 0.63749998807907104 -1 0.63749998807907104 0.63749998807907104 -1 0.63749998807907104 0.63749998807907104 -1 0.63749998807907104 0.63749998807907104 -1 1812.021484375 2954.7900390625 -1 1812.021484375 2954.7900390625 -1 1940.070556640625 1330.2618408203125 1583 1913.9041748046875 1454.6461181640625 1596 1899.06298828125 1390.0235595703125 1641 1928.2752685546875 1425.140380859375 -1 1928.2752685546875 1425.140380859375 -1 1941.263671875 1538.0467529296875 1598 1742.826904296875 1767.7489013671875 1514 1651.324462890625 2060.272216796875 1599 1544.5697021484375 2245.4267578125 1178 1507.6226806640625 2375.5009765625 1312 1719.440185546875 2508.707275390625 -1 1724.939453125 2756.7109375 -1 1919.217041015625 1313.44482421875 -1 1832.0814208984375 1460.9432373046875 1536 1507.226806640625 2324.630859375 -1 1506.7242431640625 2352.869384765625 1409 1508.7095947265625 2377.984130859375 1601 1576.921630859375 2378.47802734375 1669 1360.7205810546875 2423.344482421875 1603 1519.7296142578125 2475.48291015625 1364 1728.793701171875 2490.33740234375 -1 1663.1036376953125 2647.73388671875 1643 1769.2200927734375 2671.276611328125 -1 1195.400390625 2958.228515625 -1 1267.616455078125 3148.25390625 1585 2098.18994140625 1466.2255859375 1444 1368.401611328125 2274.55224609375 1647 1381.29248046875 2406.514892578125 1671 1481.40380859375 2480.813720703125 1390 1481.40380859375 2480.813720703125 1283 1463.0286865234375 2508.71875 1183 1474.904052734375 2546.744384765625 1604 1474.904052734375 2546.744384765625 1645 1649.5250244140625 2580.038818359375 1646 1427.788818359375 2620.71142578125 1672 1743.681396484375 2712.74755859375 -1 929.5537109375 2762.219482421875 1495 1193.3841552734375 3235 1651 1979.4375 1296.0374755859375 -1 2015.137451171875 1540.8375244140625 1693 1811.137451171875 1719.3375244140625 -1 1678.5374755859375 2096.737548828125 -1 1571.4375 2208.9375 -1 1571.4375 2208.9375 -1 1081.8375244140625 2249.737548828125 -1 1556.137451171875 2331.33740234375 1563 1143.0374755859375 2336.4375 1648 1428.637451171875 2418.037353515625 -1 1041.0374755859375 2433.33740234375 -1 1352.137451171875 2509.83740234375 1219 1668.3375244140625 2525.137451171875 -1 1403.137451171875 2535.33740234375 1220 1428.637451171875 2581.237548828125 1418 1265.4375 2769.9375 1589 974.73748779296875 2805.637451171875 1590 1234.8375244140625 2831.137451171875 1591 1760.137451171875 2902.537353515625 -1 1515.3375244140625 2999.4375 -1 1817.38671875 1631.5260009765625 -1 1808.41064453125 1724.1116943359375 -1 1938.7738037109375 2158.43896484375 -1 1634.1724853515625 2192.18408203125 1607 1562.525390625 2213.419921875 -1 1086.5341796875 2253.046142578125 1608 1624.852783203125 2351.207275390625 1609 823.9892578125 2456.759521484375 -1 1117.8243408203125 2455.27880859375 1497 1665.3114013671875 2526.2978515625 -1 1284.815673828125 2698.1083984375 1610 1439.1171875 2850.578125 -1 1439.1171875 2850.578125 -1 1764.7266845703125 2894.061279296875 -1 1731.67626953125 3155.12353515625 -1 1878.48974609375 1442.1402587890625 1612 1861.3800048828125 1566.9217529296875 1613 2222.800537109375 1680.197509765625 -1 1440.1683349609375 2244.838623046875 -1 1671.7484130859375 2251.66845703125 1615 1502.927978515625 2298.23046875 -1 1545.4434814453125 2452.648681640625 1652 1662.4176025390625 2456.1376953125 1715 1844.510498046875 2470.8486328125 -1 1278.971435546875 2490.830322265625 1396 1006.1625366210938 2509.41357421875 1616 1234.8626708984375 2559.3583984375 1617 1782.62939453125 2568.834716796875 -1 1283.3853759765625 2613.951904296875 -1 873.728759765625 2639.655517578125 -1 1370.3251953125 2655.8125 1636 1643.91552734375 2731.671875 -1 1548.040771484375 2779.849609375 -1 1641.653564453125 3033.360107421875 -1 563.62249755859375 3061.207275390625 -1 1730.6981201171875 3092.787109375 1373 865.5614013671875 3104.628662109375 1681 1747.9886474609375 3235.339599609375 -1 1951.4642333984375 1388.9375 1622 1793.436279296875 1543.6475830078125 -1 2136.933837890625 1761.965087890625 1623 1791.4051513671875 1825.8822021484375 -1 1338.935302734375 2336.78857421875 -1 931.33447265625 2495.74658203125 1687 1694.468017578125 2524.71923828125 -1 1466.446533203125 2544.771240234375 -1 1815.34521484375 2664.12060546875 -1 1726.3277587890625 2674.435302734375 -1 1675.869384765625 2828.51611328125 -1 935.15521240234375 2879.66162109375 -1 1259.6302490234375 2979.02490234375 -1 1038.2760009765625 3011.407470703125 -1 754.81353759765625 3023.022216796875 -1 1442.0303955078125 3109.34423828125 -1 1442.0303955078125 3109.34423828125 1682 2037.95654296875 1485.120361328125 -1 2118.057861328125 1618.1826171875 -1 2238.224609375 1691.631103515625 -1 2107.164306640625 1905.64453125 1637 1557.8348388671875 2048.254150390625 -1 1666.03076171875 2062.539794921875 -1 1446.7318115234375 2137.736328125 -1 1227.559326171875 2276.833740234375 -1 1418.9771728515625 2333.37939453125 -1 1004.68115234375 2346.07080078125 -1 2085.284912109375 2354.3681640625 -1 1344.5694580078125 2436.158935546875 1522 1344.5694580078125 2436.158935546875 1523 765.51953125 2627.300537109375 -1 1560.2462158203125 2890.898681640625 -1 1038.377685546875 2901.07421875 -1 565.51263427734375 2958.574462890625 -1 1763.2364501953125 2994.28076171875 1400 1763.2364501953125 2994.28076171875 1657 1441.6075439453125 3105.70068359375 -1 1339.906005859375 3149.5986328125 -1 833.00250244140625 3262.4140625 -1 1563.8564453125 2026.4998779296875 -1 2234.448974609375 2372.0107421875 -1 1191.599365234375 2408.68408203125 1627 1090.4149169921875 2746.51806640625 1628 784.42303466796875 2787.0244140625 1629 784.42303466796875 2787.0244140625 1580 821.90948486328125 2929.71240234375 -1 960.6265869140625 3009.011474609375 1685 963.80841064453125 3202.557373046875 1686 514.879150390625 3561.9296875 -1 960.55523681640625 3857.67333984375 -1 1560.0374755859375 3912.404052734375 -1 1754.3663330078125 1699.7640380859375 -1 1421.604248046875 1938.346435546875 -1 1899.274169921875 2362.02001953125 -1 1899.274169921875 2362.02001953125 -1 1715.28564453125 2421.59326171875 1638 1715.28564453125 2421.59326171875 1630 2880.339599609375 2455.726318359375 -1 1256.7989501953125 2635.208984375 1404 1444.081298828125 2724.223876953125 -1 1305.7393798828125 2956.2841796875 1631 1192.1739501953125 3091.82763671875 1555 1192.1739501953125 3091.82763671875 1556 1620.83251953125 3125.583984375 -1 520.0013427734375 1204.7955322265625 -1 695.38446044921875 2437.04296875 -1 915.896728515625 2450.635498046875 -1 2045.72998046875 1726.67333984375 1266 861.8763427734375 2213.83935546875 -1 1304.8009033203125 453.34481811523438 -1 2016.3988037109375 1368.34130859375 -1 2159.86962890625 2086.4970703125 -1 481.50457763671875 2682.109130859375 -1 742.32708740234375 1249.009765625 -1 1209.4674072265625 2079.717041015625 -1 819.38116455078125 3527.71826171875 1639 1755.3900146484375 1728.541259765625 -1 2717.054443359375 2705.083251953125 -1 
45 0.58408332477422042 -0.067525385226957682 0.80376982708114675 0.090780268476068807 -2.1418401218306253 -0.037687365315115171 2.2719315647036535 45 img_048.jpg
1826.4564208984375 1326.7901611328125 -1 1716.4814453125 1460.0914306640625 -1 2052.929931640625 1855.5400390625 -1 1431.065185546875 2463.40087890625 -1 1469.021240234375 2493.3037109375 -1 1385.4818115234375 2822.8876953125 -1 1390.794189453125 2823.51611328125 -1 1416.2930908203125 2844.54638671875 -1 1773.29296875 2965.22607421875 -1 1772.3582763671875 2968.489501953125 -1 1805.0113525390625 3002.81396484375 -1 1184.802490234375 3028.92431640625 -1 1206.72705078125 3040.602783203125 -1 1780.5936279296875 3048.387451171875 -1 1778.99072265625 3051.852294921875 -1 1239.3780517578125 3078.892333984375 -1 1869.552490234375 2366.6123046875 -1 2087.73779296875 1824.6793212890625 -1 1883.241943359375 1338.729736328125 -1 1497.5216064453125 2252.0830078125 1178 1985.015625 1278.7918701171875 -1 1857.3447265625 1381.9947509765625 1641 1871.79052734375 1441.09033203125 -1 1792.232666015625 1454.0281982421875 1536 1702.9998779296875 1763.9560546875 1514 1781.40966796875 3060.495849609375 -1 1819.7677001953125 1688.0367431640625 -1 1819.7677001953125 1688.0367431640625 -1 1626.7247314453125 2060.65625 1711 1527.2371826171875 2380.264404296875 1669 1461.9866943359375 2382.687255859375 1601 1521.6392822265625 2415.19287109375 -1 1304.4735107421875 2425.959716796875 1603 1304.4735107421875 2425.959716796875 1692 1413.2540283203125 2437.52392578125 1894 1700.11865234375 2506.32470703125 -1 1608.787841796875 2656.77734375 1643 1177.6402587890625 2880.639892578125 -1 1562.4354248046875 2234.759521484375 -1 1905.438720703125 2238.25341796875 -1 1466.440185546875 2324.712890625 1670 1411.9180908203125 2345.51611328125 -1 1425.2921142578125 2483.734619140625 1390 1425.2921142578125 2483.734619140625 1283 1403.006103515625 2513.2666015625 1183 1680.653076171875 2530.359619140625 -1 1418.9156494140625 2551.450439453125 1604 1418.9156494140625 2551.450439453125 1645 1598.1240234375 2588.5283203125 1646 1736.502197265625 2681.654052734375 -1 848.26300048828125 2758.176025390625 1495 1194.783203125 3153.8369140625 1585 1848.04345703125 1325.4996337890625 -1 2084.101806640625 1458.371826171875 -1 1658.120849609375 1646.6607666015625 -1 1712.428955078125 1703.4898681640625 -1 1712.428955078125 1703.4898681640625 -1 1647.4739990234375 2107.86376953125 -1 1319.9991455078125 2272.6318359375 1647 1085.6778564453125 2336.36328125 1740 985.08477783203125 2425.262451171875 1708 1286.4786376953125 2510.87255859375 1219 1347.9375 2536.202880859375 1674 1368.406005859375 2586.6708984375 1418 1368.406005859375 2586.6708984375 -1 1129.1143798828125 2675.957275390625 -1 1708.34375 2718.494384765625 -1 1748.6861572265625 2730.310546875 -1 1192.7821044921875 2773.445556640625 1589 886.4141845703125 2799.029296875 1675 1400.7918701171875 2849.73291015625 -1 1400.7918701171875 2849.73291015625 -1 1368.844482421875 2880.164794921875 -1 1708.12451171875 3103.62890625 -1 1113.9808349609375 3239.414794921875 1651 1941.3343505859375 1286.1202392578125 -1 1838.179443359375 1436.5953369140625 1612 1758.107666015625 1725.595703125 -1 1603.7633056640625 2194.025634765625 -1 769.96136474609375 2455.2685546875 -1 1620.3917236328125 2469.12890625 -1 1619.4293212890625 2531.015380859375 1635 1217.67041015625 2700.3544921875 1610 1177.84765625 2927.001708984375 1716 1598.5606689453125 3049.0498046875 1690 1691.4608154296875 3173.375 -1 1914.4578857421875 1382.6773681640625 -1 2180.856689453125 1677.369384765625 1614 1690.6138916015625 1989.9102783203125 -1 1523.1029052734375 2205.460205078125 -1 1399.5130615234375 2242.02978515625 1697 1636.6534423828125 2258.796875 1709 1061.2044677734375 2455.301513671875 1497 1495.9647216796875 2457.57080078125 1652 1215.5875244140625 2493.594482421875 1396 1166.0946044921875 2560.681884765625 1617 798.69482421875 2635.802001953125 1619 1798.79833984375 2638.957275390625 -1 1306.89111328125 2658.47216796875 1636 1600.80517578125 2745.69970703125 -1 1257.769775390625 2758.89990234375 -1 1491.1964111328125 2784.255126953125 -1 657.7586669921875 2835.401123046875 -1 852.98797607421875 2858.94873046875 1817 1329.0799560546875 2870.727783203125 -1 1737.7430419921875 2907.338623046875 -1 1216.9146728515625 3007.406494140625 -1 1674.833984375 3109.20361328125 1373 1887.4964599609375 1501.0634765625 -1 1887.4964599609375 1501.0634765625 -1 1681.4827880859375 1712.01025390625 -1 1308.0443115234375 2248.2451171875 1698 1603.1126708984375 2460.349853515625 1680 862.05938720703125 2495.60107421875 -1 939.94415283203125 2506.550537109375 1616 1401.5186767578125 2554.307373046875 1654 688.2813720703125 2621.432861328125 1717 1638.7559814453125 2848.539306640625 -1 938.16058349609375 2905.068115234375 1701 1085.6114501953125 2941.32666015625 -1 963.85400390625 3008.371826171875 1655 468.64413452148438 3094.096923828125 1702 764.1854248046875 3104.129638671875 1681 1512.983154296875 3104.037353515625 -1 1512.983154296875 3104.037353515625 -1 1425.538330078125 3107.011474609375 1682 1425.538330078125 3107.011474609375 -1 425.05130004882812 3381.073974609375 1710 1186.64599609375 2273.20703125 1656 1064.2344970703125 2289.03173828125 -1 946.1728515625 2346.076171875 1728 1365.4554443359375 2339.814208984375 -1 1285.10595703125 2437.37646484375 1522 1285.10595703125 2437.37646484375 1523 1476.3128662109375 2414.7490234375 1705 600.03082275390625 2537.603515625 -1 1536.96142578125 2546.498291015625 -1 692.93267822265625 2621.248046875 1867 1635.4537353515625 2847.83642578125 -1 1522.6181640625 2904.10888671875 1626 650.559326171875 2915.202880859375 -1 612.14385986328125 3024.847900390625 -1 763.3812255859375 3106.15771484375 -1 250.05720520019531 242.15986633300781 -1 1999.5394287109375 1474.001708984375 -1 1723.169677734375 1541.0770263671875 -1 2102.39794921875 1900.47119140625 -1 2414.32861328125 2378.643310546875 -1 1134.6622314453125 2406.955810546875 1627 579.5382080078125 2548.632568359375 -1 1016.4744873046875 2746.673583984375 1628 693.3328857421875 2783.803466796875 1629 1725.1943359375 3010.193115234375 1657 873.03350830078125 3013.0615234375 -1 1578.63623046875 3127.010498046875 -1 821.52447509765625 3812.258544921875 -1 833.1551513671875 2244.389404296875 -1 2054.115478515625 2539.821044921875 -1 1192.3145751953125 2639.376953125 1404 1288.061767578125 2986.150390625 -1 1118.96240234375 3088.871337890625 -1 1118.96240234375 3088.871337890625 1804 876.574951171875 3202.75830078125 -1 1911.83349609375 2411.357421875 -1 1911.83349609375 2411.357421875 -1 834.91339111328125 2445.3056640625 -1 1705.2774658203125 2458.874755859375 -1 888.9378662109375 3211.794921875 1808 869.89031982421875 2831.172119140625 -1 869.89031982421875 2831.172119140625 -1 1462.3935546875 452.90658569335938 -1 1811.515380859375 1084.376953125 -1 2196.973388671875 2075.96044921875 -1 1390.441650390625 481.68017578125 -1 1891.24365234375 1815.8101806640625 -1 1363.52490234375 2017.4346923828125 -1 685.24176025390625 3530.72119140625 -1 749.58587646484375 1248.409423828125 -1 
46 0.59564578315875694 -0.066735039256413928 0.79529838268630704 0.09084612285166839 -2.195912377600191 -0.031166032029655354 2.2787926400560057 46 img_049.jpg
1770.8170166015625 1270.3128662109375 -1 1770.6505126953125 1274.2376708984375 -1 1759.449951171875 1284.022216796875 -1 1645.0394287109375 1422.4345703125 -1 1565.7559814453125 1586.1368408203125 -1 1545.78662109375 1728.969970703125 -1 1545.78662109375 1728.969970703125 -1 1934.1923828125 1864.7081298828125 -1 1811.8555908203125 2238.610107421875 -1 1786.828125 2305.9501953125 -1 1766.6102294921875 2352.804931640625 -1 1701.69287109375 2489.061767578125 -1 1695.0166015625 2498.5849609375 -1 1269.8408203125 2600.279296875 -1 1668.8896484375 3046.0986328125 -1 1130.011962890625 3049.93603515625 -1 1653.078369140625 3065.869140625 -1 1626.892822265625 3071.5830078125 -1 1630.0626220703125 3074.05224609375 -1 1990.237548828125 1807.1151123046875 -1 1587.97119140625 1839.0614013671875 -1 1924.456298828125 1875.9559326171875 -1 1773.7373046875 2335.4482421875 -1 1342.59130859375 2468.182861328125 -1 1576.2359619140625 2828.022216796875 -1 1633.3291015625 3070.3720703125 -1 1739.505615234375 2411.03662109375 -1 1729.16943359375 1372.3065185546875 -1 1788.4580078125 1297.56591796875 -1 1780.7503662109375 1335.011474609375 -1 1753.8121337890625 1378.0899658203125 1641 1770.65576171875 1437.111083984375 -1 1690.0152587890625 1449.1934814453125 1536 1735.84130859375 2400.921875 -1 1314.7650146484375 2432.239990234375 1894 1702.1309814453125 2510.243896484375 -1 1680.25634765625 3045.6123046875 -1 1689.1021728515625 3076.15380859375 -1 1715.64208984375 1683.6658935546875 -1 1715.64208984375 1683.6658935546875 -1 1617.6363525390625 1729.4210205078125 -1 1526.515625 2053.541748046875 1711 1405.4820556640625 2239.67919921875 -1 1362.480712890625 2373.4609375 1601 1429.93798828125 2374.633056640625 1602 1207.4271240234375 2420.572998046875 1603 1207.4271240234375 2420.572998046875 1692 1598.9024658203125 2495.44287109375 -1 1704.4459228515625 2511.376953125 -1 1580.443115234375 2515.821533203125 1644 1603.4111328125 2601.82568359375 -1 1511.5015869140625 2646.61865234375 1643 1584.5003662109375 2757.603515625 -1 1080.619873046875 2872.6982421875 -1 1744.18701171875 1320.0404052734375 -1 1650.0225830078125 1434.1822509765625 -1 1799.133544921875 2230.43359375 -1 1224.2247314453125 2269.021240234375 1647 1367.2091064453125 2316.572265625 1670 1229.847412109375 2404.697509765625 -1 1185.9210205078125 2504.964111328125 1219 1304.9791259765625 2504.82861328125 1183 1321.15771484375 2543.16455078125 1604 1321.15771484375 2543.16455078125 1645 1498.559326171875 2575.068115234375 1832 1270.4976806640625 2617.341796875 1672 1274.3297119140625 2866.677734375 -1 1098.5643310546875 3145.492919921875 1585 1837.385009765625 1282.3095703125 -1 1971.0430908203125 1450.2335205078125 -1 1546.8658447265625 2101.725341796875 -1 1466.85400390625 2226.17626953125 -1 986.2293701171875 2330.960205078125 1740 884.5045166015625 2421.099365234375 1708 1251.6865234375 2526.880126953125 1674 1270.39501953125 2577.93603515625 1418 791.93365478515625 2621.923828125 -1 1633.0357666015625 2669.33447265625 -1 1606.79541015625 2709.728759765625 -1 1647.5545654296875 2718.57763671875 -1 1097.2939453125 2767.531494140625 1589 792.8157958984375 2795.48388671875 1590 1301.1314697265625 2838.841552734375 -1 1301.1314697265625 2838.841552734375 -1 1630.6563720703125 2900.854248046875 -1 1015.084716796875 3234.3984375 -1 1836.64013671875 1282.88623046875 -1 1735.5745849609375 1434.023193359375 1612 1968.9609375 1438.31494140625 -1 1655.146484375 1722.2828369140625 -1 1501.0997314453125 2189.022216796875 -1 985.93597412109375 2329.27734375 -1 666.90313720703125 2449.80810546875 -1 962.63043212890625 2449.557373046875 1497 1518.8167724609375 2457.663818359375 1592 1520.5614013671875 2520.611572265625 1635 1071.00244140625 2557.949951171875 -1 1120.013671875 2693.8291015625 1610 1635.3416748046875 2895.853759765625 -1 1078.9697265625 2920.06396484375 1716 1497.9656982421875 3038.08349609375 1690 1593.7874755859375 3156.185302734375 -1 1810.6976318359375 1377.2744140625 -1 1711.2647705078125 1563.02685546875 -1 2072.607177734375 1672.8421630859375 1614 1587.8951416015625 1988.254638671875 -1 1425.029296875 2197.8896484375 -1 1301.373779296875 2234.205322265625 1697 1536.5115966796875 2249.674072265625 1709 1363.780517578125 2293.448486328125 1714 1397.9803466796875 2449.37158203125 1652 761.71148681640625 2489.65185546875 -1 1118.530517578125 2488.008056640625 -1 827.871337890625 2515.8564453125 -1 1653.9615478515625 2553.78515625 1721 700.58197021484375 2632.44482421875 1619 1204.69677734375 2644.79052734375 -1 1498.281494140625 2732.875244140625 1663 1162.0230712890625 2749.383056640625 -1 1396.9383544921875 2775.105224609375 -1 755.73187255859375 2854.213623046875 1817 1228.9384765625 2860.74267578125 -1 1116.13720703125 2999.384765625 -1 1110.0419921875 3079.350341796875 -1 1110.0419921875 3079.350341796875 -1 1574.612548828125 3095.08544921875 1373 971.47125244140625 3262.411376953125 -1 971.47125244140625 3262.411376953125 -1 1647.4927978515625 1541.4976806640625 -1 1206.3836669921875 2240.607421875 -1 1696.466064453125 2384.8837890625 -1 1503.60546875 2449.90771484375 1680 1305.5133056640625 2546.302978515625 1654 564.663330078125 2823.47216796875 -1 1537.710205078125 2835.4287109375 -1 840.716796875 2897.916259765625 1701 570.60308837890625 2909.844482421875 -1 984.75579833984375 2936.9267578125 -1 515.7139892578125 3008.407470703125 -1 867.4749755859375 3002.191650390625 1655 379.55413818359375 3082.007080078125 -1 1412.719482421875 3090.420654296875 -1 1412.719482421875 3090.420654296875 1696 670.81536865234375 3098.785888671875 1681 1326.1943359375 3097.74267578125 1682 1326.1943359375 3097.74267578125 -1 330.77398681640625 3378.887451171875 1710 1893.30029296875 1469.79541015625 -1 1671.2083740234375 1668.87158203125 -1 1973.3572998046875 1759.199462890625 -1 1983.314453125 1883.853759765625 -1 1083.2841796875 2267.564208984375 1656 964.1904296875 2283.398193359375 -1 850.26904296875 2337.00048828125 1728 1266.4722900390625 2331.68212890625 -1 2130.6181640625 2352.129150390625 -1 606.88446044921875 2366.69482421875 -1 1187.2347412109375 2432.864501953125 1522 1187.2347412109375 2432.864501953125 1523 1380.5601806640625 2411.77783203125 1705 495.503662109375 2537.127685546875 -1 1432.3360595703125 2548.691650390625 -1 596.28253173828125 2616.940673828125 1867 1534.841552734375 2836.36767578125 -1 1422.2252197265625 2893.961669921875 1626 563.724365234375 2911.423828125 -1 515.903076171875 3023.451904296875 -1 379.93807983398438 3079.859130859375 -1 1209.7333984375 3709.546142578125 -1 1610.887451171875 1527.8238525390625 -1 2291.36474609375 2371.58056640625 -1 1034.921142578125 2401.783935546875 1627 2927.20068359375 2455.426025390625 -1 475.17660522460938 2547.85595703125 -1 596.18701171875 2778.9013671875 1629 776.9149169921875 3008.23193359375 -1 1623.056884765625 2995.04931640625 1657 1476.950927734375 3113.38134765625 -1 735.16363525390625 3810.345458984375 -1 727.02655029296875 2242.735595703125 -1 1935.013427734375 2536.586181640625 -1 1094.6199951171875 2631.79052734375 1404 1690.617919921875 2822.837890625 -1 1955.414794921875 2844.408203125 -1 1189.0267333984375 2977.089111328125 -1 1022.150390625 3081.431884765625 -1 1022.150390625 3081.431884765625 1804 782.40142822265625 3196.85302734375 -1 1869.0982666015625 1428.7115478515625 -1 1869.0982666015625 1428.7115478515625 -1 735.23828125 2441.894287109375 -1 1597.6884765625 2446.61181640625 -1 1707.1436767578125 2807.8037109375 -1 1966.82958984375 2847.982666015625 -1 779.31219482421875 2822.861083984375 1764 573.4058837890625 3057.4794921875 -1 1353.79345703125 447.44277954101562 -1 1700.621826171875 1086.0562744140625 -1 2087.58984375 2070.76611328125 -1 1295.53955078125 471.22409057617188 -1 1782.7747802734375 1810.0235595703125 -1 2122.840087890625 2069.6728515625 -1 763.32391357421875 1246.0582275390625 -1 1283.2161865234375 2008.044921875 -1 2761.655029296875 2619.089599609375 -1 595.4990234375 3528.411376953125 -1 
43 0.52935362476622283 -0.051383993175994777 0.8387959964925068 0.11647189128838287 -2.2998850037204495 -0.066031152114041453 3.438148109073075 43 img_046.jpg
2188.509521484375 1336.7198486328125 -1 2194.19482421875 1351.370361328125 -1 2079.365234375 2102.1787109375 -1 2070.390380859375 2124.374267578125 -1 2067.83154296875 2129.984375 -1 2059.86328125 2153.202392578125 -1 2058.3759765625 2166.5712890625 -1 2052.04541015625 2184.42333984375 -1 2041.873291015625 2203.40380859375 -1 2037.351318359375 2214.823486328125 -1 2036.2264404296875 2226.6357421875 -1 1967.580078125 2368.625732421875 -1 1334.283935546875 2777.66162109375 -1 1844.86083984375 2999.373291015625 -1 2136.23779296875 1260.17236328125 -1 2149.043701171875 1275.4041748046875 -1 2048.093017578125 2185.806884765625 -1 2039.4356689453125 2219.452880859375 -1 1444.1978759765625 2505.968505859375 -1 1208.4415283203125 3055.2822265625 -1 2143.330322265625 1268.6624755859375 -1 2171.087646484375 1320.2532958984375 -1 2212.655517578125 1377.315185546875 -1 1815.461181640625 1824.0673828125 -1 1801.2213134765625 1871.1475830078125 -1 1797.2935791015625 1879.9210205078125 -1 2194.50537109375 1386.5213623046875 -1 1920.8671875 2440.823974609375 -1 1886.1956787109375 1352.9095458984375 -1 1760.8526611328125 1969.1348876953125 1711 1974.623779296875 1328.4844970703125 1765 1523.8514404296875 2328.4072265625 -1 1620.89599609375 2394.337158203125 -1 1466.158935546875 2466.849853515625 -1 1771.361083984375 2524.78271484375 -1 1996.290771484375 1306.2232666015625 -1 2179.244384765625 1344.022216796875 -1 1558.8013916015625 2291.5966796875 1735 1620.783447265625 2291.2861328125 1669 1397.3560791015625 2332.213134765625 1692 1397.3560791015625 2332.213134765625 1736 1789.3614501953125 2451.570556640625 1737 1815.26904296875 2451.747802734375 -1 1687.038818359375 2499.259521484375 -1 1695.564697265625 2564.267822265625 1643 2139.19384765625 1288.3126220703125 -1 2254.775146484375 1569.37939453125 -1 1576.07568359375 2234.829833984375 -1 867.72454833984375 2371.646240234375 -1 1714.7490234375 2386.966064453125 -1 1488.1400146484375 2419.34814453125 1712 1838.70703125 2420.000732421875 1739 1784.734130859375 2451.470947265625 -1 1544.876220703125 2451.877197265625 1777 1505.38037109375 2457.376708984375 1645 1453.4918212890625 2489.0283203125 1418 1453.4918212890625 2489.0283203125 1650 2108.4775390625 2612.62255859375 -1 1293.1636962890625 2903.623291015625 -1 1564.4022216796875 3005.593505859375 -1 2085.04638671875 1423.3868408203125 -1 1802.9825439453125 1614.242431640625 -1 1839.63818359375 1643.2366943359375 -1 1197.12646484375 2239.8359375 1740 1104.994384765625 2270.488525390625 -1 1101.7957763671875 2318.056884765625 -1 1101.7957763671875 2318.056884765625 -1 926.07952880859375 2324.673583984375 -1 1762.1673583984375 2370.714111328125 1742 1438.3153076171875 2440.6337890625 1674 1837.579345703125 2496.371826171875 1815 1871.3057861328125 2546.69873046875 -1 715.9022216796875 2643.402099609375 -1 2190.403076171875 2651.589599609375 1877 2190.403076171875 2651.589599609375 -1 1279.380126953125 2667.92724609375 1589 978.413330078125 2681.03076171875 1675 2409.858154296875 2693.78955078125 -1 2409.858154296875 2693.78955078125 -1 650.9268798828125 2711.556640625 1695 733.3369140625 2734.61962890625 -1 1280.269287109375 2811.26171875 -1 1851.00048828125 2831.097900390625 -1 1354.8499755859375 2953.372802734375 -1 1897.2218017578125 2985.44287109375 -1 1277.111328125 3039.74365234375 1585 2264.38134765625 1562.6287841796875 -1 1818.6025390625 1894.0220947265625 -1 1196.07568359375 2236.3828125 -1 1342.440185546875 2258.94482421875 1744 1763.9403076171875 2368.74951171875 1742 1936.6868896484375 2377.880615234375 -1 857.14080810546875 2398.303955078125 -1 1382.836181640625 2408.3798828125 1783 1013.8955078125 2431.956787109375 1746 1709.39208984375 2441.7939453125 1635 1870.477783203125 2547.099853515625 -1 1303.4776611328125 2595.105224609375 1610 2380.330322265625 2731.06640625 -1 1359.1207275390625 2952.469482421875 -1 1614.9815673828125 3000.680419921875 1696 1922.7689208984375 1327.55517578125 1727 1936.9949951171875 1410.6998291015625 1766 1936.9949951171875 1410.6998291015625 -1 1628.9722900390625 2129.857666015625 -1 1519.724609375 2152.123291015625 -1 1420.3001708984375 2158.772216796875 1698 1655.6209716796875 2193.552734375 -1 2008.7503662109375 2206.60791015625 -1 818.42510986328125 2349.026611328125 -1 1171.286376953125 2353.2666015625 1497 1590.484375 2369.4580078125 -1 1672.7178955078125 2375.93603515625 1749 1870.2059326171875 2442.521484375 1751 1253.998046875 2461.9638671875 -1 1306.0655517578125 2509.98291015625 1699 900.38079833984375 2523.722412109375 1619 1388.946533203125 2554.078369140625 -1 1347.1619873046875 2655.25634765625 -1 1337.399658203125 2819.96240234375 -1 1682.4188232421875 2952.79150390625 -1 1303.36572265625 2975.17822265625 -1 1167.0855712890625 3076.7568359375 -1 889.151611328125 465.22216796875 -1 1845.9560546875 1434.7069091796875 -1 1849.8763427734375 1735.47998046875 -1 1749.735107421875 2175.464599609375 -1 435.2711181640625 2298.92822265625 -1 1298.9364013671875 2393.07177734375 -1 745.32794189453125 2441.004150390625 -1 1486.0316162109375 2458.9189453125 1654 803.32440185546875 2509.241455078125 1717 1542.631103515625 2609.427490234375 -1 1893.4842529296875 2625.65478515625 -1 1765.5693359375 2671.36865234375 1752 1588.538330078125 2694.5986328125 1753 1020.2838134765625 2783.638671875 1884 1659.265869140625 2823.441162109375 -1 1058.6939697265625 2883.0126953125 -1 499.369873046875 2932.685546875 -1 1787.302001953125 3031.1494140625 1852 493.02609252929688 3221.583251953125 1794 2143.993896484375 3570.225830078125 -1 1568.89697265625 3623.375244140625 -1 1991.2464599609375 1260.4471435546875 -1 1853.603271484375 1739.37158203125 -1 2100.259033203125 2161.9091796875 -1 974.05389404296875 2178.999267578125 1891 1301.53076171875 2180.3896484375 1656 1178.5191650390625 2199.068115234375 1730 1456.3802490234375 2243.712890625 -1 1236.971435546875 2303.329833984375 1797 1236.971435546875 2303.329833984375 -1 1568.3260498046875 2326.322265625 1705 955.09600830078125 2383.080322265625 1820 1183.3902587890625 2419.01123046875 -1 729.798583984375 2448.835205078125 -1 1632.018310546875 2459.521728515625 -1 667.58831787109375 2773.293701171875 -1 2042.9202880859375 2928.35498046875 -1 1777.3902587890625 3033.696533203125 -1 2120.6318359375 1367.4490966796875 -1 2063.673095703125 1496.0989990234375 -1 2897.743408203125 2309.999267578125 -1 1748.7984619140625 2482.224609375 1757 1283.39794921875 2541.742919921875 -1 1118.116943359375 2640.06396484375 1758 790.84442138671875 2669.05859375 -1 1204.5965576171875 2783.9931640625 -1 960.28289794921875 2896.35009765625 1807 626.1226806640625 2920.8330078125 1759 1821.8057861328125 2912.568359375 1760 1816.9791259765625 3310.41162109375 -1 818.33685302734375 3568.46044921875 -1 1208.2044677734375 2965.398193359375 1827 802.94158935546875 2980.433837890625 -1 960.76129150390625 3068.960693359375 -1 1143.920654296875 1156.7568359375 -1 1750.2269287109375 2565.03662109375 1763 961.92333984375 3073.044677734375 -1 2003.7904052734375 2471.445556640625 1721 2566.119384765625 2494.80029296875 -1 988.937744140625 2710.28271484375 1764 1485.6160888671875 2886.0458984375 -1 1964.0789794921875 3208.782470703125 -1 1964.0789794921875 3208.782470703125 -1 1914.4273681640625 327.27789306640625 -1 1838.4757080078125 2873.770263671875 -1 2587.15478515625 2933.353271484375 -1 643.5716552734375 3344.938720703125 -1 1515.9501953125 3056.8876953125 -1 1514.2178955078125 1913.8092041015625 -1 2779.361328125 1947.87744140625 -1 1050.8629150390625 1077.8607177734375 1691 2164.851318359375 1768.2945556640625 -1 1224.8831787109375 3211.856201171875 -1 
44 0.55654073776547774 -0.062283765120251494 0.82227399836474335 0.10123542573210773 -2.4082418908085392 -0.08530074455690119 2.475078696597218 44 img_047.jpg
2014.4033203125 1458.5120849609375 -1 2028.3265380859375 1493.9844970703125 -1 1604.632080078125 1783.1136474609375 -1 1581.0625 1910.924560546875 -1 1558.0372314453125 1966.6207275390625 -1 1895.7774658203125 2018.9815673828125 -1 1824.6390380859375 2235.2666015625 -1 1737.5445556640625 2408.50927734375 -1 1738.3914794921875 2416.11572265625 -1 1725.2802734375 2430.664306640625 -1 1118.73388671875 2992.136474609375 -1 1645.70361328125 3023.46826171875 -1 1906.0106201171875 1977.034423828125 -1 1835.9071044921875 2193.519775390625 -1 1895.4012451171875 2018.88818359375 -1 1829.7220458984375 2210.04833984375 -1 1676.3087158203125 2992.307861328125 -1 1596.00244140625 1888.4805908203125 -1 1585.80810546875 1911.66552734375 -1 1980.0484619140625 1421.490478515625 -1 1680.423828125 1387.214111328125 -1 1548.880615234375 2002.2725830078125 1711 1766.5196533203125 1364.7239990234375 -1 1766.5196533203125 1364.7239990234375 -1 1798.2459716796875 1369.1585693359375 -1 1967.818603515625 1382.9200439453125 -1 1319.970947265625 2362.429931640625 -1 1277.0882568359375 2541.92236328125 -1 1927.5819091796875 1322.98876953125 -1 1355.119873046875 2323.1982421875 1735 1418.5047607421875 2321.130126953125 1669 1192.79443359375 2366.133544921875 1603 1192.79443359375 2366.133544921875 1692 1581.0177001953125 2475.70458984375 -1 1483.2322998046875 2523.1337890625 1832 1593.351318359375 2555.1923828125 -1 1729.863525390625 3016.740234375 1836 1583.6622314453125 1715.636474609375 -1 1956.06787109375 1776.29150390625 -1 1212.4752197265625 2346.044677734375 1671 638.64337158203125 2408.74072265625 -1 1635.082763671875 2452.17333984375 1739 1282.7330322265625 2453.382568359375 1712 1302.464599609375 2489.38818359375 1645 1247.174560546875 2524.177490234375 1418 1247.174560546875 2524.177490234375 1650 1492.70361328125 2592.54248046875 1781 756.632568359375 2726.12158203125 1590 1683.5908203125 2892.9521484375 1775 1081.55859375 2944.4228515625 -1 1848.3675537109375 1217.3214111328125 -1 1874.9248046875 1461.1031494140625 -1 1595.0264892578125 1647.8123779296875 1726 882.5250244140625 2356.945068359375 1708 695.78472900390625 2359.081787109375 -1 1723.387939453125 2403.157958984375 -1 1170.74951171875 2448.9072265625 1219 1234.7154541015625 2472.83154296875 1674 1945.5703125 2671.88037109375 -1 1945.5703125 2671.88037109375 -1 1072.63134765625 2707.556884765625 1589 2168.365966796875 2714.5224609375 -1 2168.365966796875 2714.5224609375 -1 1640.6044921875 2855.530517578125 1748 1322.234619140625 2861.85693359375 -1 1138.072021484375 2982.548583984375 -1 1689.6021728515625 3009.47021484375 -1 1395.864013671875 3027.381103515625 -1 1069.6683349609375 3082.239013671875 1585 1636.7568359375 1676.24267578125 -1 1532.707763671875 2119.267822265625 -1 1585.52880859375 2137.4248046875 -1 1135.774658203125 2292.494384765625 1744 956.56781005859375 2389.04296875 1497 1553.083984375 2396.155517578125 -1 1723.206298828125 2402.215087890625 -1 1505.81884765625 2472.15576171875 1635 790.92559814453125 2474.7900390625 -1 1047.452880859375 2500.35302734375 -1 1097.4134521484375 2633.5595703125 1610 420.54217529296875 2758.59228515625 1713 1644.3187255859375 2854.3974609375 -1 1143.18017578125 2981.2548828125 -1 1098.2496337890625 3019.06201171875 -1 1401.7794189453125 3030.556640625 -1 1401.7794189453125 3030.556640625 -1 1725.55810546875 3491.0341796875 -1 1716.83447265625 1362.7178955078125 -1 1734.144287109375 1448.14208984375 -1 1734.144287109375 1448.14208984375 -1 1996.6815185546875 1484.362548828125 -1 1875.1024169921875 1994.49267578125 -1 1311.8837890625 2182.933349609375 1697 1212.4471435546875 2189.1201171875 1698 1851.0968017578125 2205.451416015625 -1 1447.6015625 2224.017578125 -1 1368.4959716796875 2243.5791015625 -1 1385.2296142578125 2399.21630859375 1652 1470.903076171875 2405.134033203125 1749 1470.903076171875 2405.134033203125 -1 1660.89990234375 2463.705078125 -1 1097.6982421875 2549.904296875 1699 680.734130859375 2567.48486328125 -1 1180.0006103515625 2581.185546875 -1 2138.059326171875 2759.286376953125 -1 524.5291748046875 2769.37744140625 -1 1118.761474609375 2857.9423828125 1716 1480.497802734375 2984.22021484375 1690 614.19696044921875 456.75759887695312 -1 1639.0263671875 1469.531982421875 -1 1643.2515869140625 1769.2584228515625 -1 1543.9053955078125 2202.3955078125 1709 137.87165832519531 2333.9853515625 -1 587.60504150390625 2381.884033203125 -1 1090.8468017578125 2428.88232421875 -1 521.60589599609375 2476.222900390625 -1 1281.5849609375 2491.13525390625 1654 580.236572265625 2551.83984375 -1 1336.7584228515625 2643.95068359375 -1 1141.1949462890625 2692.16455078125 -1 1557.686767578125 2697.949462890625 -1 1384.451171875 2725.977294921875 -1 806.41925048828125 2828.897705078125 1884 845.19403076171875 2929.948974609375 1655 283.34866333007812 2994.792724609375 -1 1577.5323486328125 3058.449462890625 1824 277.41030883789062 3288.2470703125 -1 1778.5313720703125 1304.8150634765625 -1 1649.3734130859375 1773.07470703125 -1 1090.201904296875 2211.9443359375 1656 959.83258056640625 2233.22900390625 -1 854.86376953125 2278.212646484375 1728 1252.39453125 2278.19873046875 -1 1920.6622314453125 2313.4501953125 -1 2434.57080078125 2306.94384765625 -1 140.66065979003906 2332.06298828125 -1 1167.725830078125 2373.20751953125 1522 1167.725830078125 2373.20751953125 1523 1362.161865234375 2352.3681640625 -1 734.0614013671875 2423.373291015625 -1 506.55319213867188 2484.974365234375 -1 1426.79248046875 2489.932373046875 -1 1538.8963623046875 2502.796875 -1 1538.8963623046875 2502.796875 -1 453.55160522460938 2825.455078125 -1 1447.3416748046875 2852.938720703125 -1 414.34591674804688 2947.99658203125 -1 740.103759765625 2940.299072265625 -1 1608.4971923828125 3322.316162109375 -1 1904.362060546875 1400.76611328125 -1 748.06231689453125 2206.578369140625 -1 2592.92138671875 2328.791748046875 -1 1026.38671875 2341.046142578125 1627 899.2874755859375 2683.4912109375 -1 566.415771484375 2717.452392578125 -1 992.14593505859375 2832.309326171875 -1 1613.6573486328125 2937.46142578125 -1 418.13375854492188 2965.141357421875 -1 616.07208251953125 3644.714111328125 1762 1075.525390625 2578.336669921875 -1 999.405029296875 3010.436279296875 1827 595.83734130859375 3030.441162109375 -1 1765.9791259765625 3369.34619140625 -1 1765.9791259765625 3369.34619140625 -1 847.646484375 1167.79931640625 -1 1748.697021484375 2507.402587890625 -1 2266.4091796875 2495.093505859375 -1 1516.4969482421875 2600.4208984375 -1 1710.0218505859375 3211.4970703125 -1 1710.0218505859375 3211.4970703125 -1 758.76849365234375 2787.942138671875 -1 1615.525390625 2910.616943359375 -1 2289.74169921875 2896.24560546875 -1 1645.3858642578125 372.62338256835938 1722 1260.797119140625 2852.1904296875 -1 1260.797119140625 2852.1904296875 -1 424.00152587890625 3407.346923828125 1723 2401.03466796875 2017.9688720703125 -1 1908.8135986328125 1826.2977294921875 -1 1333.120361328125 1959.4918212890625 -1 857.367431640625 1139.0784912109375 -1 1048.352294921875 3264.276123046875 -1 
42 0.51553059403599977 -0.056318627863819505 0.8478369771014409 0.11058426211679818 -2.4584224371023757 -0.1084743029093916 3.3081545934401837 42 img_045.jpg
2057.329345703125 1929.828369140625 -1 2025.1170654296875 2059.55322265625 -1 1995.8841552734375 2125.411376953125 -1 1981.824951171875 2168.553466796875 -1 1980.13037109375 2180.273681640625 -1 1971.65966796875 2194.31982421875 -1 1964.6556396484375 2221.35302734375 -1 1958.903564453125 2226.448486328125 -1 1918.1473388671875 2314.58740234375 -1 1915.070068359375 2322.898193359375 -1 1909.2757568359375 2334.074951171875 -1 1884.36669921875 2385.660888671875 -1 1776.0662841796875 2995.257568359375 -1 1098.2911376953125 3048.016357421875 -1 2060.3828125 1898.9619140625 -1 2004.238525390625 2104.42724609375 -1 1997.97705078125 2130.13037109375 -1 1982.7421875 2175.914306640625 -1 1973.6903076171875 2189.396484375 -1 1910.291259765625 2337.950927734375 -1 1415.39990234375 2356.91259765625 -1 1441.27197265625 2383.502197265625 -1 1766.04736328125 2995.605712890625 -1 1905.29296875 2339.302001953125 -1 2003.67626953125 2102.99267578125 -1 1707.32421875 2498.347900390625 -1 1871.8035888671875 1331.0345458984375 1765 1881.73828125 1355.2303466796875 -1 1881.73828125 1355.2303466796875 -1 1669.9276123046875 2001.4293212890625 -1 1901.034423828125 1180.34521484375 -1 1883.4715576171875 1356.5477294921875 -1 1708.4644775390625 1677.454345703125 -1 1472.246826171875 2291.77978515625 1735 1532.3367919921875 2291.203369140625 1669 1209.445556640625 2296.6005859375 1774 1307.893310546875 2330.84521484375 1736 1307.893310546875 2330.84521484375 1692 1471.677001953125 2386.774169921875 -1 1697.3272705078125 2451.273681640625 1737 1591.7890625 2496.71044921875 1646 1736.3468017578125 2498.8408203125 -1 2089.93701171875 1422.5283203125 -1 1760.56982421875 1531.3712158203125 -1 1713.50927734375 1621.8919677734375 -1 1467.2525634765625 2266.98291015625 1409 788.09857177734375 2379.545654296875 -1 1397.689453125 2418.845458984375 1712 1751.83935546875 2425.28564453125 1739 1813.8436279296875 2436.588134765625 1780 1414.856201171875 2456.319091796875 1645 1361.3963623046875 2487.269775390625 1418 1361.3963623046875 2487.269775390625 1650 895.83642578125 2507.2470703125 -1 1601.5064697265625 2559.58056640625 1781 882.519287109375 2671.91943359375 1675 1949.412841796875 1173.515869140625 1778 1755.657958984375 1590.7501220703125 1773 1744.2606201171875 1652.1805419921875 1776 1118.499755859375 2239.44873046875 1740 1023.6649169921875 2312.893310546875 -1 1023.6649169921875 2312.893310546875 1741 1679.390380859375 2373.417724609375 1742 1347.0013427734375 2437.85205078125 1674 2373.601806640625 2727.865478515625 -1 2373.601806640625 2727.865478515625 -1 631.4263916015625 2755.72900390625 -1 1812.7886962890625 2989.485107421875 1743 1183.4517822265625 3031.558349609375 1818 1824.095703125 3042.335205078125 1831 2052.14453125 1323.0810546875 1785 1832.63037109375 1409.0108642578125 1766 1756.0660400390625 1426.41650390625 -1 1661.419189453125 2096.178466796875 -1 1445.1136474609375 2151.594970703125 -1 1118.3587646484375 2236.383544921875 -1 1257.8682861328125 2258.61279296875 1744 1090.2447509765625 2349.5244140625 1497 1860.4073486328125 2380.194091796875 1745 1293.668701171875 2406.56298828125 1783 927.2537841796875 2423.637939453125 1746 1616.6654052734375 2440.056640625 1635 1788.749267578125 2548.720703125 1747 1209.0560302734375 2591.11181640625 1610 1184.40234375 2663.778076171875 1589 2580.05029296875 2765.675048828125 -1 1779.219970703125 2834.44482421875 -1 1206.798583984375 2890.293701171875 -1 2236.5654296875 3289.406982421875 -1 1823.6048583984375 1331.1044921875 1727 1754.4954833984375 1728.480712890625 -1 1712.977294921875 1998.9615478515625 -1 1343.8402099609375 2158.897705078125 -1 1583.2769775390625 2189.665283203125 1786 1427.8846435546875 2225.428466796875 -1 738.74029541015625 2357.662109375 -1 1498.5169677734375 2368.114501953125 1652 1578.271728515625 2375.68017578125 1749 674.84320068359375 2441.975341796875 -1 1142.104736328125 2450.89111328125 1851 726.15496826171875 2503.155029296875 1717 1211.8563232421875 2506.421142578125 1699 1289.1141357421875 2534.371337890625 1788 1609.3184814453125 2656.416748046875 -1 646.82122802734375 2756.100830078125 -1 2526.311279296875 2809.179443359375 -1 1583.6085205078125 2946.507568359375 1690 1213.153564453125 2966.026611328125 -1 396.09921264648438 3191.13720703125 1710 981.3695068359375 481.93505859375 -1 2079.158935546875 1715.33984375 -1 1672.1689453125 2175.713134765625 1709 1227.3682861328125 2177.993408203125 -1 531.86328125 2294.01611328125 -1 670.2020263671875 2443.411865234375 -1 1782.0340576171875 2445.98876953125 1751 1399.4866943359375 2456.036865234375 1790 1680.29296875 2674.436279296875 1752 1498.046630859375 2695.60302734375 1753 1225.030029296875 2742.880126953125 -1 925.73089599609375 2774.357421875 1884 1283.258544921875 2814.0927734375 1754 1575.7359619140625 2828.444580078125 1806 497.217529296875 2853.96728515625 -1 968.54351806640625 2871.117431640625 1792 376.64468383789062 2910.03125 1702 405.89044189453125 3104.219970703125 -1 1743.8427734375 3279.378662109375 -1 1305.94921875 3609.2373046875 -1 984.09234619140625 483.43109130859375 -1 1907.1337890625 1256.85595703125 1795 1978.770263671875 1372.0240478515625 1796 1689.588623046875 1808.864501953125 -1 1101.9017333984375 2200.916748046875 1730 1363.0302734375 2242.010986328125 -1 2838.621337890625 2291.446044921875 -1 1153.705810546875 2303.46044921875 1797 1482.936279296875 2328.80810546875 -1 1284.822265625 2336.410888671875 1522 1284.822265625 2336.410888671875 1523 1541.1602783203125 2462.110595703125 1791 1541.1602783203125 2462.110595703125 -1 729.5838623046875 2615.685791015625 1798 530.74505615234375 2756.785888671875 1799 530.74505615234375 2756.785888671875 1800 663.49725341796875 2811.406005859375 -1 861.9422607421875 2883.349609375 -1 1689.09326171875 3035.20068359375 -1 1740.7779541015625 3289.264404296875 -1 896.103515625 2181.64599609375 1891 1657.267333984375 2487.846923828125 -1 1196.447021484375 2533.178466796875 -1 1024.7706298828125 2634.79052734375 1758 503.09088134765625 2899.01708984375 1759 1733.4346923828125 2912.48583984375 1760 1765.0625 3156.05615234375 1802 2148.649658203125 1869.89794921875 -1 1123.5919189453125 2765.3896484375 -1 689.58306884765625 2962.6787109375 -1 1110.21923828125 2956.628173828125 1827 698.1859130859375 3524.554931640625 1762 458.94601440429688 2548.50634765625 1828 1653.462890625 2562.43505859375 1763 1113.6070556640625 2958.681396484375 -1 868.07049560546875 3057.87744140625 -1 2113.687744140625 1318.67138671875 -1 2128.8408203125 2089.72021484375 -1 2673.06640625 2499.084716796875 -1 2026.80224609375 318.23614501953125 -1 1899.892578125 1716.9658203125 -1 906.38226318359375 2697.55712890625 -1 1441.7733154296875 3037.166015625 -1 2697.26025390625 2992.704833984375 -1 515.47222900390625 3301.296875 -1 1474.01416015625 1929.6986083984375 -1 1397.3662109375 2620.755615234375 -1 1464.2828369140625 3956.951416015625 -1 2883.277587890625 1966.4532470703125 -1 1885.54296875 2822.029296875 -1 1885.54296875 2822.029296875 -1 1033.0633544921875 1005.229248046875 -1 686.9130859375 1014.6515502929688 -1 2330.576171875 1491.3074951171875 -1 1183.386474609375 3161.37744140625 1809 
41 0.48757433730808641 -0.056707078035982059 0.86451546150800396 0.10802124658049643 -2.4808151417457212 -0.098252730549171774 3.4133792469949169 41 img_044.jpg
2230.5009765625 1686.2353515625 -1 1786.179443359375 1952.7745361328125 -1 2123.167236328125 2018.318603515625 -1 2082.599853515625 2148.8984375 -1 2059.8837890625 2216.61376953125 -1 2047.5963134765625 2255.635986328125 -1 2004.1309814453125 2352.07080078125 -1 1976.2452392578125 2395.695068359375 -1 1401.36474609375 2778.5927734375 -1 1342.5799560546875 2795.4033203125 -1 1873.8087158203125 2903.064453125 -1 1206.7197265625 3056.267822265625 -1 1217.0765380859375 3056.042724609375 -1 0.63749998807907104 0.63749998807907104 -1 0.63749998807907104 0.63749998807907104 -1 0.63749998807907104 0.63749998807907104 -1 0.63749998807907104 0.63749998807907104 -1 0.63749998807907104 0.63749998807907104 -1 0.63749998807907104 0.63749998807907104 -1 0.63749998807907104 0.63749998807907104 -1 0.63749998807907104 0.63749998807907104 -1 0.63749998807907104 0.63749998807907104 -1 0.63749998807907104 0.63749998807907104 -1 2090.0224609375 2141.46337890625 -1 2090.721923828125 2141.600830078125 -1 2021.4454345703125 2313.111572265625 -1 2152.752685546875 1402.4849853515625 -1 2207.97021484375 1686.25732421875 -1 1778.510986328125 1700.280029296875 -1 1752.6087646484375 2028.34423828125 -1 1946.753173828125 1345.5115966796875 -1 1965.052978515625 1363.053466796875 -1 1930.8389892578125 1364.1707763671875 1765 1930.8389892578125 1364.1707763671875 -1 1904.478759765625 1467.8736572265625 -1 1783.5980224609375 1995.2867431640625 -1 1545.386474609375 2316.548095703125 1735 1602.89453125 2319.066162109375 1669 1947.714111328125 1341.8726806640625 -1 1818.80126953125 1568.052734375 -1 1813.020751953125 1619.9342041015625 1773 1781.2861328125 1658.16796875 1726 1855.8448486328125 1767.83544921875 -1 1786.84912109375 1993.5118408203125 -1 1283.8717041015625 2324.716796875 1774 1379.5650634765625 2356.325439453125 1736 1319.800048828125 2400.2880859375 1834 1770.7352294921875 2491.373291015625 -1 1837.064697265625 2656.95361328125 1835 1883.811279296875 2897.0732421875 1775 1808.3837890625 1683.667236328125 1776 1288.668701171875 2258.774658203125 1874 1109.6455078125 2372.222412109375 1839 1469.0755615234375 2445.24169921875 1712 1823.0782470703125 2454.2353515625 1739 1525.589599609375 2479.25634765625 1777 1483.785400390625 2480.806396484375 1645 1432.6153564453125 2514.3603515625 1418 1432.6153564453125 2514.3603515625 1650 1659.8212890625 2525.362060546875 1646 960.20916748046875 2690.147216796875 1814 651.1864013671875 2730.53466796875 -1 1347.9151611328125 3023.1787109375 -1 1365.215576171875 3051.78369140625 -1 2017.2200927734375 1206.4984130859375 1778 1823.821044921875 1448.4215087890625 -1 1817.2841796875 1754.8167724609375 1837 1768.290283203125 2094.81103515625 1838 1651.7950439453125 2146.974365234375 -1 1201.9097900390625 2267.574462890625 1740 1109.175537109375 2337.094482421875 1741 1109.175537109375 2337.094482421875 -1 1747.7711181640625 2403.52197265625 1742 1418.6351318359375 2463.175537109375 1674 1892.167724609375 2466.862548828125 1780 1757.819091796875 2484.155517578125 -1 1673.6488037109375 2586.038818359375 1840 1673.6488037109375 2586.038818359375 1781 648.49444580078125 2726.60888671875 -1 2431.518798828125 2721.479736328125 -1 628.90216064453125 2938.8046875 -1 1371.7239990234375 2953.437744140625 -1 1888.6138916015625 1441.77490234375 1766 2139.872314453125 1461.8575439453125 -1 1785.6932373046875 2034.9444580078125 -1 1522.77392578125 2178.56884765625 1697 1172.635009765625 2372.95263671875 1816 1940.957275390625 2413.532470703125 1745 1367.2900390625 2433.893798828125 1783 1010.9514770507812 2442.648681640625 1844 1687.9012451171875 2465.206787109375 1635 1285.02392578125 2530.85595703125 1699 1866.2166748046875 2580.372802734375 1747 1280.682861328125 2614.36474609375 1610 1257.25244140625 2689.80322265625 -1 1850.752685546875 2859.240478515625 1748 1593.8333740234375 2912.43359375 1842 1895.61083984375 2958.455322265625 1846 1888.1185302734375 3021.86767578125 1743 1257.0528564453125 3051.730224609375 1818 1899.4066162109375 3079.476806640625 1831 1913.6749267578125 3313.57275390625 -1 2113.533203125 1351.2127685546875 1785 1421.87255859375 2186.980224609375 1698 1661.15576171875 2220.925537109375 1786 1509.1719970703125 2250.1337890625 1787 824.15521240234375 2389.556396484375 1849 1569.4595947265625 2395.30078125 1652 1649.5970458984375 2402.352294921875 1749 768.300537109375 2467.991455078125 -1 1219.0877685546875 2476.252197265625 1851 815.5428466796875 2525.092041015625 1717 1357.665771484375 2560.544189453125 1788 2419.8525390625 2780.7958984375 -1 2741.7900390625 2884.65380859375 -1 472.22787475585938 3113.86181640625 -1 462.01947021484375 3196.41455078125 -1 2205.796875 1831.5477294921875 -1 1305.2166748046875 2207.19189453125 1656 1410.360107421875 2267.728271484375 -1 1057.6259765625 2286.242919921875 1881 722.868896484375 2320.735595703125 -1 1471.656005859375 2486.657958984375 1790 1859.0889892578125 2479.69873046875 1751 1612.061767578125 2490.13623046875 1853 1612.061767578125 2490.13623046875 1791 815.8607177734375 2627.529296875 1854 1886.8338623046875 2669.845947265625 -1 1757.18701171875 2702.65478515625 1752 1566.814697265625 2722.88671875 1753 2800.795166015625 2748.024658203125 -1 1305.6812744140625 2758.572998046875 -1 1001.4998779296875 2790.78466796875 1962 1377.5003662109375 2839.469482421875 1754 1653.2906494140625 2859.04150390625 1806 1042.236328125 2887.106689453125 1792 1633.0357666015625 2959.9716796875 -1 1774.766357421875 3060.389892578125 1824 454.62118530273438 3198.87744140625 1794 1984.75732421875 3397.896728515625 -1 1970.2735595703125 1291.7607421875 1795 2050.668701171875 1404.4691162109375 1796 1766.2425537109375 1844.7042236328125 -1 1186.652099609375 2228.65771484375 1730 1990.7857666015625 2250.78564453125 -1 2219.8115234375 2312.606201171875 -1 1231.0108642578125 2330.09375 1627 1358.584228515625 2364.94580078125 1523 1358.584228515625 2364.94580078125 1522 815.5396728515625 2631.777587890625 1798 1755.1854248046875 2701.41015625 1856 1310.8831787109375 2748.616943359375 -1 583.41815185546875 2766.7626953125 1799 583.41815185546875 2766.7626953125 1800 731.070068359375 2837.945556640625 -1 573.1214599609375 2902.579833984375 -1 573.1214599609375 2902.579833984375 -1 941.795166015625 2904.540771484375 1807 653.8646240234375 3098.759765625 -1 977.80889892578125 2209.53515625 1891 1728.859375 2514.948486328125 1757 1270.09765625 2558.89892578125 -1 1099.4134521484375 2656.624267578125 1758 1807.6031494140625 2940.249267578125 1760 1848.3707275390625 3183.509033203125 1802 1820.232421875 3337.7392578125 -1 1208.2081298828125 2783.017822265625 1868 1176.486328125 2975.878173828125 1827 755.21588134765625 3507.701416015625 -1 2318.675048828125 2537.44580078125 -1 1729.904052734375 2599.17578125 1861 751.23980712890625 2973.051513671875 1761 942.14337158203125 3080.7236328125 1808 963.7657470703125 2812.639404296875 -1 585.5792236328125 3293.2099609375 1935 2205.06005859375 341.46624755859375 -1 1992.6177978515625 1728.864990234375 1864 1642.480224609375 1939.6087646484375 1892 2282.002197265625 2039.935546875 -1 997.62469482421875 2729.46044921875 -1 1525.616943359375 3075.992919921875 -1 1615.853271484375 3909.9150390625 -1 1483.3621826171875 2623.806396484375 -1 1553.8380126953125 3964.206787109375 -1 1285.2965087890625 3173.92431640625 -1 
40 0.48499369795057706 -0.056449840358735952 0.86625517147718212 0.1058135452611598 -2.4989329075256999 -0.082375107843693174 3.3952127622925654 40 img_043.jpg
0.63749998807907104 0.63749998807907104 -1 0.63749998807907104 0.63749998807907104 -1 0.63749998807907104 0.63749998807907104 -1 0.63749998807907104 0.63749998807907104 -1 0.63749998807907104 0.63749998807907104 -1 0.63749998807907104 0.63749998807907104 -1 0.63749998807907104 0.63749998807907104 -1 0.63749998807907104 0.63749998807907104 -1 0.63749998807907104 0.63749998807907104 -1 0.63749998807907104 0.63749998807907104 -1 0.63749998807907104 0.63749998807907104 -1 2016.3953857421875 2313.986083984375 -1 2018.960693359375 2320.224853515625 -1 2148.235595703125 1882.7423095703125 -1 2016.12939453125 2313.640380859375 -1 2141.9306640625 1415.4471435546875 -1 1494.805908203125 2318.6083984375 -1 1918.880126953125 1380.7593994140625 1765 1918.880126953125 1380.7593994140625 -1 2197.330078125 1701.3094482421875 -1 1770.32958984375 1717.092529296875 -1 1771.8736572265625 2543.096435546875 -1 889.8970947265625 3059.99072265625 -1 1952.8035888671875 1378.2982177734375 -1 1926.454345703125 1405.658203125 -1 1893.5540771484375 1482.1322021484375 -1 1771.8533935546875 1673.5955810546875 1726 1747.2607421875 2042.075439453125 -1 1597.433349609375 2209.48291015625 -1 1593.753662109375 2329.126953125 1943 1392.231689453125 2937.0283203125 -1 1805.6629638671875 1589.7828369140625 -1 1801.0098876953125 1635.0274658203125 1773 1846.594970703125 1785.38427734375 1833 1540.6119384765625 2333.630615234375 1735 1278.75244140625 2340.882568359375 1774 1315.1170654296875 2413.5283203125 1834 1538.0849609375 2428.5087890625 -1 1889.040771484375 2617.80126953125 -1 1925.01904296875 2957.444091796875 -1 1325.6605224609375 2988.13134765625 -1 2413.546630859375 3052.79296875 -1 2099.925537109375 1615.4049072265625 -1 1797.7705078125 1697.66259765625 1776 1282.472412109375 2273.422607421875 1874 1104.186767578125 2387.099853515625 1839 1462.08837890625 2459.28173828125 1712 1478.350830078125 2495.625244140625 1645 1757.141357421875 2498.215087890625 1875 1427.1773681640625 2527.062744140625 1418 1427.1773681640625 2527.062744140625 1650 1651.52392578125 2536.345703125 1646 1664.3096923828125 2600.64599609375 1781 1664.3096923828125 2600.64599609375 1840 956.13421630859375 2703.571533203125 1814 1346.583984375 3034.163818359375 -1 1361.988525390625 3065.092041015625 -1 2006.7098388671875 1222.6253662109375 1778 1807.850341796875 1768.8768310546875 1837 1763.0616455078125 2108.658447265625 1838 1105.3594970703125 2351.538330078125 1741 1105.3594970703125 2351.538330078125 -1 1741.8931884765625 2416.232666015625 1742 1358.1585693359375 2451.443603515625 1896 1412.5006103515625 2477.642333984375 1674 1885.1839599609375 2479.605224609375 1780 1519.748291015625 2492.98291015625 1777 1813.8046875 2539.4501953125 1815 2446.195068359375 2735.395751953125 -1 641.2890625 2735.698486328125 -1 2501.943359375 2771.54248046875 -1 2501.943359375 2771.54248046875 -1 1842.806884765625 2876.944580078125 -1 1575.8958740234375 2916.017333984375 -1 1289.38818359375 2935.750732421875 -1 1369.21533203125 2974.13720703125 -1 2100.6884765625 1365.72314453125 1785 2172.32177734375 1450.7952880859375 -1 1877.7694091796875 1456.4566650390625 1766 2129.801025390625 1480.3251953125 -1 2129.801025390625 1480.3251953125 -1 1781.4248046875 2049.818603515625 -1 1609.0640869140625 2183.510498046875 1843 1518.72900390625 2193.6552734375 1697 1171.739013671875 2387.091552734375 1816 1359.8682861328125 2448.494873046875 1783 1682.0333251953125 2479.151611328125 1635 1817.5491943359375 2539.451416015625 1845 1859.756591796875 2594.226318359375 1747 1275.0672607421875 2628.548095703125 1610 1248.1463623046875 2701.3193359375 1589 636.38616943359375 2729.353515625 -1 925.96099853515625 2760.648193359375 -1 2502.32275390625 2772 -1 2502.32275390625 2772 -1 2693.17578125 2846.42333984375 -1 2693.17578125 2846.42333984375 -1 1846.7392578125 2876.00732421875 -1 1578.8687744140625 2916.261474609375 -1 1287.17529296875 2930.380859375 -1 1883.5618896484375 3034.246337890625 1743 1253.91845703125 3064.19482421875 1818 1898.931884765625 3094.373291015625 -1 2195.31396484375 1835.33642578125 -1 1414.860595703125 2200.409912109375 1698 1655.308837890625 2236.30517578125 1786 1501.3787841796875 2264.1396484375 1787 821.73297119140625 2405.030517578125 1849 1563.657958984375 2408.36083984375 1652 965.57318115234375 2418.87548828125 1687 965.57318115234375 2418.87548828125 1820 1643.4422607421875 2415.906494140625 1749 1643.4422607421875 2415.906494140625 1960 1936.644775390625 2421.92138671875 1745 762.65350341796875 2484.1025390625 -1 1217.4925537109375 2493.2197265625 1617 811.351318359375 2538.79833984375 1717 1349.8436279296875 2572.0458984375 1788 2812.946533203125 2781.1630859375 -1 2751.906494140625 2898.511474609375 -1 440.67428588867188 2923.326171875 -1 440.67428588867188 2923.326171875 -1 1643.1700439453125 2984.463134765625 1690 1781.677001953125 3069.89306640625 1852 467.63107299804688 3126.26416015625 -1 466.12506103515625 3205.366943359375 -1 2197.707275390625 1841.6641845703125 -1 1300.1986083984375 2221.000732421875 1656 1061.7247314453125 2294.8759765625 -1 737.580810546875 2335.55810546875 -1 1353.3406982421875 2373.8203125 -1 1353.3406982421875 2373.8203125 -1 752.50341796875 2488.112548828125 -1 1852.0654296875 2491.02099609375 1751 1466.685302734375 2496.4609375 1790 1605.6708984375 2505.85888671875 1853 1605.6708984375 2505.85888671875 1791 814.4521484375 2638.258544921875 1854 1882.6444091796875 2675.9609375 -1 1750.958740234375 2717.28857421875 1752 1561.0523681640625 2735.813232421875 1753 577.35540771484375 2778.52880859375 1799 998.15277099609375 2802.89892578125 1962 1377.2518310546875 2850.564453125 1754 1647.4417724609375 2871.304931640625 1806 1038.1744384765625 2899.361572265625 1792 458.70730590820312 3208.932861328125 -1 1973.645751953125 3397.8076171875 -1 967.15252685546875 340.89840698242188 -1 1957.8924560546875 1308.169921875 1795 2035.3387451171875 1418.8179931640625 1796 2208.35400390625 1863.155517578125 -1 1184.7310791015625 2243.1513671875 1730 1225.291259765625 2345.154541015625 1627 1543.750244140625 2367.642333984375 1705 1373.010498046875 2855.234130859375 -1 574.09136962890625 2907.94775390625 1857 574.09136962890625 2907.94775390625 -1 1767.359619140625 3075.57666015625 -1 974.97698974609375 2221.94384765625 1891 2224.170166015625 2324.766845703125 -1 1722.4342041015625 2524.512939453125 1757 1722.4342041015625 2524.512939453125 1859 1094.447265625 2669.94580078125 1758 938.9658203125 2915.763671875 1807 1803.1990966796875 2954.313720703125 1760 1841.6925048828125 3197.18701171875 1802 1710.559814453125 1619.2017822265625 -1 1202.1654052734375 2796.330078125 1868 1169.915771484375 2989.3896484375 1804 751.52142333984375 3516.43603515625 -1 1457.091796875 1215.1796875 -1 566.9661865234375 2580.540771484375 -1 1723.3409423828125 2610.989013671875 1861 748.2178955078125 2984.68408203125 1761 937.87237548828125 3092.34228515625 1808 582.02703857421875 3306.27734375 1935 2204.386474609375 362.7498779296875 -1 2204.386474609375 362.7498779296875 1906 1985.1112060546875 1741.4921875 1864 1629.0943603515625 1957.4075927734375 -1 2287.574462890625 2047.399169921875 -1 1520.5655517578125 3090.752685546875 -1 1618.0255126953125 3924.59619140625 -1 1476.618896484375 2639.34375 -1 1559.577880859375 3967.9599609375 -1 1285.5101318359375 3193.794921875 1809 
39 0.47531637437276053 -0.060717896151195667 0.87156131006859205 0.10377169234249657 -2.6670839937743582 -0.10633084231235944 3.7388211277826664 39 img_042.jpg
2038.2115478515625 1916.2681884765625 -1 2028.0126953125 1960.737548828125 -1 2004.4814453125 2088.381591796875 -1 1992.9085693359375 2111.197265625 -1 1953.820556640625 2221.702880859375 -1 1943.1588134765625 2257.578369140625 -1 1937.2203369140625 2263.416259765625 -1 1934.2213134765625 2272.15966796875 -1 1921.441650390625 2301.519287109375 -1 1919.9656982421875 2305.025390625 -1 1856.30078125 2433.80078125 -1 1851.4757080078125 2447.392333984375 -1 1263.856689453125 2479.827880859375 -1 1586.302001953125 2613.113037109375 -1 1285.1875 2799.01318359375 -1 1207.3450927734375 2810.1494140625 -1 1722.59814453125 2908.42431640625 -1 1773.6595458984375 2936.8203125 -1 1777.31982421875 3019.602783203125 -1 1081.923828125 3063.520263671875 -1 2099.861572265625 1748.249267578125 -1 2073.115234375 1794.703369140625 -1 1705.1944580078125 1831.828369140625 -1 1688.256103515625 1952.918701171875 -1 1995.689697265625 2102.734375 -1 1955.020263671875 2217.093505859375 -1 1894.9677734375 2356.131591796875 -1 1895.8380126953125 2364.0478515625 -1 1865.9248046875 2423.8056640625 -1 1313.34130859375 2792.349853515625 -1 1910.4129638671875 2321.0810546875 -1 1791.3240966796875 2955.22802734375 -1 1979.0181884765625 2147.453857421875 -1 1941.459228515625 2251.60302734375 -1 1653.4100341796875 1691.6536865234375 -1 1652.56591796875 1722.6239013671875 -1 1824.4766845703125 1388.65673828125 -1 1724.5367431640625 1798.5152587890625 1833 1425.373046875 2337.42431640625 1735 1480.4737548828125 2341.02978515625 1669 1111.5870361328125 2892.36669921875 -1 1119.239990234375 3032.538330078125 -1 1753.5828857421875 1495.2510986328125 -1 1729.979736328125 1633.0692138671875 -1 1729.979736328125 1633.0692138671875 -1 2071.815673828125 1712.6265869140625 1873 1152.9920654296875 2311.814453125 -1 1424.703369140625 2341.495361328125 1735 1197.241455078125 2415.807861328125 1834 767.591796875 2428.93212890625 1871 1641.3203125 2505.682373046875 -1 1315.932861328125 2570.426025390625 1672 1714.6871337890625 2678.40576171875 1835 1813.72900390625 3049.094970703125 -1 1702.2825927734375 1451.5933837890625 -1 1687.7625732421875 1781.0650634765625 1837 1657.579833984375 2121.798828125 1838 996.70733642578125 2391.021240234375 1839 1345.6243896484375 2464.3388671875 1712 1694.7913818359375 2473.751708984375 1739 1357.8592529296875 2500.71142578125 1645 1357.8592529296875 2500.71142578125 -1 832.291015625 2509.351806640625 -1 832.291015625 2509.351806640625 -1 1308.111083984375 2532.364990234375 1418 1529.453857421875 2542.27294921875 1646 1542.650146484375 2605.1884765625 1781 1542.650146484375 2605.1884765625 1840 1736.75390625 2700.7998046875 -1 840.809326171875 2702.711181640625 1814 789.652587890625 3048.837158203125 -1 789.652587890625 3048.837158203125 -1 1887.7255859375 1232.7623291015625 -1 1746.358642578125 1466.5323486328125 1766 2021.3896484375 1645.420166015625 -1 1615.4481201171875 2158.437744140625 -1 1175.5537109375 2273.248291015625 -1 1090.55810546875 2285.300048828125 1740 1001.9053344726562 2354.32177734375 -1 1242.16259765625 2455.985595703125 1896 1290.337646484375 2485.008056640625 1220 1771.5072021484375 2490.523193359375 1780 1401.7305908203125 2500.349609375 1777 1692.55712890625 2547.608154296875 1815 1058.41650390625 2605.417236328125 -1 1729.9234619140625 2884.28564453125 -1 1457.45263671875 2918.4990234375 -1 1179.252685546875 2938.38037109375 -1 2083.476806640625 1830.3834228515625 -1 1496.549072265625 2193.22509765625 1843 1411.2283935546875 2200.44677734375 1697 1549.422607421875 2254.830322265625 -1 1057.0823974609375 2390.40869140625 1816 757.786865234375 2460.619140625 -1 897.6138916015625 2456.44873046875 1844 1560.1063232421875 2484.14453125 1635 1162.16796875 2547.262451171875 1699 1696.6495361328125 2546.74609375 1845 1230.6126708984375 2570.996337890625 -1 1745.9581298828125 2599.57421875 1747 1153.756591796875 2630.713134765625 1610 528.574462890625 2741.480712890625 -1 2479.35302734375 2790.474609375 -1 2613.55419921875 2854.02490234375 -1 1732.5206298828125 2883.209716796875 1748 2820.479248046875 2892.88623046875 -1 1179.5057373046875 2936.09521484375 -1 1774.75634765625 2979.1884765625 1846 1250.3482666015625 3022.689697265625 -1 1763.0535888671875 3042.944580078125 1743 1130.6435546875 3063.329345703125 1818 352.26351928710938 3185.85546875 -1 1972.59326171875 1373.42041015625 -1 2052.41650390625 1461.8385009765625 -1 1302.86865234375 2208.168212890625 1698 1392.16357421875 2270.033447265625 1787 1252.755615234375 2293.146240234375 1866 948.57757568359375 2306.81298828125 1881 740.42291259765625 2336.383544921875 -1 723.4600830078125 2413.37060546875 -1 855.20123291015625 2420.595458984375 1820 855.20123291015625 2420.595458984375 1687 1445.596923828125 2414.5322265625 1652 1523.908203125 2422.369140625 1749 1523.908203125 2422.369140625 1960 1825.350830078125 2432.544677734375 1745 654.96612548828125 2490.25341796875 1850 1095.1427001953125 2494.89306640625 1617 2465.420654296875 2848.417724609375 -1 307.7864990234375 2897.35498046875 -1 307.7864990234375 2897.35498046875 -1 919.80889892578125 2895.65234375 1792 2898.339599609375 2936.916015625 -1 1157.862060546875 2995.805419921875 -1 1658.9788818359375 3074.424560546875 -1 336.96676635742188 3113.91796875 -1 333.44265747070312 3194.7509765625 -1 252.71466064453125 3364.504150390625 -1 1859.108154296875 3395.8017578125 -1 1834.9755859375 3472.99658203125 -1 953.20465087890625 3565.780517578125 -1 1190.511962890625 2228.531494140625 1656 1237.1234130859375 2381.459228515625 1522 1237.1234130859375 2381.459228515625 1523 1090.6856689453125 2491.816162109375 1883 1350.05859375 2503.259765625 1790 1734.3828125 2502.333251953125 1751 1483.2633056640625 2512.02734375 1853 1483.2633056640625 2512.02734375 1791 737.291015625 2542.043212890625 1867 700.78228759765625 2636.584228515625 1854 1760.8277587890625 2694.150390625 -1 1634.0615234375 2722.853759765625 1752 1441.3592529296875 2742.034423828125 1753 440.91159057617188 2769.8271484375 -1 440.91159057617188 2769.8271484375 -1 1357.9384765625 2781.85888671875 -1 1357.9384765625 2781.85888671875 -1 880.606689453125 2802.36279296875 1701 1284.9466552734375 2851.6240234375 -1 1533.794189453125 2881.903564453125 -1 2790.028564453125 2962.665771484375 -1 1924.2659912109375 3497.80615234375 -1 1832.0701904296875 1321.060791015625 1795 1914.4027099609375 1433.447265625 1796 1080.2008056640625 2249.673095703125 1730 1112.201416015625 2354.615234375 1627 1236.667236328125 2384.892822265625 -1 1425.10009765625 2369.891845703125 1705 1631.994873046875 2719.287841796875 1856 1280.8941650390625 2855.913818359375 -1 447.7691650390625 2890.0712890625 1857 818.52923583984375 2914.373779296875 1807 506.94705200195312 3099.98876953125 -1 1730.9752197265625 3195.439697265625 -1 1868.2498779296875 3388.966064453125 -1 1616.7308349609375 1624.0821533203125 -1 883.89752197265625 2228.9375 -1 2219.06591796875 2335.404052734375 -1 1601.3643798828125 2528.65283203125 1757 1601.3643798828125 2528.65283203125 1859 980.283203125 2670.29052734375 1758 2421.386962890625 2203.1962890625 -1 1088.3538818359375 2792.7802734375 1868 1681.1353759765625 2955.17041015625 1969 1043.7451171875 2988.278076171875 1804 616.9443359375 3488.11767578125 1992 1453.6788330078125 1222.4171142578125 -1 2406.271728515625 2195.75048828125 -1 2368.42138671875 2570.856201171875 -1 1607.8065185546875 2620.189697265625 1861 621.04388427734375 2968.953857421875 -1 817.79412841796875 3098.965576171875 -1 454.1307373046875 3283.870849609375 1935 2242.75146484375 362.09112548828125 -1 2242.75146484375 362.09112548828125 -1 894.01617431640625 2729.99462890625 -1 1413.422119140625 3109.085693359375 -1 2190.425048828125 400.20303344726562 -1 1870.9447021484375 1753.4034423828125 1889 1870.9447021484375 1753.4034423828125 1864 1450.6063232421875 1985.1435546875 -1 2256.515869140625 2048.92919921875 -1 1363.9930419921875 2626.852294921875 -1 1188.084228515625 3205.869140625 1809 
38 0.44569975554857255 -0.060846551711500531 0.88739191213578872 0.10092085673809485 -2.6504589730483175 -0.13901382548455743 3.8045519463285187 38 img_041.jpg
2180.63720703125 1764.85302734375 -1 2162.074951171875 1826.31689453125 -1 2161.316650390625 1835.0155029296875 -1 2160.4912109375 1844.3935546875 -1 2149.211669921875 1902.855712890625 -1 2106.343505859375 2090.14404296875 -1 2091.64794921875 2144.744140625 -1 2033.6009521484375 2293.82470703125 -1 2024.6229248046875 2305.986083984375 -1 2005.7017822265625 2345.529296875 -1 1999.70361328125 2361.13330078125 -1 1938.509521484375 2469.013916015625 -1 1815.794677734375 2895.8447265625 -1 1826.0634765625 2904.224853515625 -1 1886.0230712890625 2948.665283203125 -1 1149.5533447265625 3055.46826171875 -1 2074.06298828125 2185.720703125 -1 2043.174072265625 2272.898193359375 -1 1934.7171630859375 2473.986572265625 -1 1430.6234130859375 2778.111083984375 -1 1145.1624755859375 3052.34375 -1 2066.419677734375 2218.44677734375 -1 2062.9814453125 2226.9130859375 -1 1950.3109130859375 2456.36376953125 -1 1281.44140625 2807.603759765625 -1 1158.1607666015625 3049.923095703125 -1 1419.1053466796875 2545.3115234375 -1 1814.6741943359375 1790.8740234375 -1 2929.136962890625 2951.9013671875 -1 1905.1282958984375 1375.779296875 -1 1331.9290771484375 2255.136962890625 -1 1248.9920654296875 2299.086181640625 -1 1519.7120361328125 2327.887451171875 1942 605.00811767578125 2897.357666015625 -1 1825.2132568359375 1480.2430419921875 -1 2163.26806640625 1639.1492919921875 -1 1780.2039794921875 1773.5108642578125 -1 1249.3228759765625 2299.331298828125 -1 1098.618896484375 2303.70947265625 -1 1519.1336669921875 2306.166748046875 1409 1517.9053955078125 2332.537353515625 1735 879.5455322265625 2412.99462890625 -1 1878.5333251953125 2617.765380859375 -1 1648.163818359375 2635.036865234375 -1 1815.3267822265625 2672.301513671875 -1 1809.60546875 1419.9078369140625 1893 1824.7294921875 1452.084716796875 1766 2165.826904296875 1697.500244140625 1873 1757.9058837890625 2116.042236328125 1838 1636.8343505859375 2160.445556640625 -1 1274.5653076171875 2268.2255859375 1874 1098.6495361328125 2376.7236328125 1839 1470.414306640625 2428.933349609375 1916 1470.414306640625 2428.933349609375 1917 1437.684814453125 2454.25390625 1712 1788.61669921875 2471.615234375 1739 1448.50537109375 2490.777587890625 1645 1727.7523193359375 2500.21533203125 1875 1400.5831298828125 2521.85302734375 1418 1400.5831298828125 2521.85302734375 1650 1615.6600341796875 2534.798828125 -1 939.58441162109375 2685.825927734375 1814 1217.5789794921875 2882.91259765625 -1 1976.3040771484375 1215.638916015625 -1 2103.437744140625 1633.5484619140625 -1 1653.505615234375 2257.549072265625 -1 1191.901123046875 2274.221435546875 1740 1107.693359375 2339.342529296875 -1 1160.361083984375 2377.606689453125 1816 1337.1732177734375 2444.688232421875 1783 1386.0556640625 2471.73583984375 1674 1872.6258544921875 2483.572265625 1780 1494.046630859375 2491.984619140625 -1 1494.046630859375 2491.984619140625 1777 1634.4864501953125 2596.44091796875 1840 1836.7467041015625 2699.926025390625 -1 1553.32080078125 2913.201171875 -1 896.80169677734375 3021.364501953125 -1 896.80169677734375 3021.364501953125 -1 764.3934326171875 3048.77685546875 -1 1822.2205810546875 3240.646728515625 -1 1976.069091796875 1215.419677734375 -1 1587.4085693359375 2187.12744140625 1843 1511.5028076171875 2189.7939453125 -1 1339.2437744140625 2438.849609375 1783 1257.189453125 2534.5888671875 1699 1788.230224609375 2541.475830078125 1845 1843.4737548828125 2598.04931640625 1747 1246.9873046875 2616.859619140625 1610 2696.29248046875 2815.734130859375 -1 2757.748046875 2854.03076171875 1877 1831.5772705078125 2879.13427734375 1748 1289.0423583984375 2929.26708984375 -1 2922.89111328125 2933.872802734375 -1 1874.6417236328125 2978.729248046875 -1 1858.5450439453125 3043.294921875 -1 1219.818603515625 3049.93994140625 1818 1878.4168701171875 3109.257080078125 -1 444.383056640625 3154.4296875 -1 357.92483520507812 3313.974365234375 -1 1960.1783447265625 3394.9609375 -1 2056.48193359375 1356.2911376953125 -1 2146.63623046875 1448.4224853515625 -1 2148.000244140625 1450.7098388671875 -1 1722.0555419921875 1604.2119140625 1900 2193.0322265625 1812.5091552734375 -1 1398.0963134765625 2198.1005859375 -1 1346.599609375 2286.41552734375 1866 1053.489013671875 2296.255615234375 1881 834.06292724609375 2401.16943359375 1849 1538.09619140625 2406.007080078125 1652 1616.8839111328125 2413.51171875 1960 1616.8839111328125 2413.51171875 1749 1928.6064453125 2428.910400390625 1745 767.52655029296875 2475.2021484375 1850 1653.0789794921875 2476.6328125 1635 1454.4503173828125 2757.556640625 -1 1454.4503173828125 2757.556640625 -1 2687.40576171875 2885.43603515625 -1 2986.819091796875 2896.051025390625 -1 1606.0384521484375 2976.290283203125 -1 1364.1014404296875 3001.4990234375 -1 1747.678466796875 3072.74951171875 1824 427.07550048828125 3081.44677734375 -1 427.07550048828125 3081.44677734375 -1 436.79437255859375 3156.38818359375 -1 1056.4537353515625 3544.79638671875 -1 1288.109375 2218.23388671875 -1 1332.2032470703125 2372.28662109375 1522 1183.585693359375 2479.09619140625 1883 1446.9910888671875 2496.526123046875 1790 1832.0819091796875 2495.306884765625 1751 1574.4534912109375 2506.99072265625 1853 850.0380859375 2526.14892578125 1867 809.24871826171875 2620.375732421875 1854 1867.6375732421875 2680.30810546875 -1 1536.773193359375 2734.2646484375 1753 529.0833740234375 2745.6162109375 1902 529.0833740234375 2745.6162109375 -1 977.88934326171875 2784.255126953125 1701 1404.0811767578125 2836.201416015625 -1 1404.0811767578125 2836.201416015625 -1 1020.759033203125 2876.00830078125 -1 1625.6134033203125 2875.1025390625 -1 2695.06787109375 2894.449462890625 -1 1937.60107421875 3470.92431640625 -1 2031.785400390625 3493.067626953125 -1 1203.632080078125 363.31280517578125 -1 1918.6429443359375 1306.2509765625 1795 1918.6429443359375 1306.2509765625 -1 2007.1282958984375 1421.93701171875 1796 996.0341796875 2218.844482421875 -1 2227.568359375 2328.542236328125 -1 1208.75341796875 2342.417236328125 1627 1519.1806640625 2365.1083984375 1705 949.4407958984375 2397.97509765625 -1 1727.01904296875 2711.60498046875 1856 527.5224609375 2745.5556640625 -1 527.5224609375 2745.5556640625 -1 916.20745849609375 2894.62841796875 1807 1822.375 3185.55224609375 -1 2039.251220703125 3494.54150390625 -1 2449.37548828125 2335.10107421875 1908 1692.937744140625 2516.005126953125 -1 1075.5682373046875 2654.277587890625 1758 1493.8853759765625 2954.156494140625 -1 1493.8853759765625 2954.156494140625 -1 1615.4305419921875 1203.618896484375 -1 1707.615478515625 1426.0577392578125 -1 1775.5118408203125 2952.878662109375 1760 1132.534423828125 2972.607421875 1804 702.26641845703125 3436.34912109375 1992 2645.1533203125 2195.44873046875 -1 2603.0322265625 2583.378662109375 -1 1709.6182861328125 2621.132568359375 -1 719.52520751953125 2941.391357421875 1761 911.30596923828125 3092.49365234375 -1 544.160888671875 3249.593017578125 -1 2477.899169921875 324.3609619140625 -1 2477.899169921875 324.3609619140625 1722 1625.6375732421875 1955.0286865234375 -1 1015.5371704101562 2703.876220703125 -1 1510.0164794921875 3111.871826171875 -1 2809.23046875 3099.416259765625 -1 1967.073974609375 1740.189453125 1889 1967.073974609375 1740.189453125 1864 1452.34326171875 2607.912841796875 -1 1541.0782470703125 3946.867919921875 1911 2444.06884765625 2040.681396484375 -1 852.810791015625 2115.0146484375 -1 1284.576904296875 3197.1318359375 -1 
37 0.42346821113084182 -0.055187233911500135 0.89807817637015219 0.10528358135295374 -2.9717803779906515 -0.12794379070979664 4.5724183015445048 37 img_040.jpg
1925.7152099609375 2015.8143310546875 -1 1923.8974609375 2025.738037109375 -1 1899.764404296875 2117.85205078125 -1 1758.6959228515625 2434.284423828125 -1 1761.281982421875 2436.551025390625 -1 1584.4522705078125 2807.76513671875 -1 1033.2310791015625 2907.7802734375 -1 1045.4996337890625 2911.957763671875 -1 1690.1885986328125 2971.0732421875 -1 905.86053466796875 3040.343017578125 -1 0.63749998807907104 0.63749998807907104 -1 0.63749998807907104 0.63749998807907104 -1 0.63749998807907104 0.63749998807907104 -1 0.63749998807907104 0.63749998807907104 -1 0.63749998807907104 0.63749998807907104 -1 0.63749998807907104 0.63749998807907104 -1 0.63749998807907104 0.63749998807907104 -1 0.63749998807907104 0.63749998807907104 -1 0.63749998807907104 0.63749998807907104 -1 0.63749998807907104 0.63749998807907104 -1 0.63749998807907104 0.63749998807907104 -1 0.63749998807907104 0.63749998807907104 -1 1.665820837020874 1.6657111644744873 -1 1.665820837020874 1.6657111644744873 -1 1581.8260498046875 1442.9498291015625 -1 1224.4619140625 2247.03955078125 -1 1137.5260009765625 2357.761474609375 1971 1086.5794677734375 2403.836669921875 1834 1137.583740234375 2455.9296875 1914 1066.5985107421875 2896.568115234375 -1 1000.4994506835938 3007.147216796875 -1 1701.8603515625 3044.6083984375 1836 1659.6904296875 1372.1077880859375 -1 1872.697021484375 1378.2928466796875 1913 1586.2789306640625 1407.76904296875 1893 899.49365234375 2299.544921875 -1 1313.53076171875 2303.754150390625 1945 1304.979248046875 2330.9951171875 1735 1363.0687255859375 2331.7685546875 -1 1246.89111328125 2374.5166015625 1894 688.56732177734375 2413.85400390625 1871 731.07672119140625 2617.338134765625 1915 1601.4766845703125 2673.4150390625 1835 1071.4930419921875 2886.197998046875 -1 673.0042724609375 2976.689208984375 -1 673.0042724609375 2976.689208984375 -1 1000.6458129882812 3005.4462890625 -1 1109.67138671875 3019.506591796875 -1 1981.4478759765625 1574.794677734375 -1 1937.654541015625 1637.0440673828125 -1 1072.06591796875 2264.57666015625 1874 1452.9228515625 2265.0185546875 -1 900.034912109375 2372.126953125 1839 926.95831298828125 2409.486328125 -1 1255.377197265625 2425.222412109375 -1 1255.377197265625 2425.222412109375 -1 1223.4564208984375 2451.08154296875 1712 1233.1025390625 2488.99365234375 1645 1233.1025390625 2488.99365234375 -1 1506.099365234375 2491.015625 1737 1185.4090576171875 2517.963623046875 1949 1185.4090576171875 2517.963623046875 1650 731.42608642578125 2676.74169921875 1814 1573.9520263671875 2818.198486328125 -1 1041.4654541015625 2896.01220703125 -1 1933.781005859375 1686.6483154296875 1873 1237.02978515625 2303.62548828125 -1 913.73248291015625 2331.103759765625 -1 913.73248291015625 2331.103759765625 -1 958.19293212890625 2367.871337890625 -1 1523.7451171875 2424.320068359375 -1 1123.83203125 2442.72900390625 1896 1572.3046875 2465.060791015625 1739 1170.67041015625 2468.542724609375 1674 1560.39892578125 2539.67626953125 1845 1414.635009765625 2591.71875 1840 1032.40966796875 2610.042236328125 -1 1298.40576171875 2807.4521484375 -1 392.77667236328125 2874.466552734375 1918 381.40203857421875 2919.450927734375 -1 1343.0699462890625 2914.56640625 1842 697.99017333984375 3002.968994140625 -1 697.99017333984375 3002.968994140625 1937 860.39239501953125 3109.822998046875 -1 860.39239501953125 3109.822998046875 -1 1563.3226318359375 3217.3466796875 -1 1746.6436767578125 1203.7786865234375 -1 1306.7520751953125 2188.11572265625 -1 1315.8770751953125 2250.8310546875 1714 1214.322021484375 2399.532958984375 -1 1125.2952880859375 2439.380859375 1783 1661.1748046875 2483.029541015625 1780 1278.8785400390625 2493.3876953125 1897 1041.0010986328125 2530.220703125 1699 1099.0130615234375 2561.3125 1788 1417.5556640625 2589.406005859375 -1 1620.688720703125 2712.556640625 -1 1619.9146728515625 2874.29638671875 -1 1255.1732177734375 2897.728271484375 -1 1662.5736083984375 2977.252197265625 1846 204.58670043945312 3067.08984375 -1 204.58670043945312 3067.08984375 -1 1642.434814453125 3233.33837890625 -1 1715.6895751953125 3326.22119140625 -1 1823.8861083984375 1351.548828125 -1 1476.6549072265625 1599.9232177734375 1900 1989.551513671875 1795.722900390625 -1 1196.41748046875 2196.251953125 -1 1123.7691650390625 2289.69970703125 -1 854.4208984375 2292.715576171875 1881 1104.7901611328125 2356.523193359375 -1 640.28759765625 2399.76953125 -1 1322.103271484375 2402.506103515625 1652 1399.8157958984375 2410.18212890625 1960 1399.8157958984375 2410.18212890625 1749 571.0836181640625 2470.404296875 1850 1432.7315673828125 2472.698974609375 1955 971.9129638671875 2475.032470703125 1883 1631.517822265625 2593.692138671875 1747 607.53948974609375 2604.428955078125 -1 1319.22119140625 2721.746337890625 -1 1237.408203125 2740.794189453125 -1 765.17974853515625 2774.818115234375 1962 1461.486572265625 2788.343505859375 1921 1085.1761474609375 2835.364990234375 -1 1390.6583251953125 2976.083984375 1690 1006.3997802734375 3042.299072265625 1818 1640.983642578125 3045.47314453125 -1 1527.335693359375 3070.864501953125 -1 1644.910888671875 3294.072021484375 -1 1922.4237060546875 1445.12841796875 1941 1055.8502197265625 2223.5341796875 1959 755.0716552734375 2387.161865234375 1924 1723.4085693359375 2422.19580078125 -1 1240.4287109375 2492.713623046875 2020 1354.6005859375 2507.9033203125 1930 1354.6005859375 2507.9033203125 1931 649.264404296875 2518.377197265625 1961 289.21914672851562 2729.189208984375 1925 289.21914672851562 2729.189208984375 -1 1230.5048828125 2823.775634765625 -1 1298.831787109375 2958.4833984375 -1 1187.074951171875 2982.78515625 -1 190.66552734375 3147.29736328125 -1 879.280517578125 3553.932861328125 -1 1194.04931640625 358.74005126953125 -1 1701.2445068359375 1293.2978515625 -1 1701.2445068359375 1293.2978515625 -1 1766.121826171875 1415.7734375 -1 991.615966796875 2343.03076171875 -1 1305.672607421875 2367.662109375 1933 501.71176147460938 2495.400634765625 -1 1475.1832275390625 2502.293701171875 -1 1616.6173095703125 2493.403564453125 1751 860.10430908203125 2647.726806640625 1758 1511.3424072265625 2707.987548828125 1856 706.01971435546875 2882.429931640625 1807 1184.39697265625 2977.908203125 -1 2715.4306640625 3008.31884765625 -1 1014.06396484375 3058.846435546875 -1 1632.2181396484375 3180.013671875 -1 1864.3446044921875 3493.936279296875 -1 2454.9208984375 2332.958740234375 1908 1513.533935546875 1388.0826416015625 -1 2671.082275390625 2199.839599609375 -1 1175.8253173828125 2885.296875 -1 1556.90234375 2946.232421875 1969 915.00872802734375 2962.99462890625 1804 1609.63037109375 3352.591796875 -1 485.0953369140625 3402.55419921875 -1 2657.494140625 2193.75732421875 -1 1759.8153076171875 2584.324462890625 -1 2608.30810546875 2593.8916015625 -1 1495.9332275390625 2633.439697265625 -1 511.656005859375 2919.31884765625 -1 2786.87548828125 3129.124755859375 -1 2523.466552734375 268.60543823242188 1906 2523.466552734375 268.60543823242188 1936 368.07577514648438 2551.19482421875 1828 684.86395263671875 3091.15869140625 1934 2809.07958984375 3175.7587890625 -1 320.37518310546875 3226.704833984375 -1 1411.31884765625 1961.326904296875 -1 2060.60546875 2128.26025390625 -1 1301.2364501953125 3141.500244140625 -1 2525.367431640625 3172.463623046875 -1 2460.08642578125 342.1654052734375 -1 1752.001220703125 1730.0269775390625 1889 1752.001220703125 1730.0269775390625 1864 1369.2607421875 1971.2686767578125 -1 1199.00634765625 2601.171875 -1 1321.8602294921875 3932.453125 1911 2383.149169921875 2035.0184326171875 -1 1091.422607421875 3201.677490234375 -1 
36 0.35959647288230623 -0.056351797098704054 0.92682075667771102 0.09229375193211399 -3.0905480593527437 0.092053915718603996 5.6047804429845796 36 img_037.jpg
1987.6854248046875 1911.52880859375 -1 1986.52783203125 1921.291259765625 -1 1550.843505859375 1991.7967529296875 -1 1587.3858642578125 2016.788818359375 -1 1934.1270751953125 2281.65185546875 -1 1930.8212890625 2295.105224609375 -1 1923.692138671875 2330.068359375 -1 1904.127197265625 2394.59375 -1 1899.0120849609375 2400.861572265625 -1 1901.174560546875 2404.121337890625 -1 1417.3447265625 2410.953369140625 -1 1894.8173828125 2422.49072265625 -1 1890.84765625 2432.858154296875 -1 1886.4654541015625 2436.508544921875 -1 1128.5863037109375 2476.20166015625 -1 1106.7900390625 2479.201416015625 -1 1342.143798828125 2482.3447265625 -1 1847.517333984375 2537.9990234375 -1 1304.303466796875 2613.285400390625 -1 1357.5616455078125 2627.955078125 -1 1687.1591796875 3194.586181640625 -1 1931.9788818359375 2288.3681640625 -1 1926.5224609375 2309.92822265625 -1 1273.8514404296875 2435.40283203125 -1 1169.9517822265625 2459.96826171875 -1 1120.753173828125 2477.1826171875 -1 1095.7467041015625 2479.403564453125 -1 1612.9759521484375 2037.48974609375 -1 1899.27294921875 2412.33984375 -1 1187.9786376953125 2527.114501953125 -1 1613.594482421875 2036.9246826171875 -1 1341.9783935546875 2433.09912109375 -1 1266.25439453125 2428.03564453125 -1 1183.6802978515625 2547.835205078125 1971 1258.72265625 2661.18017578125 -1 1099.384033203125 3085.944091796875 -1 1280.5662841796875 2439.47802734375 -1 1209.9664306640625 2457.0322265625 -1 1079.908203125 2492.768798828125 -1 1340.2791748046875 2519.809814453125 1942 1386.539306640625 2522.576416015625 1943 1131.8280029296875 2595.63671875 1834 1520.6854248046875 2761.859375 1994 1432.90966796875 2816.8525390625 -1 1665.063720703125 1538.601806640625 -1 1837.725341796875 1621.4532470703125 1913 1572.26318359375 1989.1307373046875 -1 1240.3795166015625 2474.954833984375 -1 1344.6795654296875 2499.1435546875 1945 1178.1168212890625 2644.0234375 1914 1229.1776123046875 2743.30615234375 1672 1229.1776123046875 2743.30615234375 1973 808.10400390625 2789.343505859375 1915 1162.88623046875 3085.6416015625 -1 1159.7042236328125 3181.2861328125 -1 1159.7042236328125 3181.2861328125 -1 1664.9967041015625 1488.679931640625 -1 1341.526611328125 2468.186767578125 1670 1483.3179931640625 2474.406005859375 -1 977.35089111328125 2564.249267578125 1839 1281.023681640625 2613.7255859375 1916 1281.023681640625 2613.7255859375 1917 1252.7955322265625 2641.26318359375 1712 1207.7921142578125 2654.17041015625 1674 1220.070068359375 2705.54736328125 1949 1220.070068359375 2705.54736328125 1650 806.65155029296875 2845.258544921875 1814 1637.76513671875 2958.69189453125 -1 1594.583740234375 1550.8458251953125 -1 1624.2825927734375 1581.9759521484375 -1 1560.45458984375 1682.8818359375 -1 1463.4649658203125 1837.52783203125 1976 1050.3985595703125 2466.07958984375 1996 996.26324462890625 2521.0927734375 -1 996.26324462890625 2521.0927734375 -1 1016.4798583984375 2593.701904296875 -1 1086.00390625 2713.991943359375 1977 1119.1103515625 2748.973388671875 1978 990.9710693359375 2764.450439453125 -1 1425.1307373046875 2779.384033203125 1979 1614.2623291015625 2866.947021484375 -1 1527.2906494140625 2970.96435546875 1975 504.91647338867188 3020.696533203125 1918 1642.5701904296875 3068.48193359375 2000 777.0230712890625 3152.9892578125 -1 777.0230712890625 3152.9892578125 1937 1166.367919921875 3178.47509765625 -1 1117.4620361328125 3189.42333984375 -1 1678.20654296875 3405.609375 -1 1792.7967529296875 3556.1162109375 -1 1459.275390625 1837.21337890625 1900 1957.663330078125 1929.58349609375 -1 1331.697021484375 2397.943115234375 -1 1248.85302734375 2400.84521484375 -1 1248.85302734375 2400.84521484375 -1 1348.8104248046875 2459.102783203125 -1 1153.540771484375 2488.601806640625 1744 996.21160888671875 2521.202880859375 -1 996.21160888671875 2521.202880859375 -1 743.3179931640625 2584.02734375 1985 1245.7745361328125 2594.031982421875 1920 1348.8065185546875 2598.27490234375 1652 1441.05419921875 2664.018798828125 1955 1680.7142333984375 2681.197021484375 1780 1428.1917724609375 2776.332275390625 -1 1651.7703857421875 2887.83935546875 -1 776.4862060546875 2901.798828125 1817 776.4862060546875 2901.798828125 1981 1480.6551513671875 2970.831787109375 1921 1636.6534423828125 3004.41259765625 1999 456.81878662109375 3060.681396484375 -1 1123.774169921875 3071.613525390625 -1 291.77035522460938 3196.6396484375 1957 1112.992919921875 3192.359619140625 -1 938.2965087890625 3267.153564453125 1984 1619.8057861328125 3379.23046875 -1 1679.003173828125 3458.103759765625 -1 1124.6771240234375 2431.779541015625 -1 944.1531982421875 2482.23193359375 1980 1149.249267578125 2544.993408203125 -1 843.0794677734375 2574.719482421875 1924 1419.540283203125 2603.882080078125 1960 665.1695556640625 2656.405517578125 -1 1031.8238525390625 2661.57470703125 -1 735.94805908203125 2698.217041015625 1961 361.14361572265625 2879.039794921875 1925 361.14361572265625 2879.039794921875 1902 1351.0927734375 2907.13671875 1986 1274.8446044921875 2926.11279296875 1982 835.1893310546875 2938.00732421875 1962 1082.098388671875 3129.445068359375 1987 1433.305419921875 3154.78076171875 1983 1672.6558837890625 3150.995361328125 1846 1276.530029296875 3159.214111328125 -1 1039.0987548828125 3206.2333984375 2002 1653.407470703125 3224.990478515625 1988 302.90377807617188 3262.460693359375 -1 675.19683837890625 3473.33837890625 -1 1723.3209228515625 3540.6572265625 -1 1802.2728271484375 1720.1395263671875 2016 1802.2728271484375 1720.1395263671875 -1 1523.960693359375 1920.7042236328125 -1 2002.932861328125 2010.0657958984375 -1 1264.7161865234375 2475.025146484375 -1 649.13421630859375 2661.537841796875 -1 1275.445068359375 2681.000244140625 1989 1275.445068359375 2681.000244140625 1790 1372.53857421875 2699.7822265625 1930 1372.53857421875 2699.7822265625 1931 1642.81884765625 2786.72998046875 -1 1723.4918212890625 2812.815185546875 -1 902.2413330078125 2828.221435546875 -1 1614.4659423828125 2991.314697265625 -1 1191.136474609375 3010.8330078125 -1 2958.2900390625 3406.064453125 -1 973.817626953125 3730.2255859375 -1 2144.937744140625 1126.81982421875 2070 2131.809814453125 1249.818603515625 2004 1900.170166015625 1555.5687255859375 -1 1594.033447265625 1655.4249267578125 -1 1770.4315185546875 1702.16015625 -1 1895.0777587890625 1686.22607421875 1941 1435.3580322265625 1840.6485595703125 -1 1530.061767578125 1920.5555419921875 -1 1022.4437866210938 2533.641845703125 1990 1331.1912841796875 2565.96240234375 1933 620.73907470703125 2673.7333984375 -1 382.47659301757812 2994.128173828125 -1 776.28582763671875 3037.673095703125 1807 1046.2342529296875 3219.7744140625 -1 1694.36181640625 3343.52685546875 -1 2955.927978515625 3420.627685546875 -1 1740.7928466796875 1549.3555908203125 -1 1740.7928466796875 1549.3555908203125 -1 2516.795166015625 2534.780517578125 2074 870.85595703125 2691.01318359375 -1 955.85650634765625 3122.479248046875 2048 1448.7108154296875 3850.376953125 -1 2939.833251953125 2066.46923828125 -1 2972.189208984375 2392.779052734375 -1 2780.670654296875 2535.511962890625 -1 2209.226318359375 2555.215576171875 -1 1530.2275390625 2847.468505859375 -1 607.72039794921875 3054.216064453125 -1 1242.049072265625 3075.987548828125 -1 1566.076904296875 3128.333740234375 2007 2184.4140625 2568.435791015625 -1 510.7901611328125 2741.760498046875 -1 2884.97607421875 2837.728515625 -1 732.71466064453125 3229.79541015625 -1 1368.075439453125 3252.348876953125 -1 558.01446533203125 3518.707763671875 -1 1502.885498046875 2166.190185546875 1892 415.80026245117188 3333.50830078125 1935 2752.64599609375 478.95172119140625 1936 2090.162841796875 2316.0498046875 -1 1155.465576171875 2823.0283203125 -1 2383.962890625 1329.9613037109375 -1 1753.6771240234375 1955.904541015625 1889 1753.6771240234375 1955.904541015625 1864 2147.03076171875 2285.21875 -1 915.79583740234375 1184.72265625 -1 535.64739990234375 1838.22265625 -1 535.64739990234375 1838.22265625 -1 2530.496826171875 2185.892822265625 -1 
35 0.35137099906604941 -0.053663143829795881 0.93016828112980088 0.091900254567987005 -3.2666598216274982 0.10804393686232935 5.6529717667599177 35 img_036.jpg
0.63749998807907104 0.63749998807907104 -1 0.63749998807907104 0.63749998807907104 -1 0.63749998807907104 0.63749998807907104 -1 0.63749998807907104 0.63749998807907104 -1 0.63749998807907104 0.63749998807907104 -1 0.63749998807907104 0.63749998807907104 -1 1770.234375 2428.15576171875 -1 946.00048828125 2489.5185546875 -1 1509.608642578125 3093.708740234375 -1 1779.6162109375 2417.401123046875 -1 946.06890869140625 2489.269775390625 -1 1212.14208984375 2441.869384765625 -1 1046.4140625 2657.2490234375 -1 1046.2274169921875 2476.928466796875 -1 1054.59423828125 2556.010009765625 1971 1497.37841796875 1510.3763427734375 -1 1497.37841796875 1510.3763427734375 -1 1157.829833984375 2444.936279296875 -1 1210.138427734375 2527.732666015625 1942 1253.9161376953125 2528.455078125 1943 1169.84130859375 2564.979736328125 -1 1000.9812622070312 2602.949951171875 1834 1031.6173095703125 2671.52392578125 -1 1126.96044921875 2673.5126953125 -1 946.06744384765625 3062.678466796875 -1 1497.2138671875 1511.25537109375 -1 1497.2138671875 1511.25537109375 -1 1516.720947265625 1532.5185546875 -1 1695.0614013671875 1610.87939453125 1995 1247.68359375 2433.16650390625 -1 1085.455810546875 2466.492431640625 -1 1214.6690673828125 2507.253173828125 1945 807.403564453125 2549.944580078125 -1 1127.703369140625 2680.479736328125 -1 1127.703369140625 2680.479736328125 1972 1096.5372314453125 2751.86328125 1672 1096.5372314453125 2751.86328125 1973 684.30322265625 2800.95947265625 1915 690.44390869140625 3133.43701171875 -1 1518.5140380859375 1482.26220703125 1974 1478.4605712890625 1578.496337890625 -1 1478.4605712890625 1578.496337890625 -1 1395.9659423828125 1714.5126953125 -1 1167.94384765625 2493.037353515625 -1 852.1820068359375 2573.03857421875 1839 1148.1824951171875 2569.334228515625 1997 1148.3673095703125 2621.91845703125 1916 1148.3673095703125 2621.91845703125 1917 1121.08642578125 2650.02734375 1712 1434.539794921875 2656.89501953125 -1 1413.3157958984375 2691.951171875 -1 1413.3157958984375 2691.951171875 -1 1088.55517578125 2714.60498046875 1949 681.50250244140625 2854.629150390625 1814 1492.335693359375 2873.1201171875 -1 1470.0784912109375 2959.307373046875 -1 1401.0325927734375 2980.8740234375 1975 1038.29833984375 3191.44580078125 -1 1310.2799072265625 1838.86767578125 1976 1466.0814208984375 2008.602294921875 -1 926.896728515625 2474.081787109375 1996 895.1510009765625 2600.731689453125 -1 978.87176513671875 2678.970703125 -1 952.21453857421875 2725.333984375 1977 985.8682861328125 2758.20166015625 1978 1289.5355224609375 2789.765625 1979 1517.2568359375 2897.0361328125 -1 383.62255859375 3030.271484375 1918 657.30126953125 3161.07763671875 -1 993.04278564453125 3198.861083984375 -1 1576.87353515625 3418.78662109375 -1 1640.1895751953125 3500.964111328125 -1 1822.649169921875 1929.7872314453125 -1 1125.6246337890625 2408.817138671875 -1 1207.3826904296875 2403.37890625 -1 824.96832275390625 2489.600341796875 1980 877.60870361328125 2528.4853515625 -1 877.60870361328125 2528.4853515625 -1 1741.57763671875 2564.820068359375 -1 1114.2041015625 2602.602783203125 1920 1215.629150390625 2608.053955078125 1652 1692.0775146484375 2668.157470703125 -1 1306.177734375 2671.9150390625 1955 1170.5467529296875 2692.48193359375 1897 652.29241943359375 2910.83740234375 1817 652.29241943359375 2910.83740234375 1981 1150.9996337890625 2939.14111328125 1982 1150.9996337890625 2939.14111328125 1998 1531.424072265625 3016.99853515625 1999 1527.8194580078125 3082.22998046875 2000 1295.7574462890625 3170.56982421875 1983 156.51400756835938 3205.6982421875 1957 988.77276611328125 3201.513671875 -1 813.61822509765625 3279.343505859375 1984 397.43991088867188 3399.7431640625 -1 1643.0771484375 3500.146728515625 -1 1005.0890502929688 2436.744873046875 1959 721.90380859375 2581.83837890625 1924 624.95843505859375 2588.93017578125 1985 1285.3583984375 2612.7373046875 1960 552.39727783203125 2660.380126953125 1850 901.45086669921875 2671.884765625 -1 1550.5592041015625 2690.746337890625 1780 614.71636962890625 2707.239501953125 1961 1231.65673828125 2805.957763671875 -1 1587.686279296875 2823.06884765625 -1 222.50010681152344 2887.804931640625 1925 1219.4921875 2919.33349609375 1986 708.50030517578125 2947.8359375 1962 1346.0755615234375 2982.486328125 1921 1013.0186157226562 3083.454833984375 -1 958.591552734375 3138.455078125 1987 958.591552734375 3138.455078125 -1 1545.713623046875 3163.459228515625 1846 1171.22998046875 3173.034423828125 -1 909.46343994140625 3215.56298828125 2002 1523.40673828125 3239.034423828125 1988 154.60722351074219 3277.332763671875 -1 1504.67626953125 3395.68310546875 -1 1568.685791015625 3480.974609375 -1 1620.3612060546875 3561.81494140625 -1 1659.6202392578125 1717.1356201171875 2016 79.116813659667969 2504.1474609375 -1 1032.064208984375 2561.79736328125 -1 1144.083251953125 2689.184814453125 1989 1144.083251953125 2689.184814453125 1790 1238.5455322265625 2708.57958984375 1930 1238.5455322265625 2708.57958984375 1931 1515.66259765625 2797.85205078125 -1 1085.3963623046875 3019.37060546875 -1 1259.7171630859375 3038.533203125 -1 725.62042236328125 3209.072021484375 2001 148.47280883789062 3278.85009765625 -1 1554.811279296875 3328.1806640625 -1 571.78131103515625 3487.845458984375 -1 867.8582763671875 3750.05322265625 -1 2135.1201171875 1110.850830078125 2003 2110.52099609375 1240.9425048828125 2004 1763.464111328125 1549.6939697265625 -1 1453.4122314453125 1648.181640625 2031 1753.06298828125 1680.9237060546875 1941 903.45391845703125 2541.50048828125 1990 1352.863525390625 2693.96142578125 -1 1611.0062255859375 2818.920654296875 -1 232.81591796875 3005.01904296875 -1 651.81427001953125 3047.8447265625 1807 1264.20654296875 3042.944580078125 -1 868.60382080078125 3751.74169921875 -1 1597.79736328125 1543.9586181640625 -1 1597.79736328125 1543.9586181640625 -1 2502.10302734375 2530.790283203125 2006 729.7060546875 2707.634033203125 -1 825.16522216796875 3133.1240234375 2048 627.53155517578125 3483.5595703125 -1 1910.450927734375 1389.580810546875 -1 2943.36669921875 2053.284912109375 -1 2983.420654296875 2385.611572265625 -1 2791.446533203125 2535.177978515625 -1 2200.748046875 2549.905517578125 -1 1997.052001953125 2564.0283203125 -1 1400.0924072265625 2868.575439453125 -1 485.2149658203125 3063.04296875 -1 1128.808349609375 3095.72802734375 -1 1434.828369140625 3144.9921875 -1 1252.54248046875 3259.86669921875 -1 372.84716796875 2764.4296875 -1 1401.5589599609375 2853.40234375 -1 604.934326171875 3236.150634765625 1934 432.73117065429688 3523.711669921875 -1 1376.3543701171875 2173.89111328125 -1 1927.5643310546875 2346.76171875 -1 289.78497314453125 3335.783447265625 1935 2749.49169921875 439.01416015625 -1 1020.2814331054688 2841.01318359375 -1 2674.146240234375 492.691650390625 -1 2308.14111328125 1343.520751953125 -1 1618.2337646484375 1945.559814453125 -1 1618.2337646484375 1945.559814453125 -1 885.05633544921875 1170.64404296875 -1 449.58950805664062 1832.9066162109375 -1 2473.367431640625 2180.665771484375 -1 
34 0.30757410131224749 -0.047615139075477451 0.94557501751989403 0.094967662786015886 -3.5812305608580917 0.11813927974083278 5.85234802819613 34 img_035.jpg
1573.5093994140625 2473.37353515625 -1 773.0311279296875 2496.276611328125 -1 1568.4508056640625 2498.301513671875 -1 736.822998046875 2500.384765625 -1 1520.8516845703125 2597.26318359375 -1 1509.410888671875 2630.48486328125 -1 1451.0926513671875 2728.63671875 -1 1398.150634765625 2789.221435546875 -1 1405.541015625 2788.87548828125 -1 4.9956612586975098 2850.88427734375 -1 35.686672210693359 2863.80126953125 -1 209.28970336914062 3049.984130859375 -1 1319.5748291015625 3128.94482421875 -1 1339.8822021484375 3154.998046875 -1 1606.4605712890625 2348.2744140625 -1 1580.4678955078125 2461.82568359375 -1 1566.314697265625 2505.591796875 -1 1524.9852294921875 2596.3837890625 -1 1518.0584716796875 2611.797607421875 -1 1428.394775390625 2757.26953125 -1 5.3667163848876953 2854.9951171875 -1 139.47590637207031 3040.027587890625 -1 1201.0626220703125 2026.6712646484375 -1 1535.2396240234375 2577.671142578125 -1 1535.9027099609375 2577.852783203125 -1 1004.9190673828125 2453.815185546875 -1 997.12152099609375 2440.837646484375 -1 966.19024658203125 2453.302978515625 -1 1000.6401977539062 2536.041748046875 1942 1021.6500854492188 2555.520751953125 -1 849.935546875 2566.19970703125 1971 983.9627685546875 2657.51123046875 2033 1266.27783203125 1515.9610595703125 -1 1480.117919921875 1567.4185791015625 -1 1006.0748291015625 2519.057861328125 1945 1037.0421142578125 2539.66943359375 1943 836.60296630859375 2662.078125 1914 911.6978759765625 2687.156982421875 -1 911.6978759765625 2687.156982421875 -1 1150.632080078125 2788.4287109375 1994 1062.2564697265625 2841.58740234375 -1 65.34320068359375 3024.361328125 -1 759.3223876953125 3064.57568359375 -1 508.31192016601562 3141.38818359375 -1 1248.29052734375 1496.6641845703125 -1 940.31060791015625 2485.13037109375 -1 865.32025146484375 2666.77783203125 -1 826.868896484375 2684.849609375 -1 912.0693359375 2690.709716796875 1972 1382.3704833984375 2987.36083984375 -1 1304.9725341796875 3068.00634765625 -1 1267.9344482421875 1465.87646484375 1974 1226.1334228515625 1571.9832763671875 -1 1226.1334228515625 1571.9832763671875 -1 1449.50048828125 1594.552734375 1995 1136.1220703125 1703.2672119140625 -1 1055.5155029296875 2445.408447265625 -1 1055.5155029296875 2445.408447265625 -1 741.4996337890625 2483.531005859375 1996 1031.240478515625 2493.067138671875 -1 664.6463623046875 2577.98046875 -1 935.37066650390625 2580.767822265625 1997 932.81939697265625 2633.8046875 1916 904.99462890625 2661.969482421875 1712 873.8323974609375 2725.1259765625 1949 873.8323974609375 2725.1259765625 1650 1194.6102294921875 2751.645751953125 -1 881.450439453125 2763.37158203125 1973 881.450439453125 2763.37158203125 1672 648.629150390625 2779.652587890625 -1 501.31021118164062 2800.23681640625 1915 685.03656005859375 2812.333740234375 2008 495.68093872070312 2856.500244140625 1814 1305.03173828125 3061.308837890625 -1 1228.6334228515625 1615.2691650390625 -1 1144.9720458984375 1668.4920654296875 -1 1028.70947265625 1835.6859130859375 1976 978.36700439453125 2478.873046875 -1 540.12359619140625 2603.60400390625 -1 540.12359619140625 2603.60400390625 -1 1070.8167724609375 2683.715576171875 1955 836.58721923828125 2688.819091796875 2010 1179.876708984375 2705.55029296875 -1 1058.40283203125 2803.178955078125 1979 1177.60693359375 3000.72705078125 1975 215.25601196289062 3025.708984375 -1 474.88687133789062 3158.550537109375 1937 1357.4798583984375 3314.759521484375 -1 1433.859130859375 3461.75390625 -1 713.320556640625 3765.57568359375 -1 1390.181396484375 1484.0025634765625 -1 1145.7471923828125 1669.6822509765625 -1 1231.52197265625 2015.8424072265625 -1 1022.359619140625 2404.350830078125 -1 665.54718017578125 2487.806884765625 -1 901.42822265625 2615.019287109375 1920 587.88519287109375 2621.93017578125 -1 996.9871826171875 2620.247802734375 2036 704.4107666015625 2737.58642578125 2011 1404.852783203125 2755.717529296875 -1 772.8436279296875 2768.36279296875 1978 1353.8316650390625 2858.634521484375 -1 465.166748046875 2913.509033203125 1817 465.166748046875 2913.509033203125 1981 941.228271484375 2955.546142578125 1982 941.228271484375 2955.546142578125 1998 1127.112548828125 2998.88525390625 1921 214.07603454589844 3019.64453125 -1 621.05120849609375 3280.993408203125 1984 1482.2821044921875 3532.0927734375 -1 1531.44287109375 3628.69482421875 -1 929.54400634765625 3797.349609375 -1 1491.4097900390625 1897.7730712890625 2067 62.360889434814453 2331.085693359375 -1 852.330810546875 2436.41357421875 -1 900.51861572265625 2498.787109375 2030 824.8775634765625 2565.92626953125 2014 473.09912109375 2579.158203125 -1 1061.4254150390625 2624.634033203125 1715 407.24163818359375 2647.890869140625 -1 438.52337646484375 2710.92236328125 1961 1329.62451171875 2711.699462890625 2040 1011.4431762695312 2731.857177734375 -1 1011.4431762695312 2731.857177734375 -1 1012.928955078125 2830.683349609375 -1 1006.4855346679688 2938.5703125 -1 519.03924560546875 2948.76171875 1962 935.2830810546875 3018.533203125 -1 935.2830810546875 3018.533203125 -1 1379.519775390625 3036.07373046875 1999 101.80134582519531 3058.42138671875 -1 1351.623291015625 3111.23681640625 -1 1327.6002197265625 3188.598388671875 1846 1327.6002197265625 3188.598388671875 -1 530.1336669921875 3206.30859375 2001 692.51885986328125 3223.233642578125 -1 1300.760498046875 3265.901611328125 1988 1397.2122802734375 1709.2777099609375 2016 1089.4517822265625 1921.9805908203125 -1 68.097679138183594 2321.90380859375 -1 232.78535461425781 2505.100830078125 -1 542.93487548828125 2529.3076171875 -1 718.99041748046875 2545.87353515625 1990 1793.027099609375 2565.893798828125 -1 1574.4461669921875 2576.9833984375 2018 75.206596374511719 2629.588134765625 -1 732.9266357421875 2672.45556640625 -1 927.414306640625 2702.71484375 1989 927.414306640625 2702.71484375 2020 1046.2916259765625 3065.684814453125 -1 851.4803466796875 3098.433837890625 -1 851.4803466796875 3098.433837890625 -1 756.6336669921875 3142.201904296875 1987 756.6336669921875 3142.201904296875 -1 914.05706787109375 3178.486328125 2021 173.13270568847656 3384.667724609375 -1 1579.08544921875 603.5977783203125 -1 2270.801513671875 1084.892333984375 2070 2241.00146484375 1220.87890625 -1 1987.53564453125 1243.7733154296875 -1 1589.5838623046875 1949.015380859375 -1 3047.637451171875 2285.829345703125 -1 97.378044128417969 2457.92431640625 -1 83.358795166015625 2643.267578125 -1 1124.9647216796875 2705.92431640625 2005 1321.743896484375 2989.47802734375 -1 462.61416625976562 3048.935791015625 1807 1072.2279052734375 3267.198974609375 2022 0.63749998807907104 0.63749998807907104 -1 0.63749998807907104 0.63749998807907104 -1 0.63749998807907104 0.63749998807907104 -1 0.63749998807907104 0.63749998807907104 -1 0.63749998807907104 0.63749998807907104 -1 0.63749998807907104 0.63749998807907104 -1 0.63749998807907104 0.63749998807907104 -1 0.63749998807907104 0.63749998807907104 -1 0.63749998807907104 0.63749998807907104 -1 2645.16650390625 2545.691162109375 2074 1179.9918212890625 2893.29052734375 2032 1213.18212890625 3163.158447265625 2007 2045.1644287109375 1383.007080078125 -1 403.14340209960938 3228.48876953125 1934 1173.036376953125 1862.99560546875 2027 1164.394287109375 2198.284912109375 -1 175.54789733886719 2348.024658203125 -1 175.54789733886719 2348.024658203125 -1 251.78457641601562 3523.5263671875 -1 251.78457641601562 3523.5263671875 -1 294.40658569335938 617.3447265625 -1 1124.9896240234375 2234.094482421875 -1 1753.8206787109375 2408.12353515625 -1 800.08123779296875 2887.0400390625 -1 348.57769775390625 646.400634765625 -1 1062.796875 2275.363525390625 -1 1808.634521484375 2341.154052734375 2052 1382.5272216796875 1915.49755859375 2028 1382.5272216796875 1915.49755859375 2051 2403.4482421875 1343.1180419921875 -1 591.01043701171875 2306.759033203125 -1 
33 0.28382690729323184 -0.048339431402533127 0.95297550610970438 0.094568868149046983 -3.8799201260557634 0.11576424162431556 5.9284706936868865 33 img_034.jpg
0.63749998807907104 0.63749998807907104 -1 0.63749998807907104 0.63749998807907104 -1 0.63749998807907104 0.63749998807907104 -1 0.63749998807907104 0.63749998807907104 -1 0.63749998807907104 0.63749998807907104 -1 0.63749998807907104 0.63749998807907104 -1 0.63749998807907104 0.63749998807907104 -1 0.63749998807907104 0.63749998807907104 -1 0.63749998807907104 0.63749998807907104 -1 0.63749998807907104 0.63749998807907104 -1 0.63749998807907104 0.63749998807907104 -1 0.63749998807907104 0.63749998807907104 -1 0.63749998807907104 0.63749998807907104 -1 0.63749998807907104 0.63749998807907104 -1 0.63749998807907104 0.63749998807907104 -1 0.63749998807907104 0.63749998807907104 -1 0.63749998807907104 0.63749998807907104 -1 0.63749998807907104 0.63749998807907104 -1 0.63749998807907104 0.63749998807907104 -1 0.63749998807907104 0.63749998807907104 -1 0.63749998807907104 0.63749998807907104 -1 768.1875 2550.637451171875 -1 1232.9793701171875 1579.1572265625 -1 836.40771484375 2454.30419921875 -1 563.98785400390625 2517.9873046875 -1 773.6099853515625 2532.908935546875 1945 620.9676513671875 2582.264892578125 2055 611.49310302734375 2670.280029296875 1914 302.12689208984375 3145.007568359375 -1 1009.8755493164062 1472.6890869140625 1974 988.56451416015625 1504.3092041015625 -1 958.95574951171875 1588.9769287109375 -1 718.26226806640625 2497.687255859375 -1 563.5274658203125 2518.4287109375 -1 628.99017333984375 2561.72705078125 2034 674.00274658203125 2673.512451171875 1712 682.1571044921875 2705.345703125 1972 942.73236083984375 2765.9326171875 -1 816.99761962890625 2855.849609375 -1 816.99761962890625 2855.849609375 -1 730.3973388671875 3005.917724609375 -1 759.68682861328125 3086.795166015625 -1 1202.65869140625 1597.180908203125 2057 853.2728271484375 1706.0692138671875 -1 704.9078369140625 2596.59716796875 -1 346.66036987304688 2608.618408203125 -1 698.84613037109375 2643.46630859375 1916 698.84613037109375 2643.46630859375 1917 607.000244140625 2662.282958984375 -1 644.02996826171875 2734.03759765625 1949 649.26336669921875 2773.4033203125 1973 299.95892333984375 2800.111572265625 -1 465.84280395507812 2817.7109375 2008 293.67742919921875 2861.844482421875 1814 1115.5299072265625 2879.924560546875 -1 1195.5552978515625 2998.65576171875 -1 270.43814086914062 3158.14697265625 1937 1141.8441162109375 3285.345703125 -1 1132.68017578125 1546.9161376953125 -1 881.84332275390625 1676.621337890625 -1 747.65264892578125 1846.5404052734375 1976 757.362060546875 2482.455078125 2053 599.66461181640625 2525.15625 2059 759.96435546875 2636.927734375 -1 827.9320068359375 2692.8603515625 -1 609.54296875 2697.546875 2010 402.29977416992188 2785.4521484375 2037 812.8607177734375 2813.760986328125 1979 714.98529052734375 2969.556396484375 1998 934.1177978515625 3015.50732421875 1975 1041.3709716796875 3065.43603515625 -1 1003.1785278320312 3073.744873046875 -1 1093.3863525390625 3076.156005859375 -1 1099.523681640625 3269.860595703125 -1 1178.515869140625 3348.96484375 -1 1209.8348388671875 3412.796142578125 -1 1242.1846923828125 3489.37451171875 -1 1149.0419921875 1498.7164306640625 -1 937.50872802734375 1536.7406005859375 -1 934.88629150390625 1714.6788330078125 2035 484.61410522460938 2488.9912109375 -1 297.493408203125 2572.777099609375 -1 676.166015625 2629.17578125 2063 760.24432373046875 2635.7333984375 2036 818.2723388671875 2640.09326171875 1715 479.03387451171875 2744.164794921875 2011 542.19573974609375 2778.0546875 1978 704.1068115234375 3020.128173828125 -1 704.1068115234375 3020.128173828125 -1 1198.7049560546875 3187.47998046875 -1 315.98648071289062 3205.250244140625 2001 1032.583740234375 3277.74755859375 -1 1083.7659912109375 3278.467529296875 -1 406.07730102539062 3285.068359375 1984 916.6612548828125 3342.677734375 -1 1215.4295654296875 3408.5244140625 -1 1244.81201171875 3489.107666015625 -1 1327.6983642578125 3671.22021484375 -1 708.46234130859375 3838.740966796875 -1 1230.76806640625 1911.3521728515625 2067 656.651123046875 2442.076416015625 2054 678.03338623046875 2509.75634765625 2030 601.09796142578125 2577.76025390625 2014 386.92333984375 2631.830810546875 -1 246.96128845214844 2714.615234375 -1 769.77728271484375 2747.0419921875 -1 769.77728271484375 2747.0419921875 -1 777.3021240234375 2851.323486328125 -1 313.09048461914062 2949.435302734375 1962 771.55950927734375 2955.4169921875 2015 978.99884033203125 3040.75146484375 -1 1184.04443359375 3048.817138671875 -1 1080.2830810546875 3199.952392578125 2043 1080.2830810546875 3199.952392578125 2042 470.71875 3224.380859375 2002 1276.6744384765625 3570.785888671875 -1 1255.227294921875 3641.979736328125 -1 2010.2386474609375 1252.0911865234375 -1 1125.614990234375 1715.613037109375 2016 807.886962890625 1934.903564453125 -1 858.64593505859375 2040.196533203125 -1 256.5517578125 2511.02880859375 -1 1307.744384765625 2523.726806640625 -1 509.79034423828125 2558.423095703125 -1 1775.2415771484375 2583.17919921875 2092 1356.3792724609375 2600.028564453125 2018 518.7037353515625 2680.01318359375 2019 693.47857666015625 2715.480712890625 2020 693.47857666015625 2715.480712890625 1989 1087.8218994140625 2731.375244140625 2040 699.0235595703125 2848.579345703125 -1 699.0235595703125 2848.579345703125 -1 1141.5577392578125 3135.304931640625 2045 724.27252197265625 3190.591552734375 -1 724.27252197265625 3190.591552734375 2021 1034.205322265625 3279.455322265625 -1 2274.789794921875 1094.9034423828125 2003 2257.7783203125 1227.1578369140625 2004 2010.7647705078125 1250.208984375 -1 1411.8836669921875 1720.460693359375 -1 812.91290283203125 1934.482177734375 -1 1430.868896484375 2417.4970703125 -1 104.87487030029297 2645.114990234375 -1 883.3187255859375 2718.247314453125 2005 1269.6441650390625 2785.09521484375 -1 1140.7550048828125 3013.073974609375 -1 257.2169189453125 3050.39892578125 1807 655.6470947265625 3108.631103515625 -1 828.059814453125 3278.877197265625 2022 1228.835205078125 3364.30126953125 -1 538.1287841796875 3804.354248046875 -1 1061.6024169921875 1548.1878662109375 2046 1288.4722900390625 1551.7998046875 2047 907.45855712890625 1648.771240234375 -1 1057.880615234375 1689.5611572265625 -1 1057.880615234375 1689.5611572265625 -1 1251.293701171875 1689.521484375 2049 128.92254638671875 2280.021240234375 -1 2777.471435546875 2422.979736328125 -1 125.91069030761719 2447.65869140625 -1 125.91069030761719 2447.65869140625 -1 111.59073638916016 3055.436279296875 -1 401.673828125 3136.22998046875 1804 145.65351867675781 3364.152587890625 -1 2342.94921875 2576.2060546875 -1 2669.107177734375 2567.555908203125 2006 968.7640380859375 3176.349365234375 2007 211.88325500488281 3202.1748046875 2090 2062.379150390625 1391.927001953125 2084 178.69606018066406 2352.761962890625 -1 1974.9920654296875 2611.205810546875 -1 958.534912109375 2906.23193359375 -1 896.15838623046875 1877.44677734375 2027 245.49594116210938 2733.4150390625 -1 245.49594116210938 2733.4150390625 -1 577.84271240234375 2919.137939453125 -1 231.73794555664062 3678.31640625 -1 338.51312255859375 659.219970703125 -1 880.9044189453125 2258.060546875 -1 812.853271484375 2301.13330078125 -1 2094.44580078125 2677.497802734375 -1 1137.39794921875 1922.1097412109375 -1 1137.39794921875 1922.1097412109375 -1 1653.49462890625 2348.623779296875 -1 659.699462890625 3450.1455078125 -1 919.22113037109375 3585.04833984375 -1 2356.45166015625 1386.144775390625 -1 509.057861328125 2318.60986328125 -1 720.98138427734375 796.81072998046875 -1 
32 0.259305998578793 -0.046423679615693429 0.95977442372777511 0.097150896187384664 -4.1060686827690054 0.11076859799724617 6.185608080336646 32 img_033.jpg
785.74334716796875 2056.82763671875 -1 860.46722412109375 2091.262939453125 -1 1229.7652587890625 2314.61767578125 -1 1209.918701171875 2405.913818359375 -1 107.84433746337891 2679.409912109375 -1 1168.4365234375 2559.769287109375 -1 607.44384765625 2543.8701171875 -1 767.341796875 1621.08984375 -1 610.03057861328125 2525.66455078125 1945 606.2034912109375 2545.8701171875 -1 470.04547119140625 2572.919189453125 2055 582.0045166015625 2660.312744140625 2033 724.69281005859375 2790.604736328125 -1 724.69281005859375 2790.604736328125 -1 656.7779541015625 2821.498046875 2075 818.62469482421875 1473.7705078125 2056 794.0513916015625 1507.0531005859375 -1 790.46942138671875 1628.0831298828125 -1 880.6131591796875 2106.60791015625 -1 473.78143310546875 2552.323974609375 2034 515.32440185546875 2663.36474609375 1712 643.1824951171875 2843.05224609375 -1 643.1824951171875 2843.05224609375 -1 682.45416259765625 1675.8887939453125 -1 547.52313232421875 2585.83203125 1997 452.34799194335938 2644.86376953125 2058 487.464111328125 2720.680419921875 1949 490.87246704101562 2761.05908203125 1973 166.57313537597656 2845.297119140625 1814 1067.51708984375 2993.869384765625 -1 628.1767578125 3100.965576171875 -1 648.65411376953125 1703.1453857421875 -1 725.961181640625 1715.73779296875 2035 605.9036865234375 2472.685546875 2053 457.22421264648438 2515.477294921875 2059 533.892578125 2630.16455078125 -1 594.797119140625 2627.4248046875 2036 456.15365600585938 2684.79296875 2010 341.96224975585938 2729.9052734375 -1 257.2574462890625 2767.434814453125 -1 641.19488525390625 2801.03369140625 -1 317.75555419921875 2803.768310546875 2008 553.4288330078125 2958.595703125 -1 757.507080078125 3003.395263671875 1975 575.5167236328125 3008.797607421875 -1 575.5167236328125 3008.797607421875 -1 823.60711669921875 3009.354736328125 -1 831.28839111328125 3061.14599609375 -1 934.82989501953125 3120.734375 -1 375.39566040039062 3235.98291015625 2061 742.73394775390625 3327.18896484375 -1 742.73394775390625 3327.18896484375 2062 965.0101318359375 1507.2265625 -1 520.3988037109375 2621.785400390625 2063 646.91650390625 2632.217529296875 1715 392.14035034179688 2763.753662109375 1978 649.0274658203125 2796.15380859375 2064 947.40740966796875 3061.357666015625 2065 265.28854370117188 3265.739990234375 2078 1085.837890625 3406.142578125 -1 1049.80322265625 3457.054443359375 -1 735.3466796875 1537.483154296875 -1 519.48260498046875 2431.755615234375 2054 402.76754760742188 2465.97216796875 -1 312.68740844726562 2479.466796875 -1 526.8529052734375 2501.70068359375 2030 451.8563232421875 2568.045654296875 2014 374.54434204101562 2669.91650390625 2089 529.75396728515625 2704.076416015625 2020 529.75396728515625 2704.076416015625 1989 110.56878662109375 2716.515625 -1 599.97442626953125 2740.75439453125 2038 613.14501953125 2845.319091796875 2039 182.53923034667969 2930.091796875 1962 182.53923034667969 2930.091796875 -1 606.40106201171875 2944.93798828125 2015 877.6883544921875 3046.92041015625 -1 594.674072265625 3179.248779296875 -1 594.674072265625 3179.248779296875 -1 323.49520874023438 3199.782958984375 2002 845.7257080078125 3265.20458984375 2066 912.722412109375 1710.2476806640625 2069 603.91851806640625 1937.1964111328125 -1 381.52203369140625 2394.744384765625 -1 1240.9974365234375 2453.2119140625 -1 368.32647705078125 2550.619140625 -1 1781.2666015625 2583.713623046875 2092 1194.9317626953125 2597.9765625 2018 906.56842041015625 2727.5966796875 2040 536.1458740234375 2841.186279296875 2041 899.8115234375 3185.92529296875 2042 899.8115234375 3185.92529296875 2043 661.94989013671875 3254.6513671875 2068 1035.0941162109375 3257.11328125 -1 387.676513671875 3768.152587890625 -1 2310.836669921875 1080.001220703125 2003 2293.292724609375 1216.321533203125 2004 2039.1595458984375 1243.0262451171875 2093 609.32977294921875 1936.4556884765625 -1 1251.14794921875 2442.76806640625 -1 1206.09423828125 2593.445556640625 -1 708.08148193359375 2710.902099609375 2005 993.18780517578125 3132.602294921875 -1 993.18780517578125 3132.602294921875 2045 1045.5582275390625 3260.593017578125 -1 14.129803657531738 3311.113525390625 -1 856.5218505859375 1551.7308349609375 2046 1103.373046875 1557.7723388671875 2047 713.9317626953125 1652.9102783203125 2031 168.45086669921875 2696.991943359375 -1 1000.1265869140625 2997.878173828125 -1 1000.1265869140625 2997.878173828125 -1 261.4591064453125 3113.08740234375 2073 261.4591064453125 3113.08740234375 2048 1052.9798583984375 1693.11328125 2049 2379.753173828125 2579.865478515625 -1 2709.443359375 2568.812255859375 -1 95.479415893554688 3158.51025390625 -1 95.479415893554688 3158.51025390625 -1 919.3236083984375 3331.328369140625 -1 2092.9423828125 1384.7244873046875 2084 1974.016357421875 2611.229736328125 -1 814.61236572265625 2901.913330078125 2032 782.4114990234375 3158.4892578125 2083 405.53085327148438 372.34323120117188 -1 687.62884521484375 1880.5635986328125 2027 430.01779174804688 2913.734375 2081 510.51947021484375 3255.267578125 -1 395.99502563476562 693.32537841796875 -1 436.17507934570312 720.2830810546875 -1 423.02365112304688 1506.3345947265625 -1 962.3251953125 1929.10107421875 2028 962.3251953125 1929.10107421875 2051 452.11297607421875 2303.899658203125 -1 1492.397216796875 2364.4306640625 2052 828.599609375 3581.3251953125 -1 718.11883544921875 836.6441650390625 -1 2329.77099609375 1406.80859375 -1 
31 0.23351079132986929 -0.042157916410129039 0.9663791983934944 0.099028608638121712 -4.2230407841441222 0.11298694090086614 6.5213861857537685 31 img_032.jpg
781.62713623046875 2122.080322265625 -1 788.4407958984375 2163.39404296875 -1 786.78759765625 2202.138916015625 -1 1151.28369140625 2315.664794921875 -1 1138.6607666015625 2393.091064453125 -1 4.9586057662963867 2400.20556640625 -1 139.64558410644531 2400.129638671875 -1 1135.4503173828125 2408.226318359375 -1 1134.41259765625 2417.731689453125 -1 1093.3885498046875 2552.980712890625 -1 1071.4512939453125 2591.44140625 -1 1062.2059326171875 2621.388427734375 -1 1058.367431640625 2621.79150390625 -1 1041.846435546875 2668.669921875 -1 1031.2470703125 2689.080078125 -1 49.6038818359375 2691.541748046875 -1 1002.507568359375 2726.750244140625 -1 791.75079345703125 3069.54541015625 -1 814.14910888671875 3085.01953125 -1 822.77862548828125 3101.2822265625 -1 1982.2987060546875 3157.858642578125 -1 672.3958740234375 2052.57373046875 -1 777.57366943359375 2113.625 -1 774.522705078125 2116.242919921875 -1 69.305290222167969 2397.386474609375 -1 201.65876770019531 2531.294189453125 -1 1097.1842041015625 2544.638427734375 -1 1027.1314697265625 2698.42919921875 -1 1011.0917358398438 2720.8173828125 -1 992.67193603515625 2739.733642578125 -1 843.084716796875 3113.3828125 -1 199.49580383300781 3165.91064453125 -1 404.275390625 2561.41650390625 2055 685.99761962890625 1500.4366455078125 -1 539.037109375 2454.214599609375 -1 534.54833984375 2515.768310546875 1945 528.4544677734375 2538.942626953125 -1 851.00201416015625 1621.7987060546875 -1 565.39569091796875 1675.6436767578125 -1 565.39569091796875 1675.6436767578125 -1 538.751953125 2454.441162109375 -1 406.732666015625 2541.760498046875 2034 119.29843902587891 2827.477783203125 1814 557.34259033203125 3083.748779296875 -1 715.8912353515625 1470.2054443359375 2056 898.50091552734375 1596.2042236328125 2057 529.97821044921875 1692.24072265625 -1 1127.23876953125 1947.6063232421875 -1 476.67324829101562 2568.996337890625 1997 386.07040405273438 2631.90625 2058 442.61795043945312 2650.447509765625 1712 416.30056762695312 2706.341552734375 1949 561.312744140625 3092.013671875 -1 1043.0806884765625 3105.996337890625 2076 604.962646484375 1715.6802978515625 -1 433.57846069335938 1847.1326904296875 1976 395.86212158203125 2504.549072265625 2059 517.16229248046875 2614.645263671875 2036 387.14111328125 2670.365478515625 2010 274.461181640625 2714.74169921875 2011 420.63723754882812 2747.588623046875 1973 205.89358520507812 2752.790283203125 2037 257.6297607421875 2786.12646484375 2008 666.33551025390625 2986.15380859375 -1 744.61944580078125 2996.310302734375 -1 316.33615112304688 3212.709716796875 2061 659.77227783203125 3305.8134765625 2062 659.77227783203125 3305.8134765625 -1 388.39425659179688 2554.695068359375 2014 448.95425415039062 2609.603515625 2063 519.7952880859375 2729.3505859375 2038 325.46002197265625 2748.196044921875 1978 567.49566650390625 2781.19921875 2064 534.664794921875 2828.251220703125 2039 132.65834045410156 2907.338623046875 1962 886.671142578125 3047.547119140625 2065 755.156494140625 3245.540771484375 2066 1024.4788818359375 3395.412353515625 -1 999.9970703125 3452.726806640625 -1 1054.21484375 3487.791748046875 -1 912.3720703125 1909.443359375 2067 453.45489501953125 2495.5068359375 -1 309.31362915039062 2659.03662109375 2089 458.71603393554688 2693.1953125 2020 458.71603393554688 2693.1953125 1989 529.63348388671875 2932.239501953125 2088 734.78021240234375 3012.32275390625 -1 260.90518188476562 3175.1884765625 2002 584.900390625 3232.390869140625 2068 215.91423034667969 3242.233154296875 2078 337.67938232421875 3733.68603515625 -1 2640.12548828125 693.4483642578125 -1 626.5040283203125 1528.826904296875 -1 798.336181640625 1707.8238525390625 2069 487.07870483398438 1794.151611328125 -1 490.95413208007812 1935.4466552734375 -1 546.27325439453125 2031.2684326171875 -1 1841.4935302734375 2578.175537109375 2092 1113.7593994140625 2591.906005859375 2018 624.32391357421875 2696.042236328125 2005 821.577392578125 2720.337890625 2079 462.34030151367188 2825.98046875 2041 84.953536987304688 2996.234375 1807 806.28472900390625 3029.3046875 -1 813.619140625 3166.776611328125 2042 813.619140625 3166.776611328125 2043 2403.76025390625 1055.4456787109375 -1 2382.66845703125 1192.516357421875 2004 2122.357666015625 1226.2320556640625 2093 111.61051940917969 2553.18017578125 -1 111.61051940917969 2553.18017578125 -1 120.36917114257812 2689.05859375 -1 927.0560302734375 3125.010009765625 -1 992.981689453125 3236.44580078125 2080 743.69891357421875 1551.6080322265625 2046 1002.6983032226562 1555.38330078125 2047 609.51251220703125 1654.247314453125 -1 134.69157409667969 2323.8115234375 -1 2923.4365234375 2429.953125 -1 945.3504638671875 2981.24853515625 2071 945.3504638671875 2981.24853515625 2072 208.97151184082031 3088.291748046875 2073 208.97151184082031 3088.291748046875 2048 57.993640899658203 3126.1806640625 -1 2166.470947265625 1367.0079345703125 -1 938.66253662109375 1690.7301025390625 2049 2472.245849609375 2571.915771484375 -1 2812.635986328125 2565.32958984375 2006 465.86737060546875 3074.8056640625 -1 497.15945434570312 393.46807861328125 -1 581.3353271484375 1882.5447998046875 -1 2044.4990234375 2613.1396484375 -1 364.45150756835938 2904.02294921875 -1 697.26220703125 3138.511962890625 2083 697.26220703125 3138.511962890625 2082 860.693359375 3334.439697265625 -1 1273.9698486328125 2458.267578125 -1 458.212158203125 1495.7662353515625 -1 474.49044799804688 2295.6455078125 -1 1327.85009765625 2417.904296875 -1 888.8154296875 1942.6829833984375 -1 792.85296630859375 866.25146484375 -1 2329.406494140625 1396.3341064453125 -1 
30 0.19501062059249791 -0.037393240023662379 0.97456796855423 0.10387433814346644 -4.1802532394701029 0.10213127880007326 7.0324613395751987 30 img_031.jpg
0.63749998807907104 0.63749998807907104 -1 0.63749998807907104 0.63749998807907104 -1 0.63749998807907104 0.63749998807907104 -1 0.63749998807907104 0.63749998807907104 -1 0.63749998807907104 0.63749998807907104 -1 0.63749998807907104 0.63749998807907104 -1 0.63749998807907104 0.63749998807907104 -1 0.63749998807907104 0.63749998807907104 -1 0.63749998807907104 0.63749998807907104 -1 0.63749998807907104 0.63749998807907104 -1 0.63749998807907104 0.63749998807907104 -1 0.63749998807907104 0.63749998807907104 -1 0.63749998807907104 0.63749998807907104 -1 0.63749998807907104 0.63749998807907104 -1 0.63749998807907104 0.63749998807907104 -1 0.63749998807907104 0.63749998807907104 -1 0.63749998807907104 0.63749998807907104 -1 0.63749998807907104 0.63749998807907104 -1 0.63749998807907104 0.63749998807907104 -1 221.84999084472656 2382.33740234375 -1 221.69441223144531 2382.161376953125 -1 452.83319091796875 1764.3951416015625 -1 2017.30322265625 3156.641357421875 -1 734.58642578125 1482.46923828125 -1 673.2073974609375 1620.383544921875 -1 643.4107666015625 1633.4881591796875 -1 675.8858642578125 1642.22998046875 -1 600.45452880859375 2433.85693359375 -1 725.533203125 1623.855712890625 -1 586.16705322265625 2497.487548828125 1945 613.2037353515625 2780.1875 2075 867.2117919921875 1617.6622314453125 1913 548.762451171875 1686.7569580078125 -1 548.01300048828125 2489.475341796875 -1 587.03643798828125 2497.00146484375 -1 498.39910888671875 2628.01904296875 1712 475.02847290039062 2681.51318359375 1949 204.40254211425781 2795.957275390625 1814 1097.9285888671875 3085.009765625 2076 581.2816162109375 1679.3055419921875 -1 1008.07861328125 1918.9521484375 -1 1008.07861328125 1918.9521484375 -1 388.01605224609375 2458.719482421875 -1 567.6302490234375 2594.2509765625 2036 448.73330688476562 2606.676025390625 2058 449.2738037109375 2645.080322265625 2010 616.855712890625 2641.943359375 2085 332.92623901367188 2756.03857421875 -1 908.21722412109375 3160.068115234375 -1 906.0050048828125 1513.4075927734375 -1 915.0426025390625 1590.39208984375 -1 461.96511840820312 2485.592041015625 2059 508.490478515625 2590.95458984375 2063 609.33184814453125 2601.03955078125 -1 687.6895751953125 2681.45166015625 -1 344.03695678710938 2688.68603515625 2011 523.8984375 2691.071533203125 -1 390.52859497070312 2720.0888671875 1978 475.562744140625 2722.060791015625 1973 584.85076904296875 2803.0986328125 2039 382.09158325195312 3174.43212890625 2061 990.21124267578125 3217.827880859375 -1 697.103515625 3270.892822265625 2062 697.103515625 3270.892822265625 -1 746.1630859375 1457.420654296875 -1 904.14495849609375 1511.8994140625 -1 633.2205810546875 1717.1099853515625 2035 451.27114868164062 2535.1376953125 2014 686.11810302734375 2679.5927734375 -1 567.318115234375 2704.49853515625 2038 390.09738159179688 2719.932373046875 -1 614.6505126953125 2754.427978515625 2064 585.30224609375 2802.875244140625 -1 216.53269958496094 2873.0087890625 -1 216.53269958496094 2873.0087890625 2077 578.4185791015625 2904.408935546875 2088 286.40093994140625 3199.24853515625 2078 780.91766357421875 3215.984130859375 2066 672.7784423828125 1661.880126953125 -1 492.58016967773438 1727.909423828125 -1 532.70904541015625 1797.6429443359375 -1 476.71395874023438 1861.2030029296875 -1 1142.7010498046875 2075.723388671875 -1 510.62713623046875 2476.67529296875 -1 116.15168762207031 2555.330810546875 -1 1153.9654541015625 2575.9267578125 2018 275.62734985351562 2577.547119140625 -1 373.85989379882812 2634.38134765625 2089 511.26202392578125 2669.330078125 2020 517.164794921875 2797.71923828125 2041 789.26123046875 2982.585205078125 -1 943.81646728515625 3023.113037109375 2065 328.88272094726562 3134.31298828125 2002 409.71603393554688 3660.334228515625 -1 2860.04638671875 642.79827880859375 -1 2098.44970703125 731.8624267578125 -1 812.97833251953125 1706.099853515625 2069 2009.0653076171875 2575.164306640625 -1 665.94647216796875 2673.44140625 2005 849.54034423828125 2702.603759765625 2079 865.0859375 3025.03466796875 -1 1898.3299560546875 575.77215576171875 -1 2858.174560546875 644.54022216796875 -1 2605.636962890625 1026.7431640625 -1 2586.474609375 1166.0479736328125 2004 215.793701171875 2525.9306640625 -1 215.793701171875 2525.9306640625 -1 229.44010925292969 2653.207763671875 -1 1055.851318359375 3209.551025390625 2080 446.15948486328125 3769.22119140625 -1 768.54443359375 1552.34765625 -1 1024.8914794921875 1555.7008056640625 2047 36.657787322998047 2971.088623046875 -1 1009.0256958007812 2957.795166015625 2072 1009.0256958007812 2957.795166015625 2071 287.04708862304688 3049.1083984375 2073 287.04708862304688 3049.1083984375 -1 532.09100341796875 3072.97021484375 -1 974.885009765625 3105.998046875 -1 197.19114685058594 466.32675170898438 -1 947.14862060546875 1687.06884765625 2049 2673.96435546875 2571.632080078125 -1 112.61281585693359 3106.927978515625 2090 679.87255859375 399.59384155273438 -1 2361.316162109375 1347.814453125 -1 582.42730712890625 1614.2464599609375 -1 2216.4228515625 2612.0283203125 -1 1390.870849609375 2725.27734375 -1 421.39987182617188 2868.07763671875 2081 741.14111328125 3106.74951171875 2082 741.14111328125 3106.74951171875 2083 296.23965454101562 2215.260498046875 -1 296.23965454101562 2215.260498046875 -1 598.93939208984375 371.94317626953125 -1 704.78863525390625 713.995849609375 -1 632.27484130859375 2232.70849609375 -1 1333.90673828125 2438.607177734375 -1 745.7320556640625 741.049560546875 -1 260.61056518554688 555.73748779296875 -1 1013.6486206054688 835.03912353515625 -1 
29 -0.14509405403036157 0.030349373968379247 -0.98318980590218474 -0.10660411134091637 -4.016293575557695 0.097397699238262095 7.5496639683893383 29 img_030.jpg
583.06494140625 1678.62255859375 -1 520.19573974609375 1860.431640625 -1 792.0068359375 2046.9234619140625 -1 879.68572998046875 2082.778076171875 -1 696.35089111328125 2345.93310546875 -1 686.81805419921875 2346.8076171875 -1 499.53253173828125 2366.402099609375 -1 527.52264404296875 2367.154296875 -1 538.6790771484375 2367.4287109375 -1 577.99493408203125 2367.596435546875 -1 611.17431640625 2368.541748046875 -1 554.01983642578125 2370.200439453125 -1 611.64056396484375 2371.8701171875 -1 1274.2777099609375 2411.666748046875 -1 1260.35986328125 2467.752197265625 -1 1227.9044189453125 2548.764892578125 -1 965.25640869140625 3054.433837890625 -1 715.577392578125 3092.9287109375 -1 1001.4991455078125 3104.722412109375 -1 787.74749755859375 3183.765869140625 -1 354.11264038085938 30.21727180480957 -1 687.23004150390625 1655.16796875 -1 522.06890869140625 1853.7294921875 -1 857.941162109375 2065.76708984375 -1 478.59765625 2366.076416015625 -1 1214.676513671875 3022.353271484375 -1 337.08810424804688 3032.201171875 -1 914.2530517578125 1631.4884033203125 -1 538.84332275390625 1834.699462890625 -1 698.1148681640625 2485.156005859375 1945 794.873779296875 1617.948486328125 -1 1218.57568359375 1837.3333740234375 -1 534.4315185546875 1862.30810546875 -1 542.52105712890625 1906.6256103515625 -1 614.21588134765625 2613.25 1712 716.69085693359375 2627.521484375 2085 591.29058837890625 2664.426513671875 -1 712.7872314453125 2759.760498046875 -1 347.557373046875 2776.01171875 1814 613.2545166015625 3033.89990234375 -1 780.2276611328125 1591.930419921875 -1 649.63165283203125 1675.26611328125 -1 734.28302001953125 1693.6124267578125 -1 679.9454345703125 1710.5345458984375 -1 1016.5546875 1894.2496337890625 -1 1016.5546875 1894.2496337890625 -1 462.21743774414062 2495.9267578125 -1 676.22576904296875 2580.19287109375 2036 567.4072265625 2591.219482421875 2058 568.1181640625 2628.962890625 2010 633.408447265625 2677.262451171875 -1 1223.573486328125 3069.579833984375 2076 1005.1271362304688 3153.51953125 -1 1000.4005126953125 1513.9901123046875 -1 676.01470947265625 1633.541259765625 -1 551.22723388671875 2436.772216796875 -1 574.976806640625 2519.989013671875 2014 623.99725341796875 2576.267822265625 2063 623.99725341796875 2576.267822265625 -1 713.5789794921875 2588.185302734375 -1 474.0089111328125 2670.330322265625 -1 515.186279296875 2702.656982421875 -1 591.364013671875 2705.214599609375 1973 714.95770263671875 2745.530029296875 2064 688.76934814453125 2786.48291015625 2039 153.90451049804688 2897.18115234375 -1 552.09014892578125 2989.15966796875 -1 506.94839477539062 3149.526611328125 2061 794.387451171875 3253.09375 -1 794.387451171875 3253.09375 -1 829.49456787109375 1521.288330078125 -1 605.17755126953125 1792.9412841796875 -1 430.39971923828125 2469.9482421875 -1 1337.3072509765625 2504.143310546875 -1 672.89080810546875 2692.14306640625 2038 447.76605224609375 2742.08642578125 2008 629.54833984375 2769.661865234375 -1 357.65496826171875 2848.603271484375 2077 685.83331298828125 2888.679931640625 2088 920.6422119140625 2928.52392578125 -1 989.65789794921875 3048.25537109375 -1 736.38323974609375 1650.699951171875 -1 878.48284912109375 1696.5106201171875 2069 513.1697998046875 2399.37646484375 -1 1258.892333984375 2559.43505859375 -1 491.92330932617188 2617.322509765625 2019 1064.1290283203125 3009.932861328125 2065 455.1043701171875 3106.03662109375 2002 422.336669921875 3171.582275390625 2078 866.04925537109375 3203.500732421875 -1 543.54925537109375 3617.098876953125 -1 336.16995239257812 79.637359619140625 -1 428.56643676757812 155.08888244628906 -1 2361.174560546875 679.70281982421875 -1 894.45684814453125 1496.63037109375 -1 2254.7197265625 2575.478271484375 -1 764.29180908203125 2661.614013671875 2005 943.75274658203125 2691.885986328125 2079 312.86746215820312 2950.021484375 -1 1143.4962158203125 3076.135009765625 -1 467.23928833007812 3646.59326171875 -1 329.58877563476562 83.287246704101562 -1 2158.43701171875 530.8392333984375 -1 2889.713623046875 857.9364013671875 -1 2892.392333984375 966.8968505859375 -1 2870.845458984375 1119.7034912109375 -1 2594.353515625 1161.085205078125 -1 706.50579833984375 1786.434814453125 -1 483.75106811523438 1805.350830078125 -1 993.75506591796875 2916.288818359375 -1 197.63015747070312 2939.263671875 -1 936.6837158203125 3118.83837890625 2042 936.6837158203125 3118.83837890625 2043 1186.2772216796875 3197.495361328125 2080 1104.1456298828125 1548.175048828125 -1 528.414306640625 2434.349365234375 -1 366.92816162109375 2640.455322265625 -1 819.83551025390625 2855.1494140625 -1 1138.20361328125 2949.835693359375 2071 1138.20361328125 2949.835693359375 2072 425.17279052734375 3022.765869140625 2073 1080.5279541015625 3102.072998046875 -1 1080.5279541015625 3102.072998046875 -1 480.82852172851562 501.6217041015625 -1 1013.22802734375 1677.3642578125 2049 254.90849304199219 3074.586181640625 2090 176.57281494140625 3247.2841796875 -1 176.57281494140625 3247.2841796875 -1 513.1761474609375 3767.026611328125 -1 2638.290283203125 1309.2464599609375 -1 1351.6510009765625 2043.6207275390625 -1 825.6947021484375 2191.49462890625 -1 825.6947021484375 2191.49462890625 -1 2469.800048828125 2607.29931640625 -1 538.263671875 2848.6005859375 2081 847.09344482421875 3088.690185546875 2083 847.09344482421875 3088.690185546875 2082 267.42477416992188 599.26068115234375 -1 574.9521484375 2214.478759765625 -1 1579.7386474609375 2737.349365234375 -1 859.6474609375 381.268798828125 -1 959.15789794921875 719.49639892578125 -1 911.14990234375 1307.7076416015625 -1 243.73780822753906 2178.921875 -1 552.669921875 3271.18359375 -1 552.669921875 3271.18359375 -1 996.253173828125 744.33404541015625 -1 1052.618896484375 1980.0709228515625 -1 1484.9078369140625 2410.648681640625 -1 778.25299072265625 1868.527587890625 -1 778.25299072265625 1868.527587890625 -1 
