# 3D point list with one line of data per point:
#   POINT3D_ID, X, Y, Z, R, G, B, ERROR, TRACK[] as (IMAGE_ID, POINT2D_IDX)
# Number of points: 1395, mean track length: 4.7878136200716845
1 -2.733431548991053 -0.61491371220591351 1.7558617252735649 69 77 65 1.4572470080869808 88 3 93 5 98 8
2 -3.0199863953340973 -1.0142129515141192 1.4490993010724285 147 166 85 1.8838798175757003 93 45 92 37 94 42 95 2
3 -2.8923015962986649 -0.68542574789682931 1.4838327304284957 140 159 77 1.2008258810687837 88 34 93 47 92 41 94 43 90 13 91 19 89 28 87 24 86 23
4 -3.0718945061778342 -0.30317404013198901 1.4241398787531596 117 139 41 1.3617709669724178 88 35 93 49 92 44 94 45 95 5 96 44 97 71 90 21 91 31 87 42 86 25 85 35 84 54 82 51 83 56 81 48 80 46
5 -3.0963450477267891 -0.27226041962296738 1.3935484396057003 53 76 7 1.4724856633283867 88 36 93 50 92 45 94 46 95 6 96 45 97 72 98 69 99 76 90 22 91 32 89 36 87 28 86 26 86 37 84 55 82 52 83 57 81 37 80 32 79 26 78 29 77 31 76 45 74 47 73 44 72 53
6 -2.9419370037214181 -0.085599269454176313 1.3987600456254974 140 162 54 2.1774781767511429 88 29 93 51 92 47 90 15 91 22 86 16 87 18 85 25 89 24 84 38 83 43
7 -3.1287176457744366 -0.30601481155203575 1.3954750320447036 131 151 52 1.9827460593492752 88 52 93 55 92 49 94 51 95 7 96 50 97 78 99 75 101 77 100 95 98 78 102 90 90 20 91 30 89 35 87 41 85 34 84 34 82 32 83 41 83 55 81 36 80 31 79 25 78 28 80 45 77 30 76 44 74 45 73 32
8 -3.0374791432839405 0.2260390477856942 0.82784079917538944 139 157 55 2.6762416440634151 93 56 92 51 94 53 95 25 96 62 97 102 98 87 89 29 89 38
9 -2.8465944192035941 0.29233944043413912 0.69768045605463469 143 161 59 1.7482657162342654 88 56 92 52 94 66 95 27 97 103 98 88 99 88 101 94 100 105 90 25 91 34 89 39 87 46 86 40 85 39 84 59
10 -2.1462224180434823 1.10645440627372 1.0066561834714223 6 6 4 1.3290468053244038 88 63 93 62 92 58 94 56 95 15 96 55 97 112 90 33 91 40 89 48 87 60
12 -2.8829004264484501 -0.65140067422329406 1.5112030325633594 42 58 11 1.5098796220106663 88 51 93 64 92 62 94 59 95 20 96 48 97 77 98 77 99 74 101 75 100 94 102 89 90 19 91 29 89 34 87 39 86 35 85 51 83 53 79 37 78 42 77 42 75 31
13 -3.0110079080672638 0.20336769261131632 0.8041704076625229 105 125 26 1.4122994212795348 93 68 92 65 94 64 95 24 96 61 97 101 98 86 99 109 100 104 102 122 89 37
14 -2.7985506349253457 0.28121400074138853 0.67359442858807417 118 136 34 1.3125099882400484 93 69 92 66 94 65 95 26 96 84 97 121 98 114
15 -2.8480537434368758 0.33330658235242272 0.6663624497791566 92 112 25 1.4316656848410665 88 73 93 71 91 46 87 47 86 53 85 59 84 72
16 -3.1251156501942297 0.3370302040990743 0.8156848866612596 72 93 16 1.283845475841215 88 57 93 72 92 67 94 69 95 32 96 88 97 104 101 119 99 115 90 39 91 47 89 56 87 48
17 -3.1664508466533459 0.57313749156115734 0.78767578616857248 72 90 30 1.8148402436138202 88 77 93 76 94 72 95 34 96 67 97 109 98 122 101 129 100 139 101 151 87 55 102 160
18 -2.2116359937028816 1.1015859358078028 1.0978906389965486 6 6 4 1.5940819538055055 93 78 92 57 94 80 95 38 96 68
19 -2.9713942918722602 -0.89756635443974009 1.4174343510155325 77 98 29 1.3979974876536569 88 67 93 83 92 76 94 87 102 95
21 -3.1581077819127557 0.28127166788288349 0.84466507375434319 112 132 33 1.5385547172257223 88 72 93 89 92 85 94 93 96 86 97 123 99 140 101 144 100 156 90 38 91 63 89 55 87 65
22 -2.8340746577035278 0.37193323629517311 0.66670709712476639 118 137 45 1.671103298177556 93 90 92 86 94 95 95 53 96 90 97 125 98 116 99 116 100 131 89 58 88 76 86 66 85 78 84 83
23 -3.0161620113143761 0.53056812541366749 0.72679543447237893 72 91 28 1.6461512168327357 88 93 93 92 92 90 94 100 95 58 96 95 97 130 98 119 99 118 101 124 100 135 102 133 90 40 91 51 87 82 86 56
24 -2.8184830396256886 0.55270558549612048 0.6060155689900949 68 87 21 1.9895350805731244 88 94 93 93 92 92 94 101 95 60 96 97 97 133 98 120 99 121 101 126 100 136 102 135 90 58 91 67 89 75
25 -2.3679544553650058 1.0451026987317986 0.72111733000301537 6 7 2 1.108699325912629 88 116 93 97 94 106 90 75 89 90
26 -3.0070768523246461 0.33941178976411168 0.73613874504249188 115 134 42 2.1273908937420178 88 90 93 103 94 116 95 75 96 115 97 150 98 139 99 143 100 158 102 155 89 71 87 80 91 64
27 -2.9800209333853576 0.42035447746083004 0.71784627804893764 105 124 42 1.7175762923633251 88 91 93 104 92 107 94 117 95 76 96 116 97 151 98 140 99 144 101 148 100 160 102 157 90 57 91 66 89 73 87 81 86 67 85 81 84 86 82 68 83 84 81 61 80 63 79 52 78 60 77 65 76 62 75 38 74 54 73 48 72 45
28 -3.1911475981933011 0.4427789804288863 0.79200855357167055 103 123 36 1.6640400408375635 88 112 92 108 94 118 95 77 96 117 97 152 98 141 99 146 101 172 100 162 102 177 91 80 87 100 84 87 83 85
29 -2.8368340832494789 0.60408484029281506 0.62235535677283893 85 102 31 1.6349993217825038 88 96 93 106 92 109 94 119 96 119 97 155 98 143 99 148 101 152 100 164 102 159 90 70 91 69 91 81 89 86 87 85 87 102 86 80 85 84 84 91 82 81 83 87 81 78 80 75 79 64 78 72
30 -2.1724756487002286 1.0799199316686647 1.0422140275793639 66 68 55 1.6467243319404405 88 100 93 109 92 112 94 121 95 81 96 120 97 159 90 61 91 71 89 78 87 88
31 -2.1724756647543395 1.0803583776194114 1.0430590521909355 66 68 55 1.5203211441530917 88 99 93 110 92 113 94 122 95 82 96 121 90 62 91 72 89 79 87 89
32 -2.6616813110000415 -0.69798502342119229 1.8370755116887703 34 46 8 1.9191095446860313 88 122 93 117 92 117 94 130 95 89 96 130 97 170 99 159 98 159 101 167 100 172 102 172 91 94 90 79 89 94 87 107 86 85 85 101 84 110
34 -2.1204913230986571 0.51565341124855724 0.75291649542281336 149 166 72 2.0734660756851526 88 128 93 124 92 125 91 104 89 103 90 115 87 145
35 -2.452696463325716 0.69459777977205694 0.61195218968348286 108 127 46 1.4664657230017444 88 154 93 126 92 128 94 138 96 139 97 178 90 119 91 134 86 97 89 131 85 111 84 118 82 104 83 111 81 99
36 -2.0810621848203539 0.73588449182537863 0.76034545922136898 78 98 26 1.7916000456690757 88 133 93 127 92 129 94 139 95 80 97 156 90 93 91 110 89 108 87 123 86 123 85 128 84 140 82 116 83 123 81 115 80 105 78 121 79 114 77 117
38 -2.7485314811181465 -0.97577452886498761 1.6842192319361629 168 186 136 2.1022509499783433 88 141 93 139 92 140 94 147 95 108 96 151 97 192 98 157 101 166 100 171 99 157 102 170 90 104 91 120 89 118 87 135
39 -2.415415691041384 0.33917574966096586 0.67931898967438953 101 119 35 1.4107670752209474 88 148 93 145 92 147 94 133 95 92 96 133 97 173 98 164 99 164 90 112 91 127 89 126 87 143
40 -2.4777345714533912 0.42746723360047773 0.59779611507203156 134 154 57 0.1548937245538638 93 147 92 149
41 -2.1774605127262805 0.59367764082571828 0.72077617965374752 70 89 23 2.116818173525771 88 150 93 148 94 151 95 112 96 154 97 177 96 137 99 167 90 116 85 141 84 147 91 130 83 139 81 128 80 119 79 123 77 131 82 131
42 -1.571717031237472 0.69561263411466523 1.1717273576175595 75 97 12 2.0684374091153832 88 153 93 149 92 152 95 113 96 155 97 197 90 118 91 132 89 130 87 148 86 121
43 -3.087981052701223 0.60684810501933395 0.75321074319005277 35 45 10 2.0600928639019993 88 151 93 150 92 151 94 153 96 156 96 179 97 198 98 186 99 186 101 194 87 146 89 128 86 119
44 -3.2958584881388293 0.6298503259068593 0.91556678789709145 51 63 17 1.6165941976768892 88 130 93 151 94 154 90 91 91 108 89 105 87 119 86 81 85 93
45 -3.4141472098477124 0.95893094176333649 1.0366554439536095 148 160 60 1.9391252193292314 93 159 92 160 89 113 86 100 88 134 85 114 87 129 84 120 81 116
46 -2.8927445527990336 -0.9398390059925158 1.5029579992109445 14 22 33 1.8315481376683611 88 162 93 164 92 167 94 166 95 107 96 150 97 191 90 127 91 144 89 138 87 154 86 132
47 -2.4580546005556503 1.0325915826567682 0.63488624354763845 114 135 44 1.4239168345321733 93 170 92 170 94 174
48 -2.3521426449256562 0.46159869050945512 0.68330828047789305 68 87 23 2.520256088523916 88 180 93 181 94 185 96 177 92 179 90 146 91 163 95 137 87 168
49 -2.3357643243838577 0.89268791156825222 0.67453404842778319 11 14 5 1.3058250898097901 93 185 94 187 95 154 96 193 97 232 92 181
50 -1.6540390904222591 1.1344922921418059 1.0382499462103332 13 14 8 1.4440011852147319 93 192 94 193 95 165 90 157 91 174 89 164
51 -2.7329545423593857 1.0440779853785724 0.60911821539311339 156 177 74 1.6770376323864031 88 188 93 193 92 187 94 194 95 166 90 155 91 169 89 161 87 175 86 152 84 161 85 160
53 -1.6261614385106422 0.56511470061636782 1.2919945649453746 147 163 55 0.2083783225469763 92 7 98 48
54 -2.9145953320885361 -0.71210486663357087 1.4456199887336594 74 93 26 1.134459489568286 88 23 87 16 86 12 85 15 84 18 83 26
56 -2.8785185532355939 -0.83104323467649166 1.5676708565105966 103 124 47 1.7391126510507235 88 68 92 61 90 46 91 58 89 52 87 63 85 50 82 31 83 38 84 52
57 -3.0372224812359097 -0.3917481951218949 1.5889080314832302 92 113 35 1.7392881991629172 93 67 92 64 90 50 91 61 89 67 87 76
58 -3.0323379859304449 0.38506380006908375 0.73888872601816158 56 77 12 1.0248714835891581 93 74 92 69 94 71 95 33 96 63 97 106 98 90 99 90 101 121 100 107 102 128 90 29 91 35 89 42
59 -2.982439861593313 0.90916397577538788 1.3298741376207974 36 41 21 1.1312781078756651 93 77 92 70 94 75
60 -2.9915341625228651 -1.2810702723449252 1.6103967497508496 178 194 168 1.7042332982967419 92 72 94 82
61 -2.9269065416945579 -1.2193263458271006 1.5915458511301019 138 160 88 1.9475969964127495 93 81 92 73 94 83 90 42 91 41 88 65 87 62 89 62
62 -3.2155503461648296 -1.0003658311326853 1.4508327084272967 124 139 56 1.3690585800271104 93 82 92 74 94 85 95 67 96 103 97 142 98 133 99 134 100 146 102 144
63 -3.2982087115841718 -0.89019773533881907 1.4894112174495655 114 128 49 1.9054713711669264 93 84 92 77 94 108 95 68 96 104 97 167 98 158 99 158
65 -3.2648755250397303 -0.48948618448022924 1.5936810373022168 102 124 41 1.5263956984542277 93 86 92 80 99 104 101 110 100 121 94 90
66 -3.1297699947008426 0.42194638692695341 0.79813178606076129 59 80 15 1.1339141006786688 93 91 92 87 94 97 95 55 96 93 97 126 98 118
67 -3.019056325441734 0.53232448253498721 0.73989250079692526 74 95 30 1.2562770105714494 88 92 92 91 95 59 90 41 87 83 86 55 84 89 82 79
68 -1.5593228769670351 1.1093277812313929 0.80580115791562901 71 77 67 2.060444041015284 93 111 92 97
69 -2.8171135395967699 1.1256914297412042 0.64261054173256882 13 14 8 1.2148460259022098 93 113 94 124 95 85 96 123 97 163
70 -3.0318160686596927 -1.1391607565376607 1.4342995815854842 134 155 80 0.69655572581400615 93 98 92 100 94 107
71 -3.0740211718815105 -0.034935953472570488 1.1518005637941853 142 165 57 1.9705113309739912 93 101 92 101 94 110 95 72 96 110 97 147 98 137
76 -2.7356412182601879 1.2435339869523281 0.65265867465071969 45 45 33 0.76227125029272957 93 114 94 125 95 86 96 125 99 153
77 -2.9996294073430509 -1.1004940100228424 1.5443979499358855 171 191 122 1.7323523849839841 93 116 92 115 94 126 95 88 96 128 97 166 88 120 90 78 91 91 89 91 87 105 86 84 85 99
78 -3.0798590628167499 -0.95453680486403392 1.4201064981502045 76 96 27 1.6814307267256345 93 138 92 116 94 127 95 106 96 149 97 190 98 179 99 178 101 186 100 191 102 190 90 103 91 119 89 117 86 105
79 -2.375868755567244 0.241755215510398 0.81410298575110795 168 188 103 2.1000763813042118 93 119 94 131 95 90 96 131 97 171 92 120
80 -2.6529877251937926 0.30575926828934169 0.74111019191471894 124 147 43 1.5414653117618724 95 91 96 132 99 162 97 172 101 170 100 175 102 175 98 162
81 -2.9043494414027191 0.3932201225362783 0.69056487569938774 60 80 17 1.5402943650445189 93 121 92 122 94 135 95 94 96 135 97 175 98 165 99 165 101 191 100 177 102 195
82 -2.1217187898753735 0.51916334607589454 0.74669364494203228 143 163 64 1.4659543367411361 93 123 92 124 94 136 95 95 96 136 97 176
83 -1.5525510078506797 0.57779593571163357 1.211002477335819 172 192 80 1.8920678850137571 88 129 92 126 90 90 91 107 89 104 87 117 86 93 85 109 84 136 82 113 83 109 81 112 80 102 79 99 78 109
84 -3.1234879924349581 1.0819076374859282 1.0486013777711523 7 7 5 0.98315386072393973 93 112 94 123
85 -2.6960738848153278 1.1565051585311106 0.54171418669629468 16 17 11 1.3969136920594998 93 133 92 135 89 116
86 -2.937636676470496 -0.77314832943682665 1.4472874501344684 92 113 38 1.8884239690045195 93 140 92 141 95 109 97 169 90 106 87 137
87 -2.9278839941276447 -0.46611554395495169 1.701862317266871 162 171 166 1.3331306772212439 92 143 94 148 95 110 96 152 97 193 98 181
88 -3.0192531446891082 -0.12221224243477211 1.5475374215892697 138 161 57 1.7080869438194377 93 166 94 167 95 136 96 176
92 -2.1938857486199379 0.69423037993452874 0.72910949648591028 82 102 31 1.2872358574608807 93 152 94 137 95 117 102 178
93 -3.1444302105183577 0.69362498965834862 0.65366439513037367 67 87 24 0.92690511834877221 93 154 92 155 94 155 95 120 96 160
94 -2.7954812988207798 0.70848148452409265 0.68234648983728319 80 100 31 1.9377762993601502 93 153 92 156 94 156 95 119 97 179 98 171 99 169 100 182 102 181
95 -3.3174097070836122 0.73058257199056131 0.94431205934566587 97 113 40 2.2399272954365519 93 155 94 157 95 121 96 161 97 203 92 157
96 -2.1426318674702003 0.81909665771936735 0.76170465266739851 74 95 28 2.5281876917483492 92 158 95 123 96 163 97 202 98 189 99 170 101 177 100 183 102 182
98 -2.5837381132489901 0.94835779455348579 0.57728429465418885 61 83 18 1.8902000870750395 92 161 94 160 95 125 96 165 97 206 98 195 99 172 101 178 100 185 102 184 93 160 91 142 90 125 88 175 87 152 88 159 86 129 85 131 82 121 84 141 83 127
99 -3.3270973254741087 1.2776887191303752 1.0565120244103949 20 19 14 0.33688086077182849 93 134 94 144
100 -3.0731925000760207 0.30654627625670416 0.77881267520582942 80 103 23 1.5426748645263697 93 179 100 234 89 143 86 116 85 124 82 99 83 104
101 -2.4829401659864554 0.53769527480339285 0.62954954944656627 127 148 53 2.220457563885037 92 169 94 186 96 178 97 231 98 218 101 226 90 134 88 171 89 154 87 170
102 -1.8274712242469537 1.3298784479562329 1.0030842893931688 70 73 64 1.3638102660930835 93 171 92 171 87 177
103 -1.622753992003326 1.4282565439654329 1.2222874708878493 35 36 28 1.7842894908319245 93 172 92 172 95 141 96 184 94 175
105 -3.2850523951855131 0.27392531100045742 0.97489164228023051 170 194 84 1.2277640814256412 93 188 92 176 90 131
106 -2.6518848142202756 0.44026093102428099 0.73936577635560918 92 114 31 1.573567365164688 94 184 95 152 96 192 97 243 99 228 101 223 100 227 102 231
107 -3.0783391656514532 0.45317562077179785 0.76164387548635215 61 80 20 1.3908521886369685 88 170 90 133 86 118 85 125 84 135 83 108 80 89
108 -2.7334011590783658 1.046874704138568 0.62809866838556705 154 176 75 0.3375784124752732 93 194 92 188 94 195
109 -1.7857643283546238 0.88957001292027083 0.93613139392905553 175 201 94 1.3301053177804936 95 170 96 207 97 246 94 200
110 -1.6474337675891328 1.146799529375234 1.0720779329455559 14 15 10 2.3019736540483593 93 199 92 190 96 203 98 220
112 -2.812606364855716 0.079045336878705505 0.92783508765123046 163 185 76 0.88351941969148462 93 208 94 209
114 -2.184495705311055 1.1297287998031651 0.70171819897779752 6 6 4 1.0443611562537667 88 208 92 201 97 257 98 241
115 -2.905422173640456 -0.71533901370584407 1.5029144801140089 30 42 4 0.9973221893847789 93 42 94 40 95 1 97 63
116 -3.3737494899209328 0.35371032008348519 0.94960186139945191 107 122 27 1.0137921200632163 93 43 94 47 95 9 96 52 97 79 98 89 99 91 101 122 100 133 102 129
117 -3.38504613808758 0.55923090308515777 1.0000311487702729 117 127 67 0.99699814370142859 93 52 94 49 95 12
119 -3.1206966687537925 -0.24150376943734747 1.3727721654465501 142 160 60 1.32702719322823 92 50 94 52 95 8 96 51 97 73 98 70 99 67 101 70 100 85 102 81
120 -3.123460349139072 0.37181105548363441 0.81401751258309618 110 126 39 1.9217717327263657 95 10 99 89 94 54 97 80 100 106
121 -3.4178922306242976 -0.45474855945772491 1.4508754531712436 127 141 46 1.5178943777689893 94 60 95 22 97 95 98 83 99 84 101 90 100 100 102 116
122 -3.4054830117978994 -0.42687303912805158 1.3286355446484241 127 141 46 1.6161261045058886 93 66 94 61 95 23
124 -3.1258359688991226 0.33727746823977084 0.80763317975648408 75 91 16 1.2837223785194414 93 73 94 70 95 31 96 89 97 105 99 114 101 120
125 -2.1453380471040786 1.0416808374271673 1.0663932555170361 14 15 7 1.2723144639805932 92 71 94 78
128 -3.482505002191659 -0.22041331948463846 1.3642471734708015 99 112 30 0.27635368994691872 93 88 94 91 96 109
130 -2.7588616881609238 0.5552542927602987 0.57081728849213464 76 91 22 1.649884827549025 93 94 94 102 96 96 97 132 98 121 99 120 101 127 100 134 102 132 91 68
131 -1.9938244057312635 0.74132343006361634 0.77841498536518705 126 141 50 1.999195788205228 92 110 95 62
132 -1.8930045551917101 0.78124588579792109 0.89703311987827505 74 78 64 1.5177311503350612 93 95 94 105
133 -2.2619517618694909 0.28649520463419287 0.73753000011189829 108 110 105 0.22670622064644882 94 112 96 112
134 -2.9318931539403512 -0.77428529067612972 1.4375764422741388 105 119 42 1.7430267781918889 94 129 96 129 90 105 91 92 89 119 87 136 86 108
135 -2.002585853634443 0.86684776489675275 0.72612007680212975 95 110 29 1.1541719458604318 92 130 94 140
136 -2.8357293690992531 1.0570692358000091 0.73829393398567789 141 159 51 1.1431902161324667 93 131 94 143 95 100 96 144
137 -2.6172122711344472 1.2923315768369414 0.74181003412947721 49 49 39 1.1612515342751955 93 136 95 104 96 148 98 152 99 154 101 161 102 166
138 -2.6172419731860397 1.2921587295060144 0.74150396730040524 49 49 39 1.1130405115819848 93 135 95 103 96 147 98 153 99 155 101 162 100 190 102 167
140 -2.3572305903739581 0.69495314442432043 0.64092952485834209 49 58 13 1.8001880306669811 93 169 94 170 90 136 91 151 89 145
141 -2.4788239015689202 0.85578604250092294 0.58243811561974201 116 132 44 0.33275922754973541 93 184 94 172
143 -3.4099190992186288 0.051333358333279601 1.2827488825862794 82 96 21 0.85515500025586433 96 191 95 150 97 238 98 226 99 225 101 235 100 241
144 -3.2806909173978243 0.26805318183466864 0.97565872646820317 175 193 85 1.127512996702063 94 181 95 163 96 202 97 241
146 -1.7855362060544557 0.44986263877410121 1.1432889251152021 77 80 71 1.9628726919642401 88 200 95 173 96 210 85 171
147 -3.18693083500782 2.6417396511310747 2.2846310158858123 32 29 22 1.2171099669959613 95 177 96 214 97 254 99 236
149 -2.1962739183193825 1.1267561416670064 0.64976154283434118 7 7 5 1.3215376010022402 94 208 95 181 96 218 93 207
150 -2.2404747418324278 0.26700203472047768 0.9547872280855928 0 0 0 0.62035099809842142 88 147 92 104
151 -3.2590169552420893 0.83469385484262526 0.91227671937399912 48 57 14 1.9829490283395537 93 158 94 171 95 139 96 180 97 220 98 208 99 209 100 214
152 -2.8510887001162879 -1.0253987490234908 1.5382963584092497 110 128 54 1.736517443045051 93 46 95 3 91 18 89 26 85 30 82 47 83 51 81 45 80 42 77 38 74 56
153 -3.335367272542169 0.51798813197996729 0.863942927126088 101 114 35 1.7645308588203121 94 55 95 11 98 79 101 97 100 137
154 -3.3841133323346266 0.56023243072064111 0.9946302712528815 117 126 59 1.5314529150870717 94 48 95 13 96 54 97 84 98 94 99 94 100 111 101 98 102 103
155 -2.9183294350846882 -1.055634279017142 1.4916326293928941 139 158 77 1.2800319664654105 94 58 95 17 96 47 97 75 98 75
156 -3.0336151106055396 0.34313842256858745 0.73819142669577986 120 135 44 1.441069118832436 95 30 90 26
157 -2.8065565325456689 0.99018360056755583 1.6544353866318073 12 13 5 0.74979998884929933 94 77 95 35 98 125
158 -3.1871093399469745 -0.93311660056723733 1.4200852535431829 120 134 47 2.1192355661354321 92 75 94 86 96 77 98 104 101 106 100 118 102 110 95 45 97 117
159 -2.6260952086574165 -0.83544308843512682 1.7679447329859017 65 86 19 1.9361376596643252 94 88 95 46 93 85 96 79 92 78 97 118 98 105 99 102 101 107 100 119 90 66 93 99
161 -2.7544884153594613 0.082665492032079679 0.90935420234426045 158 176 66 1.9024181597173238 92 82 101 114
162 -2.8318174856908223 0.3712854318213572 0.67713678303538427 125 141 43 1.2447904625485755 94 96 95 54 96 91 98 117 99 117 100 132 90 56
163 -3.1008738335748016 -0.71539448689417462 1.2308390705512755 52 65 12 0.77627227756152395 94 128 95 69 96 105
165 -2.2907029514566797 0.3474145104386957 0.68807585357877055 146 158 61 0.59863765735842744 94 115 95 74
167 -3.3215687883905214 0.73681296840689126 0.97798972072744006 102 112 41 3.0240900525761223 97 204 98 191 99 190 94 158
170 -2.2402202853296864 1.8116890947593225 0.98454326218430765 71 73 62 1.19914924202844 88 186 95 131 96 171
171 -2.9197341944336377 -0.48035073716849791 1.815596125646695 168 170 165 1.3675983829862357 88 164 95 135 96 175 89 139
172 -1.9985121652389028 0.36540357608200497 1.0098114637756699 90 91 83 0.25388442033204062 93 190 97 230
175 -2.8892803219144918 -0.68194131433865046 1.4685235178446245 142 160 77 1.3719646116429076 93 48 92 42 93 53 94 50 94 44 98 76 99 71 101 86 100 98 102 96 90 14 91 20 87 25
177 -2.9516458903543215 -0.66564557851462847 1.451574352090077 43 56 10 2.1103941270851836 88 49 95 19 97 92 98 81 101 88 96 57 99 73 100 92 102 88 90 35 91 44 89 53 87 26
178 -3.2477187959605192 -0.40495137655936991 1.4631013488726112 115 132 40 2.5861722564250194 94 63 96 59 97 97 98 84 100 122
179 -2.9856985698009191 -1.2764321974094626 1.6302930412034327 184 199 155 0.77197529042483248 95 39 96 71 97 113
181 -2.7352646937739333 -0.5894691772896582 1.7785106487914011 166 168 163 0.89577768745900799 96 108 98 106 99 103 101 109
182 -2.2619517618694909 0.28649520463419281 0.73753000011189873 112 114 103 0.2267062206464483 94 111 96 113
183 -1.7488290695677922 1.3870483190807699 1.2707583013868651 66 67 53 1.1428395083458602 94 164 95 101 96 124
185 -1.2558274898950741 0.48084246865313823 1.2318108460693324 81 82 74 1.5099427053621726 88 201 95 174 96 211 89 172
186 -3.18693083500782 2.6417396511310747 2.2846310158858123 36 36 28 1.2171099669959613 95 178 96 215 97 253 99 237
187 -3.1118459231335951 0.28408677977691044 0.82786747616753176 126 142 43 1.5776559721726646 93 70 94 67 96 85 97 122 98 115 101 117 100 128 102 126
188 -3.2412914106011557 0.94831051737687455 0.74166991729346954 56 68 21 2.1196956783703311 94 161 96 166 97 222 96 183 99 211 98 210
189 -3.0627287770947222 0.40284889178407068 0.77105758003902647 96 108 32 2.1234814534196689 96 53 97 81 90 17 91 24
190 -3.2166228885792481 0.58553681093578802 0.77681649205065151 92 103 35 1.0130807544650953 95 14 97 85
191 -3.016959540906416 -1.1453271762185961 1.5019593584858626 161 177 102 1.7982110639423643 97 90 98 74 99 70
192 -3.452109319240511 -0.58290848492467939 1.5387682043912998 136 145 54 2.2805383100487178 95 21 96 49 97 93 99 82 101 108 100 99 102 113
193 -2.7313614800936796 0.035535041826955854 0.90668933522407558 197 207 118 1.1740722348500434 96 60 97 100 98 85
194 -2.9249370840346263 -1.2116290661773115 1.6080610069963621 161 177 95 2.410632424018222 95 40 96 73 97 114 98 101 99 99 100 116
195 -3.3223400031004453 0.50964378158553247 0.79489783475755227 115 124 41 1.8386599720170174 96 65 97 128
198 -3.1008397852457579 -0.74694408788268485 1.3318211420196928 72 87 18 1.0216745933289548 95 70 96 106 97 143 98 134 99 135 101 137 100 147 102 145
199 -3.036215411159445 0.29374975477361531 0.80834048635838207 97 110 20 1.257584407946889 94 113 97 148
200 -1.9569604568780272 0.86575697657430739 0.85065009147424919 118 131 43 1.3531986744791416 97 157 98 144 101 155
202 -2.7550464398660783 0.96963828953199582 1.4865716449802693 93 93 85 1.2206017255622152 96 142 95 98 98 194 99 193
203 -2.3573388546222178 0.68466616983897244 0.65853311014613025 68 79 19 1.8800690702267813 95 116 96 158 97 199 98 187 99 187 101 174 100 180 102 179
204 -2.2064182258599438 0.69357915073865928 0.69675726766617063 124 137 47 1.6831857030027284 92 153 101 175 100 179 97 200
206 -2.47281751666692 0.87248668950853647 0.63449614487957262 135 149 52 1.1091096749927767 96 181 97 219 100 203
211 -2.6482858870040293 0.43668413763026265 0.62608830105005919 0 0 0 0.7076806888546463 92 178 93 180
213 -1.8736276724133538 1.5713639739933556 0.97655164425331475 85 82 73 1.6882434773362807 95 175 97 252 96 212
218 -2.6244446702171351 -0.64914495465951649 1.8260358267299135 174 176 165 2.2578685256886861 94 23 98 56 85 4
220 -3.0726166430559454 -1.1729924148158175 1.4946002198931165 172 187 104 0.97825873190273693 98 73 99 69 101 73 100 90
221 -2.8718570667370211 -0.72482896880242453 1.611660346900978 0 0 0 0.78837809411477611 95 18 96 56 97 76
222 -3.4655928738367758 -0.49863247349565887 1.5081685357561616 132 141 48 1.9625545166001925 97 94 98 82 99 83 101 89 100 120 102 114
223 -2.9510963816370701 0.53317021334832559 0.67659530949869073 95 107 35 2.9780609724722424 97 107 98 92 100 110 102 134
224 -3.3741517138817718 0.51944408895635441 0.94332236928051727 67 78 15 1.5269330280301443 97 108 101 128 100 138 98 93 102 136
225 -3.4069660273139206 0.8611567380792805 1.1738196511934442 100 102 99 0.56455899621382122 98 96 99 79
227 -3.3426370696516465 -0.31623356020685472 1.3883383560896168 131 143 41 0.83544072522255441 97 120 99 107 101 112 100 123 102 119
228 -3.3214125557826368 -0.20123918643035682 1.3383693105118162 147 161 50 2.0433543474760669 96 82 98 110 99 108 101 113 99 137 102 152 100 151
230 -2.798162915617294 1.223620738051046 0.75275455380153466 38 36 23 1.9755691843812289 98 149 99 152 100 168
231 -3.4909260944788456 -0.22230992778903838 1.4271745199769759 104 114 28 1.422958517896121 97 146 98 160 99 160 101 169 100 174 102 173
232 -2.5933904302900253 0.25688971099132013 0.71025789962956221 208 219 127 1.4257294665561202 97 195 98 182 99 182 101 190 100 195 102 174
233 -3.1411583998126869 0.70285024476883007 0.81514723222858887 94 106 34 1.5472614432687404 97 201 98 188 99 188 101 206 102 214
234 -1.5337608164586687 0.99575436549323559 1.1100460933970189 86 88 49 2.1062577458443532 97 205 98 192 99 191 101 196 100 200 102 199
235 -3.4106156415125062 0.94600043163696534 1.0760352406787492 0 0 0 0.38830286799416219 95 140 97 221 96 182
236 -3.4491006775046609 -0.33557310385093214 1.4384546556829039 114 125 33 1.8173311137929324 97 228 98 212 99 215
237 -3.0767043274340842 0.4630973663736227 0.75644909534558291 61 71 18 1.4031485954213132 97 217 98 217 99 202 101 224 100 228 102 232
239 -2.6719501321626651 0.86545277118102371 0.7394093811678043 63 73 20 1.3346847633861225 97 244 98 229 99 229 101 231 100 235 102 241
240 -1.1953662200948996 0.50044721234515932 1.3050473303712422 62 68 64 0.031776544669074508 93 204 94 205
242 -3.129244901750341 -1.1248283257876799 1.468954084545518 96 106 52 1.2714241942063313 97 116 92 60 94 84 95 44 96 76 98 102
243 -3.4178756091410225 1.0775225779346496 1.1088147771570867 16 16 11 1.4959061966282845 93 130 92 164 94 163 95 128 96 168 97 209 99 196 100 206 101 201 102 206
244 -2.7560979711747002 0.23179988049814162 0.75496654714108791 196 208 108 1.2587378643944906 101 143 100 155 102 153 96 111
245 -3.4758798924201932 1.1179330379562249 1.1237459835703991 99 102 95 1.4238081361799544 98 130 100 167 102 165 97 141
246 -2.9187333790223891 -0.020688713075257815 1.4990931342595768 197 210 104 0.37351245591150051 97 260 98 246
248 -3.332462780122067 0.46641663650378606 0.89501480230347985 79 91 19 0.95717604046973082 98 91 99 93 101 96 100 109 102 101
249 -1.3132745972955988 1.1862580391157973 1.4914059943808555 86 82 71 1.5197255437289729 98 97 101 79 100 87
251 -2.9358760669105122 -1.186179405741105 1.5570554257563325 166 181 98 1.6471079426890767 98 100 99 98 101 103 100 115 102 109
252 -3.1920642119350084 -1.0681604373123059 1.446960800818621 196 208 126 1.4609894064238396 98 103 99 100 101 105 100 117 102 143
253 -2.8682801032089422 0.34292491547794746 0.66066947767008977 106 117 23 1.3427512285406644 97 124 99 113 101 118 102 127
254 -2.7657249268873505 0.64667587665385984 0.67997505760468646 81 92 23 0.80690528666407313 98 124 101 130
255 -2.2378797750367196 1.0366238230647955 0.90279140704229521 86 84 67 2.2377877717736716 99 125 101 101 100 112 102 77
257 -3.0133368789599544 -1.2223303257545881 1.5273896076725806 206 221 153 1.6347222404764068 99 131 101 133 100 144 102 141
259 -2.7837407427414522 1.1701760868773206 1.3497466165573422 76 73 66 1.433301476735507 98 99 101 179 100 186
260 -2.7383190324204691 1.2421062784591226 0.67261183966643223 39 39 31 2.2226389677569096 92 114 97 165 91 89 85 98
261 -3.5455013505410342 0.071272997044200884 1.3963133778282468 166 171 167 1.4819327754894223 97 194 99 181 100 194
262 -2.3469924029260691 0.47133125145136934 0.68219239298896017 102 114 30 1.5651980411724022 97 216 98 183 98 203 99 184 101 192 100 197 102 196
263 -1.5293428994974752 0.70452461008501099 1.2690310642288951 0 0 0 0.90957161721803192 94 152 98 185
264 -3.2984697788748085 0.61975934166303137 0.85840257681065424 60 70 17 0.77091278473982472 98 205 99 207 100 213
268 -3.2562335554809247 -0.26585467844121047 1.3727856246902783 193 207 119 1.6050166742465746 98 213 99 216 101 220 100 224
269 -3.2543793538979644 -0.26833635334560713 1.3868950842507755 193 207 119 1.518386590790062 98 214 99 217 101 219 100 223 102 229
270 -3.2788615804465029 0.26085746125122561 0.9904143084335667 0 0 0 0.52910151419033236 98 227 99 226
276 -2.2804592937788271 0.34576236454272502 0.73682121227365227 97 105 40 1.2670311654945194 94 114 95 73 96 114 99 112
277 -1.558762063624388 0.53618273329133992 1.3540704098665972 103 101 81 0.16035746723703909 94 8 99 20
280 -1.766944919743815 0.88274788866901299 0.97490279170997274 197 210 102 2.8054425736921211 98 233 99 233 101 230 102 240
281 -2.7429899225810832 1.0229383907096199 0.48780250967999961 171 188 76 1.0015015280042714 98 234 100 243 102 249
283 -3.0150678525826851 -0.98172195574598531 1.3748952182071226 130 144 56 0.38904140282723992 99 64 101 68 100 83 102 79
285 -3.0906497816379654 -0.27609614323184334 1.4117742990816577 111 128 26 0.79908722304055446 99 77 101 78 102 91
287 -3.4371385016855189 -0.70947245715275054 1.5878552099950296 144 152 66 1.1332771885014779 99 72 101 87 100 93
288 -3.0910599315341307 -0.046991820604186364 1.2268611162591914 172 187 86 1.0589951930858617 99 85 101 92 102 97
289 -2.879224547289994 0.012589021799222269 0.95830412227918071 200 214 127 0.58605006481059452 99 86 101 93 100 103
290 -3.0695856163536579 0.40653395103070467 0.73640927450308102 95 108 29 0.084037235155400444 99 92 101 95 100 108
291 -1.6845816206276689 1.3001421031895564 1.1364985087095696 52 53 35 2.4787718672777168 99 150 101 131 100 142 102 140
292 -2.697706805218302 1.2985978137211922 1.8431029659970275 11 12 7 0.47035794699684952 99 97 101 132 100 143
293 -3.1302680516118215 -1.1182757143901469 1.4412121270421456 174 187 99 0.70262623257638657 99 132 101 134 100 145 102 142
294 -2.9160150610672737 -0.7842404190216915 1.4626366089834126 134 148 61 1.2721128195402804 98 135 99 136 101 138 100 148 102 146
295 -2.49135811679571 0.14103546846365014 0.83972128944766911 195 208 126 0.82797329516285989 98 112 100 124 100 152
296 -2.5396988373615086 0.21661521303926884 0.68123678450726544 165 180 87 0.80866264371964491 99 138 101 140 100 125 102 121
297 -2.3638387547646085 0.22972103956767362 0.85002506749549522 185 198 108 2.0535620553036344 98 161 99 161 100 153
299 -3.0309739418319359 0.29892321891446877 0.85573940288881412 99 112 22 1.0390851924005167 99 141 101 145 100 157
300 -2.0921706743754576 0.53019348875640715 0.8054806848464906 162 174 76 0.65290083311170677 98 142 99 145 101 149 100 161
301 -2.8918464836517992 0.5624220946079197 0.67802830444089224 68 79 19 0.73875289544099765 99 147 101 150 100 163
302 -3.1208719117941768 0.87928086443374376 0.90162144111506348 53 60 19 1.285765722282602 99 171 100 184 102 162
303 -3.0100754139393735 -1.0580306249428011 1.4370730745579512 211 223 157 0.96904572469131356 98 156 99 133 101 164 100 170 102 169
304 -2.1218125995971078 0.70776078760322314 0.87320305964790135 0 0 0 2.2467529761586844 98 168 99 168
305 -1.5822202545864357 1.4298101643978713 1.2923863001162135 37 35 22 1.8620136114834169 98 197 101 181 100 187 102 186
306 -2.8174639836787567 1.1332851307829657 0.64804947461529583 14 13 8 0.97211687774525646 98 173 99 174 101 182 100 188 102 207
307 -2.9451892968137319 -0.46335530079922382 1.6203701218544666 180 180 172 1.3853406959917136 101 188 102 192
308 -3.3148555195947664 0.74771796443176897 1.0506139155764929 130 140 44 1.9420548755033771 98 190 99 189 101 198 100 201 102 201
309 -2.4351735831384853 0.88810768967545139 0.71495705204362181 140 154 56 2.471609928882168 98 193 99 192 101 199 102 202
310 -2.8262112039746614 1.0520955372832326 0.73221494414698429 156 170 57 1.3254775761190745 99 195 101 200 100 205 102 204
311 -3.2978114509915999 0.62128659866046343 0.86710290039536075 59 67 16 1.3293909162521638 98 204 99 206 100 212 101 205 102 213 96 157 95 115 97 218
312 -3.4070543159798383 0.93915063214085859 1.1135241189138587 186 197 95 1.5120707709685721 99 219 100 230 101 211 102 234
316 -2.9492333477863721 1.0347808283714039 1.2780356410250169 8 8 6 1.2648182645137787 99 230 101 227 100 231 102 220
322 -3.1305564608922078 -0.40891225066702896 1.389834430980035 76 93 27 1.7591364808211256 88 86 93 87 92 81 95 49 96 81 101 76 97 96 90 48 91 59 87 75
323 -3.0427429647918869 -0.74653922811444462 1.6572703668816271 34 45 12 2.1712785757468964 96 216 97 259 99 240 101 247 95 179 98 244 100 251
324 -1.5997323443742741 0.57715803297409229 1.3788696441084733 98 98 91 1.3253810070264713 96 39 101 54
327 -1.338557030423738 0.50261980052357957 1.0558053439035697 100 97 88 1.1228576887114585 98 235 101 244 100 245
328 -2.9032327408597771 1.4485561650189596 1.4225172464928841 15 14 9 0.47550057255533751 99 245 102 262
329 -2.8388731452853011 -0.89202214064723584 1.5679372752444416 104 119 41 0.97850071605461086 93 41 100 73
332 -2.8802605413641107 -0.726796853610708 1.5085012532357509 66 82 16 1.0787686555363059 99 65 101 64 100 84 102 80
336 -3.1988729968502208 -0.47511792076497256 1.7743110333141521 0 0 0 0.76579721012585744 99 105 101 91
337 -2.8101353995906835 0.28935817005602632 0.63407887389543671 132 145 39 0.98708461622884469 99 110 101 115 100 126 102 123
338 -2.794148035945736 0.23813925040562645 0.65251443704103007 0 0 0 0.12356765132025564 98 113 99 139
339 -2.6450884703760758 0.30847405185866672 0.79877703678468204 0 0 0 0.75508560889919496 92 121 93 120 94 132
341 -2.4890029706072312 0.43942226540397539 0.60872184297710152 165 177 75 1.8351526253238639 99 183 100 196 102 176
342 -1.4075270355521432 0.71839728641847056 1.4764100520961285 99 116 14 1.1136906016360968 99 185 101 193 100 198 102 197
343 -1.1922705790508841 1.3455043168483309 1.515130646030588 89 85 74 0.95544984559382695 99 194 102 185
344 -3.3763788132877486 0.45978685750307063 1.0205764536268684 79 85 21 0.48125655116750321 99 203 100 211
346 -1.5828382904692424 1.1740817190566601 1.1895680716491521 22 22 13 0.9961723143246245 99 210 101 210 100 216 97 233 102 203 102 219
353 -3.0199468964196732 -0.68766935884072689 1.4897182020705351 35 47 11 1.8434870724281947 92 199 93 205 90 163 91 180 89 174
358 -2.6720902795497157 1.8638075412059816 1.0618160619035393 0 0 0 2.5106324011028951 98 211 101 215
360 -2.2470300717146099 1.0318574777674765 0.88572353325983022 72 71 53 1.8343500531396391 100 113 101 102 102 78
361 -2.5901533043792555 0.91979258361758243 1.2329630133519962 130 146 73 1.4653792579812732 100 81 101 67 102 82
362 -3.0144471505359651 -1.141826452415174 1.5177684329109271 190 207 136 0.88008173932113953 101 74 102 86
364 -3.2129188416223249 0.58204827162892414 0.80745968702251725 94 107 38 1.2205239919408364 98 95 101 100 102 104
365 -2.5723928829881952 0.32618378776883972 0.70504521690349531 155 171 62 0.16857876036230607 100 127 102 124
366 -2.2692767781215886 0.35158788662787815 0.75946231438524747 158 170 72 1.0360813614873057 97 149 101 116 99 142 102 125
367 -2.9433727854507903 0.53770082673141273 0.69760059734893198 0 0 0 0.8985666191861954 99 119 101 125
368 -1.993003619986403 0.85151683039197112 0.78773990868050869 0 0 0 0.79788436750776415 99 149 100 140 100 166
369 -2.7396262247166026 -0.56943445223373534 1.7736566417909794 148 159 155 0.94970061469971134 92 118 91 95
370 -2.9162313321316442 -0.50230762405821383 1.7638834728733868 180 180 170 3.2594531797127404 100 173 102 151
371 -2.8388293049743618 0.36342320967124325 0.59445483759966111 143 155 53 0.62767402625515367 101 147 102 156
372 -2.0285014526691514 0.75015590748191008 0.83326994552065181 120 134 39 1.5055362483161325 100 165 101 153 102 161
373 -3.3513343701923195 1.428462286322385 1.5861771148672277 27 27 19 1.4567652084487082 100 169 101 183 102 187
374 -3.3038963354075905 -0.88379396815162381 1.4941412426538585 125 138 50 1.0956885015742788 100 192 101 187 102 191
375 -3.0833313417818853 -0.28215098309682435 1.5021668694980777 142 160 61 1.4968257465651482 101 189 102 193
377 -2.4638723818055093 0.54386534273094822 0.67739990143537931 0 0 0 0.5589694038367321 99 204 100 229
378 -2.9392091824321147 -0.58370796697926264 1.5337417133282136 50 62 14 2.1467904595871308 97 227 101 217 102 227
380 -3.592730866644354 0.023488974024912825 1.4550776437551047 179 181 176 0.72165491343445543 100 233 102 236
381 -3.2775486493609156 0.25868219960439909 1.0001089971332975 190 206 99 1.9240869937301746 99 227 102 247 98 228
382 -2.8071189893033894 0.98995483444223631 0.31882649811385649 0 0 0 2.0181179315616946 99 234 101 239
385 -2.600340152483779 -0.22545933297468179 2.0691708035305041 173 173 165 0.18913380035951582 100 225 102 230
386 -1.6566528923392323 0.39435231791010622 1.3566707485291922 105 102 93 2.6010958834369058 101 238 102 239
387 -3.329093448611701 1.8370871939534668 1.2477958341884006 66 64 49 0.96734395321076738 101 233 102 243 100 238
388 -1.6282445011399327 0.54440901992449053 1.2803563024674307 65 74 73 1.402377751421809 88 31 90 6 91 10 81 31
389 -3.0336151106055396 0.34313842256858745 0.73819142669577986 92 115 33 1.441069118832436 95 29 90 27
400 -2.183531227398166 0.59653270399100022 0.72201155505776249 0 0 0 1.9959613148435391 92 150 100 178 101 173 102 158
401 -2.4256199087606243 0.71906420600506837 0.68563901430205587 0 0 0 0.48939369293782614 101 154 102 180 100 181
402 -3.2544844855836916 0.82248839293118159 0.91444277562251608 43 55 17 1.9522988224464368 88 155 92 159 91 137 89 133 87 150 90 121 85 129
403 -3.2929789936058702 0.27655763800678335 0.99620932566778952 161 186 85 1.6389540667348601 88 168 101 237 91 147 89 142 87 157
415 -2.4146155304085424 0.33922222292119697 0.68238094565688878 106 123 35 1.3882332889328455 94 134 95 93 96 134 97 174 98 163 99 163 101 171 100 176 90 113 93 146 92 148 91 128
416 -2.6346237925538234 -0.83372533038547958 1.7366587815318648 33 44 9 0.44107714637974527 88 102 95 71 96 107 97 145
418 -3.4872694402623905 1.061144263822053 1.1387046559269745 0 0 0 3.1775521186719899 101 72 102 92
422 -0.95528559469289731 1.034668726162747 1.3268062501864708 79 84 78 1.7642544238068161 93 30 91 8 90 3 89 16
426 -3.1390933882324843 -0.41509400578063893 1.4140780364973664 88 110 37 0.71049007981265644 90 49 93 100 91 60
429 -2.0234815933294548 0.65840246040188977 0.80180341111213727 109 128 47 0.04829430706858364 96 118 86 96
431 -2.9221083593323698 -0.47254919789848215 1.7260719259205528 148 154 152 1.9348956506952724 88 142 90 107 99 180 89 120 91 121
434 -2.9033999852669332 -0.91502157134600248 1.4683760735822251 0 0 0 2.444817194101538 99 179 101 165
436 -2.388716061288036 1.7700395468203578 0.95694068537702393 24 25 19 1.7797627598002765 96 187 91 166 95 144 89 157
437 -1.2419364135441706 0.49346687606587936 1.2424609944074607 63 69 65 0.94246848913919357 92 197 99 235 91 178
440 -3.1818797908199312 0.34478148921911123 0.87574474281174308 84 94 33 1.556792566784178 92 68 95 52 96 92 91 48
442 -3.047345435386609 0.34791622540864148 0.74489401971525626 90 110 38 1.5883775749713394 93 59 89 40
443 -3.0451237014969292 0.35001417543219698 0.72823395410030256 90 110 38 2.276138666251422 93 58 89 41 86 29 84 41
446 -2.931039964701204 -0.48043345184610242 1.8301791124839226 0 0 0 2.6293175080972464 90 128 93 165
448 -2.2224964156433487 1.6591256985929288 0.88417215161182006 23 24 19 1.6304232663155256 97 212 89 150
449 -2.4787841660076522 0.53189374192713057 0.64658488683631543 0 0 0 1.0194000603287998 93 168 95 153
451 -3.1689336763440408 2.6518400576759018 2.3438623743048068 0 0 0 0.5737470508334791 93 202 94 203
455 -2.8797568838328722 1.5319082230684806 1.9627519848330708 0 0 0 1.0768258395073662 93 209 94 210
456 -2.7892769989948332 0.44063075568076865 0.64674318900184424 30 37 9 1.8372985483166897 98 166 92 123 88 127 89 102 91 103 87 115 86 92 90 89 84 117
457 -3.4542100395859201 -0.50489108757626566 1.4735552884449303 0 0 0 1.6223301655840048 89 54 95 47
460 -2.817149583217605 1.0039976162027284 0.8185795010461876 111 137 40 2.5010592047330058 88 80 91 53 87 57 89 60
462 -3.1238556557378923 -0.40509978987058848 1.3758999901723137 0 0 0 2.7869751429660239 89 66 94 62
463 -3.0055165818632212 0.34263811915189679 0.72760097575994209 103 129 38 1.701636123353355 88 89 89 72 91 65 87 79 86 54 85 62 84 75 82 64 83 73 81 58 80 51 79 42
465 -2.8412905894911349 1.1262026815165351 0.70939265503719362 12 13 8 0.4944145102556049 88 101 90 77 91 88 87 90
466 -2.5656356807454559 0.1064226420990626 0.62843984158176847 161 188 93 0.76797831707626329 88 105 91 76 87 93
467 -2.7660792437812538 0.24213483848499462 0.66818767786263811 160 188 86 1.2318528834203595 88 108 92 102 87 96 86 77 85 90 83 92 80 72
468 -2.9038540705090234 0.40050074051868889 0.67353147354243226 55 81 18 1.7259601218819616 88 110 89 83 90 69 91 79 87 98 86 78 85 91 84 84 85 79 82 66 81 59 80 61 79 51 78 46 77 52 76 40 74 38
469 -3.2056725046736712 0.4413784811793523 0.84997422801079314 0 0 0 0.26432244141791356 89 84 93 105
472 -2.5400398916617353 0.19749875855107629 0.74073489372736634 106 133 38 0.7326468252575814 88 124 90 82 87 111 86 88
473 -2.3652574884331816 0.25745104257842444 0.74045958051936744 154 179 95 1.1150279845177504 88 125 90 84 91 99 87 113
474 -2.8256597739474887 0.5044352158509432 0.61995873234675791 101 126 43 1.7737520827012179 91 106 87 116 86 79 85 92 84 102 82 89 89 85 83 94 81 86 80 83 79 76 78 84 77 85 76 79 75 59 73 71
479 -2.9360697635748783 1.1055284003486674 0.67013931394595083 50 55 49 1.4082666425576362 88 118 90 99 91 112 87 132 89 115
482 -2.536328736417186 0.28870228585107155 0.56313774939370209 168 196 109 0.99248580397900543 88 146 89 125 90 111 91 125 87 140
484 -3.2633015564120429 0.28190676004614756 0.90795436499412407 159 189 89 1.6930284303526733 88 167 89 141 90 130 91 146 87 158
485 -2.4642198162936597 0.63682164178089828 -0.096336938612593917 0 0 0 0.17832934033816888 89 144 99 78
486 -2.8332278280103957 0.92541801314037497 0.81099281421341152 13 16 9 1.6176893429128447 88 174 90 140 91 155 87 161 89 146
490 -2.6396111896151697 0.42693397815650952 0.66177513356114537 80 108 31 1.622857929203356 88 179 89 151 90 145 91 162 87 167 86 143
491 -2.348745301390267 0.45812197835912388 0.65845458723419692 46 65 19 1.2421941480116454 90 147 91 164 86 150
492 -2.7791608502212881 0.69153347282626643 0.68429293360361687 72 97 31 0.58483313377558543 88 182 90 148 87 171
498 -3.1270321600819937 0.37012345330486207 0.75663238141909483 117 144 51 3.3730043546298099 93 60 87 49
501 -2.2791626057682799 0.33853758142073981 0.5378010761456915 139 165 78 0.74332371492234406 88 109 90 88 91 77 87 97
502 -1.9859210971911163 0.76028278244642811 0.84076226679374733 107 132 49 2.0688865942609467 88 113 89 109 90 94 87 124 86 99
503 -1.9862488608030346 0.75921056479941362 0.82253005587902617 107 132 49 2.1865311342558664 88 114 89 110 90 95 87 125 86 98 82 117 83 124 78 110
505 -2.0842424586595301 0.32401229520976937 1.0381645731337088 79 94 87 0.30242951881569913 88 187 90 153 87 173
507 -2.9828287376014258 -0.14723143147860998 1.3947908167002225 86 117 23 1.6577176092462622 91 14 86 15 82 33
508 -2.9901500028398225 -1.0018961490723246 1.4372914176040599 67 92 27 1.588159040300974 87 23 88 32 86 19 85 14
509 -3.2917255618163672 -0.86626206829213348 1.4293636985452882 101 121 52 1.7622449221508587 87 36 88 45 89 51 86 21 91 43 85 22
510 -3.2385409134972529 -0.81287687936968933 1.3712529237527635 102 122 53 0.57466006343942577 91 28 86 22 85 23 84 33
511 -3.0295396709415745 0.22120937716581829 0.797702472503242 123 151 49 1.5455058770774386 87 29 88 38 91 23 90 16 86 28 85 28 84 30 83 33
512 -2.8008686609196993 -0.98623736099820858 1.5968724814503459 80 107 40 1.8028482645384556 87 35 88 33 89 27 86 32 90 11 85 31 84 49 83 52 79 33 77 39 76 53 70 84 69 85
513 -2.613090555400436 -0.79519332786733044 1.8229070360339943 138 153 149 1.5245083390794105 87 38 88 48 89 33 86 34 85 33 84 53 81 47 80 44 79 36
514 -3.0121031761718999 0.19690771326149825 0.79533797580512167 95 126 23 2.2345056337677209 87 44 88 54 90 36 91 33 86 38 85 37 84 57 82 39 83 45 81 42 79 17 80 35
515 -3.1594196237136631 0.35482039543128541 0.82624066369312799 120 147 54 2.099992492580101 86 42 85 41 84 60 88 74 82 57 83 62 81 52 80 53 79 44 78 34 78 45 77 50 77 35
516 -3.0280723307526149 0.37894585177456458 0.72718236576669371 56 82 16 1.9918905189085483 87 53 88 58 86 43 85 42 82 42 83 47 80 38
517 -3.0217122437150654 0.42989014461951369 0.70835955736720946 50 74 16 1.2794931803892342 86 44 84 62 83 63 85 43 81 53
518 -2.6633042507578524 -0.89155701922084707 1.6828153723719261 75 102 31 1.6459358823194943 87 37 86 48 85 49 84 51 83 69 82 60
520 -3.1269217242297103 1.0301496441310716 1.1651204430573803 9 10 4 1.4960295184478445 87 31 86 57 85 65
521 -1.5682681733493198 1.0588608107943736 1.1870940291000009 41 48 40 1.3861974998831068 87 69 86 58 85 67
523 -3.3771396770752147 -0.26100546425271548 1.3323488085946271 125 153 53 1.6561715974193896 87 77 88 87 89 68 90 51 85 76 84 81 82 76 80 71 79 61 83 81 77 70
524 -2.8390282366775823 0.3749581407917767 0.66345654942533427 107 131 45 1.8846225689409331 87 66 91 50 82 65 83 83
525 -3.2882442953796018 0.71381186124980278 0.87551279892209566 83 105 41 1.6606526623611888 87 122 88 132 90 72 86 70 89 107 91 84 84 92
526 -3.4759802403806592 1.0773810000352178 1.0541153657709612 65 66 52 0.87286965077993417 88 81 86 73 84 96
527 -3.2935010256555679 0.6317395203304299 0.91064032252917682 50 67 22 1.178975089646854 87 120 86 82 85 94
529 -2.6267681619394452 0.32483126939640194 0.66894258323833877 0 0 0 1.361997520310714 87 114 88 126 90 87 91 126
531 -1.55238221524995 0.57857405351899271 1.210464308552587 155 182 77 1.634437969819464 87 118 86 94 85 110 84 137 82 114 83 110 81 113 80 103 79 100 78 108
536 -1.9956077314604528 1.3618239918660551 0.87527773534787723 19 21 16 2.2290737155274738 91 116 86 104
537 -2.9313142801619385 -0.78424278970257488 1.4755543583109911 0 0 0 2.8887083770462105 88 121 97 168
538 -2.6306702906158237 -0.80612431113565164 1.6259658687647711 45 65 16 1.563680693939858 87 106 89 92 91 93 86 109 82 94 83 99
541 -2.2925106233015726 0.33350390129163182 0.68323079766471007 0 0 0 3.5213672346621245 89 81 92 105
542 -3.0931095340064987 0.60697148644847743 0.7712229382140231 29 43 8 1.9308015918446411 87 147 88 152 89 129 86 120
543 -1.8840373253832372 0.81463009060782732 1.0641391532652014 64 77 70 2.1457268687716096 89 87 86 125 87 126
544 -2.4604738122904939 0.85444580127331526 0.65260519628489588 88 109 42 2.0244443044899842 87 151 88 156 89 134 90 122 91 138 85 144 86 126 83 141 81 130 80 108 79 102
546 -2.8878221110018769 -0.93383939404933503 1.4822203248633046 9 13 22 0.84236124670264412 87 155 88 163 86 131 85 135 84 142 82 125 83 131 81 121 80 112 79 119 78 115 77 125
547 -2.5560172701086432 0.67113068595372083 0.55817588184250655 55 75 22 0.43488937256899551 87 160 86 137 91 150 85 142
550 -2.4541925105675872 1.032976990263045 0.68248270867963889 77 99 34 2.0896000548447002 87 163 88 185 89 147 90 141 91 156 85 147 86 145 83 151 82 141
551 -2.3547641551580756 0.45402284364062023 0.68749333567122517 42 57 14 1.1751744404728541 89 153 86 151 85 158
553 -1.8184964602217317 0.88309325601494904 0.74938103291452318 0 0 0 1.4506439613715585 88 193 89 163 90 156 91 173 87 179
554 -3.2541315011493332 -0.29102469976776596 1.4188575533862327 147 171 72 2.1988026526292721 89 122 93 177 87 138 94 178 95 148 96 190
555 -3.1639710197356448 -0.92440965234232186 1.3608503941230756 110 130 59 1.9519434865955538 87 34 88 44 89 50 86 33 85 32 82 49 84 50 80 43 79 22 78 26
556 -3.4484206903440495 -0.35595204083803428 1.3938280347116778 98 126 39 1.6748612900374533 87 110 88 123 90 108 91 122 86 86 89 121 85 104 84 111 82 96 83 100 81 91
557 -2.2571048914147944 0.2743268507881137 0.79318499189121261 0 0 0 3.362553703106772 89 100 92 103
558 -2.9017233383751444 -0.69980578614889788 1.4948316633572676 90 108 44 1.3362654320427498 87 1 85 1 88 1
561 -2.8913541861389525 -1.094410216635022 1.5535568918613727 91 119 43 1.4586736142522296 86 11 85 13 84 24 82 30 83 25 81 32 80 26 79 20 78 23
562 -2.9978039953415179 -0.21128759662385257 1.3581416344015869 119 145 54 1.5256371616748852 86 8 85 18
563 -3.0849559016647001 -0.23463288461155565 1.3629575530697147 122 148 61 1.6372892319336276 89 20 85 24 84 35 82 53 83 42 79 12
564 -2.9412219942419413 -0.082553199817424941 1.3966587851408512 89 116 21 1.5071446639691193 86 17 85 26 84 39 83 44 82 36
566 -3.1667526778243862 0.35413372091688478 0.83724156480514667 121 145 58 2.1172583276228694 86 41 89 57 90 28 85 40 84 61 82 56 78 35
567 -2.4475938735704053 1.1198750064404728 0.71470056032354379 42 53 19 0.89893679193866571 88 64 85 47
568 -3.1181646179065106 -0.87110119307034906 1.3270110976809151 58 79 23 1.8379777425423811 86 47 82 59 83 68 81 55 80 57 79 34 78 40
569 -3.4637800142413284 -0.39381741453708252 1.3980986019639736 91 116 33 2.0329675742956859 86 51 85 54 84 68 82 63 79 38
570 -2.1749930073875312 1.0988425352927988 1.0873827114161501 47 48 40 1.0935674589162059 86 59 85 68 84 63
571 -2.1749930073875312 1.0988425352927988 1.0873827114161501 47 48 40 1.0935674589162059 86 60 85 69 84 64
572 -3.0288395268907409 -1.1499144864918036 1.4647162655727133 93 120 41 0.83400693421490601 86 62 87 71 88 83 85 73 89 63 90 43 91 57 84 77 82 71 83 78 81 67 80 68
573 -3.4728725899016171 -0.22983136748143476 1.353833225655416 100 124 40 1.4613608188765361 86 52 87 78 88 88 89 69 91 62 85 77
575 -2.8284633471123679 0.55641512621916844 0.66023667040276612 66 88 26 1.878731754190071 86 69 87 84 84 90 82 80
577 -2.7584027123583765 -0.57871169837634939 1.8266685098643067 123 137 137 1.6222796509453905 87 108 80 86 79 82 78 89
579 -3.0115346728812544 0.91497683760078319 1.0189470099949396 67 70 49 2.1342334212308254 86 127 85 113
581 -3.4051957538402315 1.0590911697156054 1.0471598488279978 14 15 9 1.6066365776597022 86 101 88 136 89 114 91 111 85 115 84 121 82 92 83 113 90 98
582 -2.7163749786009657 -0.90700711791263167 1.5261790006115548 136 163 94 1.1382661532274696 86 106 84 128 85 116
583 -2.7163749786009657 -0.90700711791263167 1.5261790006115548 141 167 102 1.1382661532274696 86 107 85 117 84 129
584 -3.1652206166365549 -0.22539011067934714 1.1231743793894151 119 145 48 0.9531564499242634 85 118 84 130 82 106
585 -3.1286171240497871 -0.093451731990591799 1.2357026191901781 122 148 49 0.032914957837632118 86 111 85 119
586 -3.3952224186421027 0.037812013017357496 1.2383037824433831 0 0 0 1.853249539256584 86 112 87 156 88 166 90 129 89 140 91 145
587 -1.5702806979935739 0.68852780612653319 1.1978546460295252 59 85 15 2.0295210117371409 85 126 84 138
589 -2.9464641117239094 -0.77594034787016875 1.5152401795483301 63 84 27 2.2968624357498633 97 215 85 136 83 133
590 -2.4281873565342122 0.33941711927814922 0.76690821665797915 60 85 19 1.1031351018982396 86 134 85 139
591 -2.4687359766611818 0.54274124017453063 0.56555466560001966 97 120 42 1.4215817328866327 86 135 85 140 84 146 83 147
592 -2.3494117746471121 0.88826725812884788 0.68289966088552545 10 13 6 1.3333559135391282 86 139 87 172 88 184 89 156 85 145 77 121
594 -2.7511384765545208 0.67415241512674617 0.6006770401375362 76 98 33 1.8918070187359173 86 144 85 151
599 -1.8278751718549304 1.3572831007575057 0.9855616886824885 57 63 59 0.19769468385055594 86 158 85 164
600 -1.6473365543715943 1.1425988118236459 1.1712131855459971 11 11 9 1.3771490763722223 86 156 87 180 88 194 84 170 82 153 85 168 83 160 81 154 80 142 79 143 78 147 77 151 73 165 72 164 71 157 70 179 69 179
601 -1.7921187561411771 0.44424317094515442 1.0846525051953386 0 0 0 1.6108473509638941 86 161 97 251
602 -3.0866574877485311 -0.75144627513090689 1.7922165061158917 16 26 1 1.0623683373066592 86 163 85 172
604 -2.8203127331470492 0.26351828811892064 0.68187320014902686 100 125 31 1.4971732723381528 85 38 84 58 82 55 83 59 81 51 80 50 79 41 78 31 77 33 76 36 74 36
605 -1.5436515619599234 1.0751247264921533 1.2982551192140315 47 53 46 0.6716701911977272 88 98 85 97
606 -3.2544039296814411 0.29870536968339267 0.88467888216229673 158 184 97 1.9334154443944034 85 123 84 133 82 98 83 103 81 94 80 87 79 85 78 82 77 82
607 -6.0983918812843987 -6.8050663371626561 10.605187904877747 0 0 0 0.45697486294973239 88 161 91 143 93 163
608 -2.8915019278557841 -0.64670645318424558 1.8158655276288111 19 29 5 1.7928696379034519 95 134 85 137
610 -3.0511493064170581 -1.2125951499368945 1.4943279362758743 150 167 110 1.8286146071310023 85 21 84 32 82 46 83 50 78 21 77 28 74 40 73 38
611 -2.853548432498719 0.076067206612907903 0.88871245343706784 133 159 53 1.8671141064193715 85 27 84 40 82 38 81 41 80 34 79 30 83 31 78 30 77 47
612 -2.8300241597404083 0.3372034008367234 0.62451826699691082 85 110 25 2.7134939382257994 85 60 84 73 83 60 80 52 79 43
613 -2.905805714673344 0.40236790211262846 0.67553983449564781 55 79 17 1.1527442488621173 85 80 84 85 82 67 81 60 80 62 78 47 76 39
616 -2.518979098711263 0.19954772022610986 0.6975602413242048 103 127 38 1.2772124432093086 83 120 82 111 81 110 80 100 79 94 78 101 77 102 76 111 75 92 74 120 73 107 72 105 71 109 70 121 69 124 68 127 67 146
617 -2.7961906973848434 0.36369365229391581 0.66227965454632143 111 136 45 1.9806625313698358 91 102 84 115 82 101 83 106 81 96 80 88 79 86 78 93
618 -2.7830819347553026 0.43963574684117618 0.64603754477887188 0 0 0 1.5996497758793982 85 108 93 122 99 166
620 -3.4089398550618526 0.95156852305806328 1.0358294922346023 0 0 0 2.2351538471264942 90 97 94 173 91 140
623 -2.1718229405584615 0.59303016856273327 0.65434942985479605 0 0 0 0.12398678377392366 86 136 89 127
624 -1.9951518800905352 0.89068344389086651 0.72799307250690415 47 64 20 2.7777504631410834 91 139 84 149 83 142
627 -1.8226224159260518 0.88174380835515687 0.80763082944423148 0 0 0 1.6791475412878627 92 189 93 198
628 -3.2029488047167702 1.1303858833911336 1.0190295837158214 7 7 5 1.6891914397190966 85 166 84 168 83 158
629 -3.2299515000610772 1.1416865442097268 1.0753131554513697 7 7 5 1.3526206105267815 85 167 84 169
630 -2.1901784661520987 1.1697407692814936 0.79666759471659232 6 6 4 1.9393472801938278 85 176 86 166 84 177 83 167
631 -2.8293170212695173 1.1090893687347334 0.65953728777463672 31 34 20 1.343372312276266 85 71 86 61 84 65
632 -2.8683365125498059 0.86637054936658897 0.69139683747499914 62 67 44 2.7091732197213076 97 182 84 106
633 -1.8974202688649617 0.82613141446109206 0.99010857708763822 68 80 76 1.6672320893802466 85 112 84 119 77 119
634 -2.7963360693203869 -0.87689576259427815 1.5586558607058763 59 85 22 1.1740590671745534 84 17 82 23 81 13
635 -3.133983514705958 -0.27107636950124731 1.3731373011023709 72 100 23 1.920946765398327 84 27 82 24 81 16 80 15 78 11 77 18
637 -0.94434939540684149 1.0390925864199931 1.4484632071805934 70 82 78 0.52669846793703767 85 12 82 29 83 35
638 -3.3080397049794743 0.18692236807187484 1.0006558609976581 117 117 91 1.5442729373125637 84 29 82 40 83 32 81 30 80 24 79 18 78 20 77 27 76 35
639 -3.0185532403656592 -1.1377667112213095 1.4429344693563473 97 124 43 2.1975176889981682 84 78 82 70 83 77 81 66 80 67 79 57 78 50 76 50 77 56 75 26 71 44
640 -3.0537064830151484 -1.0554204050053033 1.4060630848267619 158 182 106 1.8095258395071796 85 74 82 74 83 79 81 70 80 69 79 59 78 67 77 69 76 73 75 54 73 80 71 73 70 97 69 83
641 -3.0235081763453384 -0.37761184878478116 1.5890110210348352 50 70 21 1.7549780646616804 84 80 85 55 83 80 82 75
643 -2.8063976280161524 0.69620304901173857 0.61290038816616088 78 100 36 1.0062581748439894 85 96 82 84 83 95 81 79 79 65
644 -2.607177613813624 0.33148381827219919 0.61977065112665386 109 134 42 1.2980963370019438 84 134 82 100 86 90 83 105
646 -2.5633871710220077 0.66303388541225927 0.59610866552428288 53 73 22 1.4116642945041395 84 148 82 132 83 140 79 113 78 120
649 -2.3533609701499731 0.44980278198631163 0.68176669195605022 40 55 16 0.84625271675335578 84 158 82 146 83 155 81 145 80 135
656 -3.2911452956089984 0.71433986536009642 0.88424710380094451 67 85 32 1.8165147277152016 84 93 86 71 88 131 89 106 90 71 91 83 87 121 85 95 82 82
658 -1.5923180503040038 1.4472169245373674 1.3840016577476877 22 24 21 0.98204044343424024 89 148 91 157 82 134 83 144
660 -3.1008316480599203 -0.0045368430378246848 1.1063844161439165 137 163 56 1.4937803209299314 82 21 84 21 83 22 81 15 79 16 78 15 77 25
661 -3.0309579055953404 -0.20239008175840598 1.4282602725606863 69 98 14 2.5878960849646919 87 20 83 29
663 -2.8473610846179946 0.28581689194413046 0.70218273882228965 128 154 53 0.84724613163164042 82 41 83 46 81 43 80 36 79 31 78 33
664 -3.1410868448597391 -0.41218727726889237 1.4468750811835389 74 97 28 1.8348971782398287 84 67 85 53 83 54
665 -3.0232192740536963 -0.2476705602153762 1.5901248488222284 100 125 45 1.7346058657207792 81 49 80 47 78 58 77 61 79 40 76 74 74 79
667 -2.8757278610155756 -1.1945142587818856 1.7005941686004669 103 130 49 2.1507342081761807 90 44 83 67 87 72 88 84 89 64
668 -2.9503504439931341 -0.13423310119334073 1.4749894776641879 134 161 68 1.1632687419963903 84 70 83 72 81 75 77 79
669 -3.0089395389063864 0.89032512093842719 0.99869237921906784 60 67 42 0.99341831541420278 82 86 83 88 81 64
670 -1.9165187845689522 0.85149936942633198 0.94728003938496952 73 85 81 1.7662591991261571 85 64 83 89
672 -2.9288330547123 -1.0217169366596133 1.3621240265169601 139 165 92 1.049791645715322 82 93 81 88 80 85 79 81 78 80
673 -2.6520149995612816 -0.84060195171000107 1.7384702249680557 38 55 13 1.7270501605458441 84 109 85 100 80 95 79 90 78 98
674 -3.3690889080802773 0.24315447150143363 0.94049455117568048 90 88 67 1.5838483675275432 84 113 83 102
675 -3.0850639420311659 0.31261555301748239 0.78967408478739631 76 104 21 1.7598944416898117 84 114 81 84 79 62 79 74 78 71 77 64 76 61 80 73 75 37 74 65 73 47 72 44 71 40 70 31
677 -2.5182478138977187 0.19960612779763443 0.69674600200809311 103 128 36 1.2004448415338937 82 112 83 121 81 111 80 101 79 95 78 102 77 103 76 112
678 -3.2179439459400587 0.7066132166498944 0.83603486502763813 66 87 31 1.7431831547994021 82 115 83 122 81 114 80 104 79 98 78 106 77 104
681 -2.5972023824003334 0.23998853147633775 0.61272595755559578 163 189 88 1.8308505717054502 83 136 80 118 78 118
682 -1.6042493183560114 1.4486088682920475 1.3930466108549429 21 23 20 0.79650603422419408 86 142 84 151 81 135
683 -2.5923577774821793 0.42519890456048071 0.5248600032803119 0 0 0 0.12240878962301556 84 152 85 150
684 -2.7571994187991713 0.66550090216409974 0.62214360627770837 79 102 34 2.3816244993280953 82 139 84 153 83 148 81 140 80 127 79 124 77 114
686 -2.7586865829326905 1.0604223872600218 0.66466989117179875 131 156 62 0.5899153607177533 82 140 83 150
688 -2.1851715587155174 1.1604346140733679 0.78538386156803419 0 0 0 1.7798924071784112 82 161 90 166 91 183
689 -2.5540153954954139 0.19365422388017273 0.40332786781030022 158 184 83 1.1240454106024769 82 157 80 150 79 147
690 -3.0919292534184071 0.98750544328068468 1.1868837049473695 62 67 45 1.5492611279546342 84 76 83 66 82 58
692 -3.3008167306596734 1.4806159147533511 1.0307071745004668 21 22 16 1.1869256308322234 90 143 78 87 91 158
693 -1.7677042225011896 0.42214835755464475 1.1438061169598683 0 0 0 3.3540333508820872 82 159 84 174
694 -2.9370147459126938 -1.0050085088923246 1.5372056357559607 33 40 50 1.3526223728815532 82 22 83 20 79 8 78 10 77 16 76 21 75 10 74 19 73 21
696 -3.0653738555617225 -0.24625683865147591 1.4059016302217935 50 81 14 1.3532016182202879 88 26 90 9 81 27
697 -3.4525810246530981 0.96538860047278541 1.0050869258266077 63 64 50 0.38889162448257819 86 30 81 44
698 -3.269732433829831 0.71225411501663449 0.85140448994086881 82 102 41 1.2184824151035427 82 83 79 55 78 64 77 54
699 -2.939771855338194 -0.72498431728228119 1.4371086951108338 58 78 25 2.1039103104208232 82 50 83 70 81 57 80 59 79 49 78 55 77 60 76 64 75 41 74 67 73 63 72 75
700 -3.0584020904464255 0.48369609592182827 0.75617453730010031 46 67 12 1.2460054186763589 82 77 81 63 80 54 79 54 78 48 77 53
701 -2.9052759157192578 -1.2111354278522861 1.7484736234868241 98 127 45 1.0160292024780426 82 72 81 68 79 58
702 -2.7879820747176662 1.0729354779774707 0.54356799379750476 7 7 5 1.2038443657345121 82 87 81 81 80 76
703 -3.4205253560237066 0.017485157286242836 1.2578992927848545 111 134 44 0.60000565819002349 82 108 83 119 81 92 80 79 79 73
704 -1.8965199671421127 0.83928839817303957 0.88618527587696094 63 77 77 0.74466847296832694 81 101 83 96 80 91
708 -1.964708494074394 0.94885782361476878 0.79701958566169062 47 63 18 1.0586881737813247 82 122 81 118 78 113 79 105
709 -2.376912629283666 1.0262854389955385 0.77841899214510257 4 4 2 1.5261147692219066 82 123 83 128 81 119
710 -2.9316172581172686 -0.44587117544764887 1.7320659872169604 153 151 130 1.3278498576055964 82 127 80 115 79 107 74 132
711 -2.2214463548804253 0.47839142745984203 0.96478695926897551 141 167 80 0.94085495161314969 81 125 80 125
712 -2.4364857706622369 1.0306698965680707 0.65063198562085478 68 90 28 1.5943435287076169 84 150 80 130 79 127 81 131 78 132 77 135
718 -3.0079857761914739 1.0596036124940025 0.69906184381480041 9 10 5 0.99668725487656962 82 151 81 152
721 -2.4761897034898643 0.42023929597590587 0.66243437278066741 77 94 31 1.7894489775068365 82 102 81 85 87 144 88 149 89 101 90 114 91 129 86 91 83 107
722 -3.1671927619990456 -0.20168714735582602 1.2847244048354338 87 116 26 1.0103443157923029 83 27 81 18 74 22 72 36
723 -3.4004584930922488 1.2103681314807757 0.96547712010473852 63 65 52 1.8910822428376826 86 140 80 121 79 116
724 -1.9853449696934886 1.3456446123279808 0.83790138417346904 18 19 14 0.40913940747248079 82 133 81 134
725 -5.668042181057273 -8.0239402048031092 10.830288561174438 118 142 146 0.68663839926969883 87 178 81 153
726 -1.9075593621227438 1.4984248746826765 1.4208095487640764 58 69 65 1.3670886397827777 82 154 81 156
727 -3.1436223904559886 -0.25372073217767316 1.3531825437166884 106 130 44 1.5817906030324249 77 13 76 18 73 22 72 27 71 19 67 48 80 13
728 -2.9179069634019568 0.046720637799668632 0.93592043918703749 143 169 62 0.32198607478754004 81 23 80 23 78 17
729 -3.3610230766828311 -0.25829430320258723 1.3163769190841581 0 0 0 1.1993860961492173 81 74 86 63
730 -2.7954730437715738 -1.1537972341467655 1.7045167184815453 162 160 135 0.62524600658191032 82 73 81 83 75 53
731 -3.09258888645528 0.45963004108162225 0.78678107115431217 0 0 0 1.5998727565537196 81 97 82 103
732 -2.0297127578466503 0.65014196818522152 0.81464342923756794 105 127 44 2.0842617938370815 91 82 80 90
734 -2.4735984835351719 0.8531514202692968 0.6828941561450016 0 0 0 2.1306687771360626 81 117 82 118
736 -2.4264495572135867 0.53733961751003245 0.46907949291141027 94 117 39 0.89470795292966743 81 127 82 138 80 126 79 122 78 125
737 -2.7514889375791367 1.0692506594206679 0.64018180389238699 132 155 65 1.8993024255300288 80 129 79 126 78 131 77 133
738 -3.0386223312643588 -0.71068857701887578 1.5734639791274168 29 38 10 1.3477636853659682 89 175 90 164 91 181 80 148
739 -2.8896047423345133 -0.69050531940230941 1.4659386781060089 87 108 44 0.9517419500303772 81 1 80 1 76 5 74 1
740 -2.9104242372381601 -0.063884650030460677 1.3430509396314443 62 90 13 0.13268515930715366 81 39 80 48
742 -3.3623339778988548 0.26405708872728278 0.90692476314799364 87 85 64 1.3621612356200288 81 93 79 84
744 -3.1589512532680661 -0.055419659795098365 1.1867787685294366 119 144 40 1.911906353848954 82 25 80 18 78 14
745 -2.6441481917128589 1.2143520736199032 0.51306163451928422 35 36 28 1.1142912724149774 83 90 79 69 78 77
747 -2.7200102047158903 -0.73344290533214174 1.7700198466565502 33 44 10 0.45957962143768993 82 143 80 134
749 -3.0704767711736998 -0.72483578189124798 1.6285703990272853 29 38 10 0.73014675419042196 81 161 83 162 80 147
750 -3.1107819522369637 -0.37953678806737395 1.3920190671766794 70 92 28 2.6196444069884945 81 35 79 24 74 44 75 32
751 -3.0200106609160184 -0.23132016053327659 1.403137962312192 116 140 54 2.7398583237813043 80 33 88 24 79 27
753 -2.8158447138459217 -1.0019012464151635 1.6150302410841841 66 92 29 1.4573495499063758 80 56 82 48 78 52 81 46
754 -2.8009705213348801 -0.9185990210836612 1.5927114473146333 113 134 69 1.3739515026452254 80 58 81 56 79 35 78 53
756 -3.4709144961074796 -0.33153807930704154 1.4008816052902076 101 123 40 0.9098048865759516 80 60 81 73 79 50 78 57
757 -2.7717281683504362 0.75181921944867058 0.59628657588087852 71 90 34 2.0734545087207836 82 85 79 66 78 73 74 73 76 82
758 -3.400436463351963 1.0601699515288265 1.0204822265044589 13 14 8 1.0970403693359143 87 131 79 79 78 85
760 -2.5854641002585308 0.95917143007500083 0.57751632957658683 54 71 19 2.4648641902314594 80 93 79 88 78 95 76 97 75 77 73 90 77 95
764 -2.7447061970088389 -0.75525672090776041 1.8049194522988017 33 44 10 1.6157150432499565 77 141 76 143 74 150 75 125 72 147 70 169 69 170 68 170 67 190 66 185 65 215 64 149
767 -3.0640351220180437 1.0783207117745837 0.78621020575261047 9 10 5 1.7845930069208873 81 147 80 136 79 131 82 150 81 151 78 130
769 -2.8381972864086946 -1.0621541106121339 1.5537395820735578 71 98 31 0.35453540173425141 79 32 80 41 77 37
770 -2.9558298612365204 -1.0035694649217544 1.396701700258526 131 156 87 0.72304189596719215 79 21 80 27 78 25
771 -2.6817006938077919 -0.85408303510073769 1.5729606629750568 58 81 25 1.1064783674901852 79 23 80 29 78 27
772 -3.051758012947472 0.37392727739568526 0.75213823396396595 73 100 23 1.5792725637672316 79 45 80 37 78 36 76 48 75 24 74 37 73 37
773 -2.8353323747349615 -1.0058236517300212 1.5086244410695311 0 0 0 0.82420025054347978 84 48 86 20
775 -3.4051043874613711 1.0563955367424354 1.0197104989610544 15 16 8 1.0061549292842389 79 67 78 75 77 74
776 -2.4348515013723473 0.42910579361319928 0.58938122336204235 96 120 42 1.3748037870525578 79 75 80 82 78 83 77 83 76 94 75 70 74 95 73 95
778 -2.6100360300747605 0.077811860138503358 0.83009222018916029 159 185 92 0.55937180062261582 86 76 77 100
780 -2.6933881294667876 -0.71028469831562802 1.8870699793175711 23 33 8 1.3810664306881586 79 91 80 96 81 90 78 99 77 97 76 108 75 88 74 117 73 114 72 109 71 116 70 132 69 133 68 137 67 158 66 151 65 180 64 107 63 138
781 -3.1515664730071515 -0.15786018931643905 1.2753533926239831 111 137 46 1.8896795107780875 78 100 77 98 76 110 75 79
782 -2.3571960820381861 0.87873308218893131 0.66987877931954798 5 7 2 1.991323368184762 91 154 78 112 90 139
786 -2.7345352614142486 -0.99363840766918143 1.6937561146981535 157 176 124 1.3859900788019737 79 106 78 116 77 112 76 121 71 121
787 -3.0493752317169509 -0.24118727531400017 1.233651930460953 0 0 0 0.30078690856122536 79 15 83 19
788 -2.8336577890299277 -1.0993993599058915 1.5423818951444332 102 132 62 1.5975692784593742 78 22 77 36 76 51 74 66 75 40
790 -1.5689051502099314 0.52561516847890821 1.2353647455278312 70 85 82 2.4207030375881438 78 63 73 74
791 -2.8382585106796219 -1.149523403862726 1.6487854506511317 88 118 44 0.92008762845671965 78 66 76 72 74 76 73 77 72 83 71 84
794 -1.7116717226198803 0.7029035586129585 1.2055300338062611 48 58 58 0.55799806685665509 84 159 77 136
795 -2.7447061970088389 -0.75525672090776041 1.8049194522988017 33 49 13 1.6157150432499565 77 140 76 144 74 149 75 126 72 146 70 170 69 171 68 169 67 191 66 186 65 216 64 150
796 -2.3564343985976426 0.45783250756789085 0.68650142418233773 42 57 16 0.41101857972417788 78 139 79 136
797 -1.824398078610284 0.92450428209295132 0.96562576717239945 0 0 0 0.014158442272548146 82 149 83 156
798 -1.7771476430304809 1.3234318174983963 0.79997643756779724 57 60 51 0.96684816538351104 83 159 77 146
799 -3.0394203490898981 -0.74152413894341207 1.6458456485856607 98 119 55 1.0599446488883308 76 161 74 164 73 167 73 168 77 152
800 -4.9696766914528165 -1.1886429548159363 6.4561627854798571 149 148 128 0.34445708984500412 79 139 77 154
802 -2.9099539053992731 -0.66226855455113731 1.4305649523985975 51 65 29 0.63433823172398918 80 12 76 6
803 -3.6053806678943583 -0.36163862815104786 2.0016258154329503 40 62 13 1.6009538461421453 80 17 76 33
804 -2.7714852221208504 -0.91598400709802763 1.5490158658158388 106 131 63 1.3891952821891069 77 59 76 54 74 57
806 -2.902818867059493 -0.69958275685096183 1.5316084731495347 117 140 72 1.5828298939105561 83 39 76 56 75 29 74 61 73 53
807 -3.0674691128565819 -0.29366930317276219 1.4120930706055206 90 116 42 1.3629634302120668 77 44 79 39 73 57
808 -3.0679043952751943 0.46986066482284389 0.76033248628337324 74 101 30 0.95870815674620313 77 84 76 76 75 58 74 84
809 -3.0550694290168536 -0.37649094232105301 1.6471366619976562 0 0 0 1.4785368759120121 78 68 80 70 79 60
810 -2.3434826898080159 0.23665226277517473 0.99600130914541818 170 197 116 0.73635846218382905 77 81 76 90 75 80
811 -3.2826010036005808 0.42869498589794136 0.85940797418828685 109 134 51 1.8473548020600334 77 92 76 93 75 57 74 83 73 69 72 78
812 -2.8579951543567756 -1.1076742287988666 1.6788327537921197 87 114 43 1.4776648657383971 76 100 74 106 77 96
813 -3.2276224956920694 0.045661735316723392 1.0022647255668446 132 130 107 0.46757865236205454 78 91 75 89
814 -2.2735403205264726 0.33241416343020003 0.74136818179373742 145 170 86 1.2180680536875783 77 90 76 102 75 95 74 123 73 117 72 112
815 -3.3503567058189163 0.95967960599758395 0.97450663318624475 76 97 40 0.97768329653270158 77 107 76 107 75 82 73 87 74 111
818 -2.6577538357299768 0.064519150618808516 0.87572161143063099 165 189 103 1.1420366169571483 78 92 76 123 75 106
822 -2.1952891558183514 0.48641738661840023 0.90965972747041424 157 185 100 1.3281619124912205 78 124 76 141 79 111 73 150 74 153
823 -3.4308014833598151 1.5488228496762031 1.3591996112204956 26 27 21 0.923266176735559 77 144 76 148
824 -3.4308014833598155 1.5488228496762038 1.3591996112204963 26 27 21 0.92326617673557232 77 145 76 149
825 -1.7617793238162485 1.3408837598214529 0.84965785087080614 62 63 55 2.1140932122682248 81 157 76 155 75 135 73 160
826 -3.056245836987229 -0.73773803327959742 1.6548434952270366 98 124 62 1.294200411509568 78 149 72 168 71 158 70 180 69 180 68 180
835 -3.162084433648241 -0.25881708769084566 1.3411950442511678 69 92 22 2.3324533153727156 78 12 72 30 71 36 69 37
836 -3.1648974404140549 -0.23406138732971293 1.318767501710445 84 106 31 2.8263000241556346 80 16 74 20 79 11 69 31
837 -3.4021866013766728 0.27245446429341263 0.96827046618924051 85 78 62 1.6024444761253145 72 43 75 43 76 60 74 64
842 -6.5265194070554875 -1.3116843483696403 11.958777509138892 160 153 135 0.40521614211580381 78 117 75 119 80 116
850 -2.6301680100371581 0.8797870892822226 0.55753360805392738 77 97 38 2.0722509026295919 76 83 75 62 74 88 73 88 71 91
853 -2.8382201974354366 0.01156795525832352 1.3021855983036965 36 60 8 1.6751370108707739 75 16 76 26 74 25
854 -2.8382201974354517 0.011567955258321279 1.3021855983037136 36 60 8 1.6751370108707031 75 17 76 27 74 26
856 -2.8816049262163217 -1.0822159443498092 1.5371512957173656 81 108 39 1.5344243175761609 77 22 74 32 73 29 70 58
857 -3.071664931658181 -0.38916587682352638 1.4329897358916222 60 83 29 2.2606957665085323 75 15 82 26 74 34
858 -2.6126906947186024 0.1176642668372892 1.1201357556071214 102 132 39 1.9131083492681353 76 34 74 49 75 22
861 -2.6610150879558758 -0.83031798581836247 1.9356363354703432 0 0 0 1.905263111470221 77 41 78 41 82 61
863 -3.2532138500874606 0.56892359978031182 0.84134119660956441 84 106 43 1.076445647244467 75 44 76 80 74 70 73 72 72 72
864 -2.844859726563858 0.60662509345506666 0.63040224065786932 104 126 54 1.2843983437061617 75 45 76 67 74 71 73 60
865 -2.9758508059725206 0.66944454988248936 0.71687360015585566 63 87 27 0.54507813682452144 75 46 76 81 74 72
866 -2.7605721043708646 -1.1293211965362011 1.6629754225306101 154 153 135 1.7662092058448255 78 79 79 71 80 78 71 85 72 73
867 -3.0352026393282032 0.60174446350651278 0.73177447064974566 54 77 25 1.1413118036705858 75 60 76 96 74 87
870 -2.7578300275499599 0.37077525029054609 0.61919112530964371 125 151 62 1.4207021813956757 75 68 76 91 74 94 73 94
871 -2.1867165055666682 0.42898219047966357 0.8814643657096094 104 134 46 1.1967834623570031 75 71 76 95 74 96 73 96 71 101 70 113 69 128 68 116 67 148 66 144 64 99
873 -2.7618373861123704 0.74467084725626387 0.52354885405146989 41 55 19 1.8947930894809817 75 81 76 105 74 98 73 109
874 -2.6679661805745467 0.81012966466440661 0.56826040711363657 71 94 38 1.4026950389761978 75 75 76 106 74 100 73 86
876 -2.4184592931914382 0.84199336466465369 0.59053934726493507 71 94 40 2.4991320995861428 75 83 76 116 74 112 73 122
880 -2.9173341319918449 -0.43279054425079588 1.7167620558351675 0 0 0 3.3565152436400387 75 105 81 123
881 -1.9637572642375287 0.86253873608347209 0.71302782203885517 52 71 25 1.6573593771247193 76 131 73 133 72 129 74 137 70 151 71 130 69 151 68 155 67 175
883 -2.3498265492503441 1.0138476741114326 0.55426834476431519 57 80 28 1.5419260707724143 75 114 76 139 74 140 73 135
885 -1.602691691297836 0.68331136243469803 0.95603996140790048 0 0 0 1.6953770888134132 78 128 80 128
886 -2.1814888623169741 0.48818306788522786 0.89534895935240866 154 183 101 1.8804179945690613 76 142 74 148 73 151
893 -2.8996574900813021 -1.1667742631447511 1.5414412507058399 103 129 58 0.33627011632160714 75 18 76 42 74 41
894 -2.8043813282584993 -0.98298947054348151 1.6087290754479224 62 90 29 1.4600352447750553 76 43 74 43 72 58 71 62
895 -2.973877903772133 -0.18320399859081751 1.5209851521021689 126 155 71 0.92254274296076133 76 46 74 48 73 45
896 -2.948277946683119 -1.0852786989453036 1.5698576692751158 118 144 73 0.61784401407435019 75 27 76 52 74 55 73 39 74 42
897 -2.8461947006845167 -0.6773097569547637 1.4670611726437981 120 140 82 0.51651531898875769 75 30 76 57 74 62 73 54
898 -3.0892120332641584 -0.28366888404754831 1.4916684182080937 100 127 50 1.9458996329418654 76 88 73 93 72 92 75 66
899 -2.771879764088987 -0.75401866097037151 1.3344482620974578 85 109 60 1.4699832460554658 74 59 76 55 80 30 81 34
901 -2.6815042689743374 1.1053129963994206 1.1428946439037133 45 48 37 0.50537886853668235 75 78 76 98 74 115
902 -2.6951021950149801 1.061772855189667 0.57418148018928283 128 155 74 1.76763088158324 75 112 76 133 73 134 74 138 72 130 71 131 70 152 66 159 65 189 65 201 67 176
903 -3.1629398099457937 -0.063207551898808625 1.1911130355941382 136 166 66 1.2805970877434647 76 25 73 26 72 32 69 33
904 -3.0666605924224535 -0.23681152564185656 1.362446959696618 101 130 46 2.1529676613937578 76 22 73 33 64 22 61 62 62 55 60 48 58 27 67 55
905 -3.1315674732779293 -0.90338591448231209 1.3732510695975981 66 89 33 0.41762150526668107 74 58 73 41
907 -3.0979204422658926 -0.3007550076704093 1.3511549320088665 80 111 41 1.8311933596328962 77 43 72 63 71 65 70 72 73 56 69 70 68 72 67 91 66 91 64 45
908 -3.096207943677185 -0.38816470301154343 1.3668551847168646 67 93 32 1.4127312186500167 73 64 72 76 70 85 69 86 67 100 65 121 63 82
911 -2.8158859320388698 0.8879594109097606 0.64646381213658233 46 65 20 1.5117301652853501 74 101 73 76 75 76
912 -3.2065692897309095 -0.22961711830868364 1.1680399356587958 134 162 78 0.95494085470947976 74 78 73 83
913 -2.3756253001321261 0.88692013078122867 0.72679939460737752 49 59 34 1.7537779985844768 75 63 72 82 74 89
914 -2.8827272034491518 -1.2337778750715773 1.6294751646969525 152 170 122 1.180972426046027 74 104 71 93 72 88 70 107 69 107 68 108 67 123 66 111 65 131
917 -2.743457751909165 -0.9902555109017972 1.6882856774049264 161 185 127 2.0308841622224358 74 116 73 113 72 108 71 115 70 131 69 132 68 136 67 157 68 146 69 141 64 118 63 145 67 167
918 -2.5363943287199082 0.64435561344985681 0.58643386854314494 61 84 28 1.4016606001129217 75 96 76 113 73 119
919 -1.5253653059902894 0.58909445761659818 1.1515118591237252 174 198 110 0.91992332160267642 72 127 71 127 70 148 69 149 68 153 67 172 66 167 65 205 61 188
920 -2.1360732183051132 0.69896185247350995 0.59721501958288759 57 79 30 1.5236880435524096 74 127 73 121 72 114
921 -2.4076802445196153 0.85378119152078069 0.69274634094392151 12 19 3 1.3297626571942636 74 113 73 123
922 -1.5337591637251935 1.0391915723618395 1.2334620326179722 0 0 0 1.7476396767041997 79 89 78 96
923 -2.8546136472367749 -0.91277248776251496 1.4336052295510737 9 13 22 1.6664849580197749 74 141 75 118 76 136 73 136 72 133 71 133 70 154 69 156 67 178 66 172 65 202 64 136 63 157 62 181 61 179 60 160 59 162 58 133 57 139 56 156 55 135 54 158 53 148 52 134
924 -2.1566118705410653 0.6002152756875907 0.70594206781461499 49 68 23 2.1256512067801641 74 143 75 120 76 137 73 140
925 -1.525349651422367 0.91439619570444142 1.1504698333931804 46 63 21 1.058159170083508 74 145 64 147
927 -1.805964734307552 0.92225912967696144 0.8387328447737753 164 193 101 1.7288273967775403 74 156 79 132 73 152 72 155 71 152 75 130
928 -3.0162620211695836 2.4021761242305901 2.5862721134433349 17 18 13 0.090348254156273539 74 157 72 156
929 -4.1691420630874623 0.10349393915079205 0.57510224498572882 133 132 114 1.9198359671756855 78 140 73 155
930 -2.3465036642626345 0.49288778989994797 0.65820916369941551 42 58 21 1.0392176347713504 74 160 73 157
931 -3.5603916070074888 0.07001999853025058 1.7530309525552175 148 177 87 0.97277537385064006 77 155 73 171
932 -3.31570301515975 0.49420280148137063 0.85948762950305047 71 90 30 1.5009551904045846 75 39 73 49 86 68 85 82 84 88 82 69 83 86 81 62 80 64 79 53 77 66 76 63
934 -2.3624770168642897 1.3016825764705511 0.83367982198581936 8 8 6 1.6430138214307279 78 155 72 173 73 172
935 -3.1070062282729785 -0.25827170677002648 1.3226094074866126 65 96 28 2.273598127179842 75 11 72 29
936 -3.170410233888465 -0.094594531555041411 1.2145866848816687 120 153 66 0.59716365926870718 74 23 78 13 72 31
937 -2.8676398281278024 -0.0010280177803311807 1.3154538568032044 126 159 70 2.0438519492066334 72 34 74 16 71 29
938 -2.7018044104150847 0.10044651828824118 1.3433989602181502 116 149 60 1.1869864702803044 73 24 72 38 71 39 70 45 69 48 68 48 67 67 66 63 65 94 64 34 62 76 63 68
939 -2.8163775756363187 0.096397581947261002 1.5620947078064169 138 171 90 1.8952918984033669 73 35 72 41 68 74 66 100 69 72 65 125
940 -2.9003495339843504 -1.2147903790880468 1.5347487130993125 102 132 58 2.2998205116795649 73 28 72 47 70 55 65 104 64 27
943 -2.8717685502082282 -0.80165665409234521 1.4739352894569429 68 92 44 0.83919736909029408 78 54 72 59
944 -2.6739043733835457 -0.81777536104650816 1.9368882207863951 133 142 115 1.6915135512188932 73 42 72 60 70 71 62 70 70 59 61 75 59 65 58 42 57 48 69 66
945 -2.6463531309877504 -0.80845042073080609 1.9060060212413656 133 142 115 1.6517264648394732 73 43 72 61 70 60 69 67
946 -3.23791682900892 0.31015383131645419 0.86357815699894513 0 0 0 0.93530789494700495 73 67 74 82 76 75
947 -2.8712244355103311 -1.1212414086063955 1.5717277467653563 0 0 0 0.97523364559598791 73 79 75 52 72 84
948 -2.2452673734775925 0.63757668338614781 1.140661886535089 122 151 67 1.8528016248786006 73 75 72 86 71 90 70 103 69 103 68 104 67 133
949 -3.158587640996199 -1.28110102548909 1.7334264192803455 0 0 0 1.2646418752222615 73 92 75 65
950 -2.6336147943364341 -0.95117258473473598 1.7298415177597855 164 187 133 2.2112077734497433 74 92 72 90 71 104 70 109 69 109
951 -3.0999057221101434 -0.7427857627860438 1.3206732180953165 41 62 21 1.7164147145108553 73 103 71 95 70 110 69 110 68 110 67 125 66 125 65 133 64 64
953 -2.7242823004240027 1.1647897017605453 0.58117558771261535 14 15 10 1.0713534726826957 73 111 72 96 66 137 67 138 65 167
954 -2.8467461471285911 -1.0611735633602846 1.4823980267603651 74 105 37 1.8215997123359644 73 100 72 99 71 103
955 -3.1608093043766239 -0.17024051773753754 1.2875838314172869 109 141 58 1.6554789060301696 73 104 74 108 72 103 71 106 70 119 69 123 68 125 67 144
957 -2.2562414747145758 0.43975988613124961 1.1018251218933737 137 171 84 1.3709867143279795 73 97 72 106 71 112 70 138 69 138
958 -2.7173873510085702 0.063160597011470074 1.2970081274561358 161 193 110 1.8821736726019527 73 115 72 110 71 122
959 -2.6249982077395639 0.24136731481087101 0.64490429394225568 170 202 119 0.95899578727205714 70 143 69 144 68 148
963 -1.5211223599935915 1.0279806470795307 1.2441359160616556 73 75 62 0.61181846590707201 73 125 76 120
966 -2.8807728102791401 -0.66086622500088443 1.4114172631739166 71 93 47 0.46202153245554545 74 2 71 0 68 6 65 2
967 -3.1917075709997955 -0.24066047200779558 1.3387577382860341 85 113 38 0.84680981691588575 74 21 69 32
968 -3.0168773958657913 -1.1035544966748598 1.4191565801140587 104 132 64 2.0569711655098422 72 48 71 45 65 71 64 19
969 -2.5373533333195315 0.17503642142584214 1.1958689687790514 101 132 39 0.95126003249868452 72 39 71 54 70 62 69 57 68 60 67 95 66 93 64 59
970 -3.3416564641841604 -0.25168715281593312 1.2807966856631492 137 165 90 1.5484149727200383 73 82 71 77 69 88
971 -2.8556280710897379 0.020371537217175384 1.5257071847346033 142 174 101 1.5708239401964013 72 66 71 79 70 101 69 100 68 101 67 128
972 -2.6861840104278953 -0.8702729853811435 1.9287358517556661 39 54 21 1.5643362907111018 72 74 71 86 70 99 69 99 68 98 67 116 66 114
973 -2.5493573217777428 0.95625339248549435 0.54587458696278901 60 87 32 1.8163682771584857 72 87 71 92 69 96 68 94
975 -3.3285723662849058 -0.25456604511840975 1.2964740578241134 131 159 81 0.92624943729963871 72 102 71 105 70 117 69 121
976 -1.4203022257508628 0.97084944397879502 0.94320289187949313 0 0 0 1.4887150732657874 74 103 77 110
978 -2.7248178214076129 2.1448788606509899 1.5735780087516686 21 21 19 1.0092196592677707 72 143 70 164 69 167
979 -2.9652433274938668 -0.46091312703077603 1.7816578260292339 135 133 121 1.6537256688223443 72 121 73 128 70 141 68 147 64 119
981 -2.3445436993128923 0.32428327195393181 1.0976054765379211 158 191 110 1.3320381357187003 72 124 71 138 70 165
985 -2.6973521310116451 0.56056555077952053 0.59365481464018299 114 140 66 1.7531309068444159 73 148 71 147 70 157 69 161
986 -3.2017802773221482 0.15301511952259628 0.3633703706945145 131 129 116 1.7050049639415361 76 152 71 154
987 -1.6659574920354006 1.1418619802091428 1.1827024265038457 0 0 0 1.2292905886489334 75 137 68 179 67 197
988 -2.6475046795798884 -0.75216356617367452 1.7006987530294768 75 104 48 0.6589357002879459 72 51 71 46
989 -3.0429726465073061 -0.32526482484482866 1.6547540084675605 36 53 17 1.0561016960658836 71 66 70 86 69 87 68 100 67 101
990 -1.5550584568538073 0.68423317723443877 0.98975389652751067 0 0 0 0.4203609556634188 74 144 76 138
993 -3.1278777130573032 -0.25534339428966202 1.329492519179887 64 98 22 0.65625944562406424 76 9 70 11 66 23
994 -2.8820152229372962 -0.010559185726993499 1.3465033414586418 17 33 5 1.4930341498962303 71 38 69 39 70 42 68 34 66 47 68 29
995 -2.9256290608381472 -1.231346914011483 1.5048054442526448 150 168 125 1.0527294944360766 72 46 70 54 67 73 66 68 65 83 64 26 63 42 61 55 62 46
996 -2.9900440272514368 -1.1225268705516116 1.4198263196957273 93 124 48 0.9779951057582118 71 43 70 57 69 44 68 45 68 51 67 59
997 -2.9652658554903661 -1.0860440592428635 1.4241115123940309 141 171 101 1.1785327418535401 71 59 70 67 68 64 66 84 65 111 64 43 63 60 62 50 60 47
999 -2.7203028946546119 -0.80153492381597358 1.4343301454009683 48 66 28 1.6481287020985098 71 63 70 70
1000 -2.9804242697466887 -0.16605704767541835 1.5452752440214879 116 148 73 2.0720347174733922 72 65 70 73 69 71 68 73 67 92 66 92 64 57
1001 -2.691327270671966 0.18870312022892091 1.4213080475556052 85 118 37 1.046285126499388 71 55 70 74 69 76 68 89 67 105 66 102 65 140 64 69 63 111 62 125 61 128 60 108 59 123 58 101 57 110 56 126
1002 -2.6915914434236399 0.18914404361808973 1.4215624686694712 85 118 37 1.2161650230692138 71 56 70 75 69 75 68 88 67 104 66 103 65 139 64 68 63 110 62 124 61 127 60 107 59 122 58 100 57 109 56 125 55 113 54 129 53 125 52 107
1003 -2.7741981452650992 -1.0700707746892517 1.6547289244811789 87 118 50 0.54304962369052179 71 74 70 82 66 87
1004 -2.7710838775420794 0.17946847386082565 1.5708482029313653 139 172 93 1.302851817599048 71 70 70 88 69 90 68 91 67 106 66 104 65 141
1005 -2.202837924372568 0.40471821317243795 0.81037879647894895 132 164 81 0.45584995256399219 73 70 66 116
1006 -3.1184017028832161 -0.074502172645845702 1.2802662906288664 150 181 103 1.3425707549623123 71 97 70 111 69 111 68 111 67 127 66 128 65 152
1007 -2.3763599649052192 0.42995462339187573 0.53648920595986338 96 126 51 1.8757135172619637 71 99 72 93 70 112 69 113 68 114
1008 -3.0870682151863487 -0.27165653861683953 1.4929977344335976 103 135 62 1.3114879081725024 71 96 70 118 69 122
1009 -2.3541455913457972 1.0160663874231153 0.79229470993758655 40 46 32 0.96667519338126395 71 113 70 127 69 117
1010 -2.7853710724153835 1.1894512247107158 0.61346385848180873 13 14 9 0.50606095342183899 74 129 68 133
1012 -2.6900100778643146 0.079623259868445345 1.2608151276619426 161 193 110 1.6580697908526283 71 108 70 134 69 135 66 153 64 122 63 148 62 173 61 171
1013 -2.3817874798090291 0.22597091317558554 1.0145711375971496 166 198 115 0.85796145313471051 71 110 70 136 69 136 68 141
1014 -2.3817874798090291 0.22597091317558554 1.0145711375971496 166 198 115 0.85796145313471051 71 111 70 137 69 137 68 142
1015 -2.1853442837761903 0.7206467614752099 0.62292346793606768 57 84 33 0.95445664852855205 70 146 68 152 67 170
1018 -2.1233642219970634 0.60552428693616867 0.67462835729562176 52 74 28 1.2067517382736446 71 139 72 139 70 159 69 163 67 181 66 176
1019 -2.3132981177259122 0.4680589788337805 0.62208432997092145 43 64 21 1.1546907459462106 76 153 70 172 69 172 66 184
1023 -1.5256471142522143 0.58927274995050238 1.151740163465603 165 192 113 0.86609948671578685 71 128 70 147 69 148 68 154 67 171 66 166 65 204 61 189
1024 -3.0784398313486294 -0.2535444580166582 1.3310343353964516 59 89 18 1.4443725984424289 72 9 66 24
1025 -3.0247756475670959 -0.4732120767264556 1.431619026237106 39 53 20 1.5170410549459286 72 35 69 30
1027 -3.1483181006160721 -0.062500069904111361 1.1814347870731647 137 168 88 1.4925864913033942 72 33 69 34
1028 -3.1010042923596419 -0.26142055994657498 1.3991165313403047 7 20 0 1.6022834578065144 70 48 71 52 69 47 68 58 67 63
1029 -2.88930065410127 -1.1670699237700914 1.5784361846731689 87 117 45 0.5429368131755069 70 56 71 48 69 51
1030 -2.901205807130665 -1.0585112031753556 1.5233499808493272 114 143 78 0.46256664388752111 72 49 69 52 68 53
1031 -2.7948523625771595 -1.0092172510262594 1.4727088568204396 99 130 63 1.6389306762171183 71 60 69 63 68 65 66 88 64 55 63 62 62 68 61 73 60 60 59 62 58 56 57 63 56 64 54 82 53 76
1032 -2.1568009559598078 0.92105160560768062 1.2666376825986929 55 54 50 1.7720840294148013 70 126 69 116 68 132 67 137
1033 -2.2364085902139634 0.82204214162698686 0.66423113528975219 55 77 31 1.6841600558924856 70 124 69 129 68 131 67 154 66 149 65 164 62 133 64 106
1035 -2.7031732268751854 0.22837456481893867 0.68935486879767305 0 0 0 3.0603709226482634 72 135 73 145
1036 -2.1205853878488132 0.49953729361822979 0.758747239938939 152 183 105 1.3430973693366366 70 158 69 162 67 180 66 175 65 203 64 142 63 161
1037 -1.5111878521403823 0.6925330811634548 0.97503526975188481 59 58 53 2.0786492647639339 71 140 72 128 69 165 67 182
1038 -1.5408917324775639 0.92801759718249854 1.2015749135351457 0 0 0 1.0160983363934193 73 142 72 141
1040 -1.8926056351415637 0.94324974943371809 0.92297552361612867 0 0 0 0.098109887426520492 70 173 69 174
1041 -1.8732945711598139 0.43225438039052672 1.147986981146301 59 59 51 2.7542839608281655 71 161 69 183
1042 -2.31471809785215 1.2923661678160356 0.79783545745726703 8 8 6 1.7354298856521928 70 184 71 163 69 185 68 183 74 168
1043 -2.4448588384616903 0.21785038702227297 1.1088683120914353 166 198 115 1.3179346561461853 70 89 69 91 68 90 67 107 66 101 65 142 64 70
1045 -2.5964728111622848 0.18022898656350345 1.2930927387160631 136 168 86 2.8946256656682734 70 122 69 126 68 140
1046 -2.7397802901976536 -0.66658370816713264 1.3812299109661705 67 89 40 2.0233888356408762 76 3 69 2
1047 -2.6859719468412186 0.079380351214238407 1.2575210714223015 161 193 110 1.5246481969540151 70 133 69 134 68 138 67 160 66 152 65 193 64 123
1048 -2.3787738002472922 0.25321715460089966 0.7615381132501956 151 183 100 2.1723574643176011 70 155 69 157
1049 -2.6580618246373464 -0.65254520517304537 1.3426984900999908 51 72 28 0.17159535570452414 70 1 68 4
1050 -2.8224166005856719 0.007392459657702681 1.3071515799300681 157 189 103 0.69343063795787785 69 23 70 13 68 16 67 43
1051 -2.7501762556502856 0.41066251374138252 1.6308406221782641 130 155 82 1.2183112468251494 69 43 70 39 68 42 67 72 66 66 65 81 64 40 63 75 61 87 60 72 59 73 58 54 57 59 56 89 55 73
1053 -2.6044804755218451 0.27311163887535128 1.3682406932286824 78 112 26 1.2115973545122165 69 50 70 50 68 49 67 70 66 79 65 97 64 37
1054 -2.6405137443806903 -0.77529670008299167 1.9325570207442044 68 86 46 1.7381170340188128 69 55 70 61 68 57 67 81 66 90 65 90 63 64 62 71 64 31 61 76
1055 -3.0979721415445054 -0.26324736494201412 1.7003976479676743 62 91 37 1.9352610919584046 69 56 70 49 68 59 67 50 66 45
1056 -3.036184161957495 -0.98847590940015895 1.3655053722485195 74 103 37 1.3958043606769581 69 64 70 69 68 66 67 88 65 87
1058 -2.1023455644945668 0.65970668955193645 1.0042430756165819 94 126 43 1.356975397055211 70 76 68 78 67 110 66 109 65 129 64 74
1060 -2.7772479852065577 -1.0712221884153921 1.658237171343117 90 120 50 0.93140532563700051 69 84 70 81 68 85 67 99 66 86
1061 -2.8356759099567808 -0.63398495772429608 1.4565912604842368 26 39 11 1.6856639780087816 72 62 68 86 63 81 61 95 60 78 59 77 58 59 57 67 55 65 54 85 53 65 52 47
1063 -2.7784121492117007 -1.1239344063316223 1.5929823221336235 86 117 47 1.8625243053982008 69 97 70 96 68 95 67 114 66 112 64 63 63 103 62 118 61 122
1064 -2.8552704976669165 -0.79130392894466373 1.4579267051402398 54 75 32 1.5565396869842796 69 98 70 98 68 97 62 107
1066 -2.7413577604581181 0.82573527705796479 1.6904571939070749 125 157 72 0.89098456869214748 69 105 70 105 68 118
1067 -2.7413577604581181 0.82573527705796479 1.6904571939070749 125 157 72 0.89098456869214748 69 104 70 104 68 119
1072 -3.0058168607040807 -0.46494498636617099 1.8267380004499374 128 124 112 1.9641190485554736 69 142 63 158 67 168 66 173
1073 -2.3049701460535461 0.2462302950767366 0.70899788146237464 154 185 105 0.53870621667274832 71 137 68 150
1076 -2.674895868076117 0.06798909012682236 1.1653184250505138 90 123 32 1.815279238127232 69 42 68 38 67 65 66 49 65 77
1077 -2.7200038939035331 0.57549025278786659 1.5843482141902228 104 135 57 1.6017264979474852 69 59 68 92 67 109 66 107 65 127
1078 -2.7205166907372451 0.3884999065958179 1.60031226564518 66 95 28 1.3542907231041472 69 24 68 24 67 44 66 37 65 65 64 18 63 47 61 69 62 45 60 57 59 59 58 36 56 61 57 46 55 48 54 65 53 72 52 44
1079 -2.8573132729746016 -1.0756615743649909 1.5460163598218064 57 86 28 1.8083012481468668 69 82 68 84 67 98
1081 -3.0316404329286462 -1.0653791834864415 1.4123754010111651 157 182 125 1.8260920774720055 68 122 67 139 66 138 65 168 64 92 74 105
1082 -2.8338139422003623 -0.6560179887060581 1.3837487081965947 10 25 0 1.9895397492592861 71 12 66 2 63 25
1083 -2.7893207068318109 0.029535292367063256 1.2525985953986523 108 141 52 0.924010319569327 68 35 67 56 66 48 65 68
1084 -2.6409643885002398 0.09277748936108042 1.1544860634821863 164 198 112 1.7481103433731224 68 39 67 66 66 62 65 78 64 33 63 67 62 73 61 113
1085 -2.8124990409418373 -1.1347259339828144 1.537443458312602 82 113 43 1.1888016590965036 68 50 67 76 66 71 65 109 64 42 63 58 62 49
1086 -2.8299118977419053 -1.1100367904173669 1.5652466164660992 111 140 73 1.6161075796561253 68 52 69 62 67 77 70 66 66 72 64 29
1087 -2.6956368827553496 -0.92700439742380103 1.6459155422269265 89 115 50 1.3103591213812049 68 68 67 79 66 74 65 89 64 30
1088 -2.5793770866142114 -0.74916912552773929 1.8035814395012295 38 54 18 1.8856371675823316 68 56 69 54 67 80 66 76
1090 -2.6948382754696834 -1.0141053615505868 1.7594884771815666 140 137 128 1.4645507851838504 68 67 67 90 65 88 68 55 62 53
1091 -2.6215790753623485 0.13470628969060611 1.2728910177148731 157 189 106 1.9585496824449655 69 73 67 93 60 106 61 125
1092 -2.6215790753623485 0.13470628969060611 1.2728910177148731 157 189 106 1.9585496824449655 69 74 67 94 60 105 61 124
1093 -2.5567849357794108 0.1741736009980912 1.2074628020511569 77 110 23 1.5744332709498312 68 61 67 96 66 94 65 115 64 58 62 97 59 83 56 71
1096 -2.7168642360209754 0.31204409953682682 1.5745477364452853 106 136 55 1.7717700935403975 69 79 67 108 66 106 65 144 63 127
1097 -2.0990273515189206 0.65955956174601871 1.0023358233007889 91 125 41 1.2405410354523352 68 79 67 111 66 108 65 128 64 73
1098 -2.3242124226266738 0.77435640429274466 1.2579148214001494 46 75 19 0.95743524942140334 68 80 67 112 66 118
1099 -2.7133085981840841 -0.9648836664336593 1.5258684135166134 49 75 27 2.1956708296108376 68 96 67 115
1100 -2.6096536250506448 -0.85172887548221665 1.8630317880899001 35 50 17 1.7356489287936687 64 76 63 104 62 137 61 138 60 118 59 116 58 97 57 102 56 115 54 139 53 135 52 118 66 113 67 117
1101 -2.4591314412287009 0.45866074073397262 1.3311842354183323 56 88 23 1.6322567816624471 67 119 66 117 65 160 64 86
1102 -2.8238814430594714 0.91054114718766832 1.7736665294110605 19 22 13 1.9064498621934309 67 121 66 119 65 148 64 89
1104 -2.6486227280578558 1.150097737224888 0.5394341576220284 0 0 0 0.63554079764249405 68 121 71 114
1105 -3.5292072230489739 -0.049940922026701522 1.2170660519483494 132 130 117 1.5777476345362222 68 126 67 145
1106 -2.5049833758448279 0.62682532370101629 0.56284958180569611 56 80 28 0.20747158552239187 68 130 67 149
1107 -2.610147898415895 0.73033308581827783 0.52928149694834437 86 111 49 1.7547595065678152 67 151 65 162 64 87 66 133
1108 -1.5154464773887457 1.0234504374679774 1.2160684954324641 51 54 45 0.92367589750037382 68 134 67 155 66 150
1109 -2.2143703636076206 0.33400439218879296 0.6892588007380448 142 174 91 1.2091071198672774 66 142 65 157 68 129
1111 -2.5380764225648775 0.84792455861227967 0.55792123815433203 69 97 38 2.0052727186795485 69 164 67 173 66 168 65 200
1113 -2.2949373884324555 0.93049743624789294 1.2721195540233765 152 186 102 1.3608580250611748 68 107 67 136 66 136
1115 -2.8097739225784508 -0.9036580818026082 1.5419227657385033 64 91 38 2.0491398995808137 67 45 66 36 65 59
1116 -2.8625516666516075 -1.0169836954224514 1.4972912423745806 47 64 23 0.036690185358073953 67 52 65 66
1117 -3.0394797813842764 -0.98790174683926091 1.4100225899022607 0 0 0 1.6626375251417613 67 53 68 25 69 27
1118 -2.6921595082307861 0.10450364739892572 1.3099514816304461 161 190 108 1.6534367121067712 66 51 64 25 60 53 59 46 58 24 56 46
1119 -2.8963050603237535 -1.0247036883132397 1.4174918376276795 103 130 58 2.1027092682621857 73 51 66 56 63 48 61 61
1120 -2.5944455911340079 0.39373931582650679 1.3922169801499635 120 149 67 0.91568446426709782 67 71 66 65 65 101 64 39
1121 -2.7954938416249488 0.19845663336002284 1.6347813068952937 74 70 58 1.6396784865385314 68 31 66 78 65 80
1122 -3.0950840509340072 -0.34693791232464127 1.6989904488827547 0 0 0 3.2327533038357243 72 64 73 65
1123 -2.2887718950652456 0.35026398714255041 0.95394621098196919 151 180 98 1.5282499856680307 66 131 65 172 64 98 63 129 61 156 60 138 59 145 62 154
1124 -2.3668167049534725 0.42686106103217969 1.1985888158872484 142 169 88 2.0214619061501908 67 131 66 132 65 173 64 100 63 140
1126 -2.7627100831889542 0.30651637851337071 1.5858076956226217 101 130 48 1.389722774040643 66 143 65 158 64 97
1127 -2.3642576598095255 0.23294456932594029 0.72540935856199562 159 186 105 1.2373689880374907 67 162 63 125 66 155
1128 -2.7538307648715246 0.97107482938471146 0.54526818471333194 55 55 47 0.17106875853260389 67 165 66 157
1130 -2.6923071690718507 1.0615223768921045 0.57243266310287388 123 145 83 1.2078660749152459 74 139 66 160 75 113 76 132 65 190
1132 -2.3018460593724881 0.88439919536912981 0.63082743843767242 15 21 7 1.1864072813948103 69 150 66 178 62 178
1134 -1.7100510717140165 0.87425137015211485 1.1094753108169815 151 181 93 1.654553689240253 68 168 66 180 65 208
1135 -2.3090344305072015 0.46007477366243266 0.61685422149345892 54 83 27 1.5430160521699947 67 187 68 167 64 141 65 212 63 160
1136 -3.0307219111986869 0.17445075883289807 0.43394596573183442 125 122 107 2.7453458429511257 73 143 66 182
1137 -2.3189785660104953 0.98296792611201445 1.3839613708698639 100 127 42 1.0047538747095057 66 14 65 28
1138 -2.7274675066500551 -0.78813449365387844 1.4095165107242198 104 126 82 0.36380369782978511 66 40 65 63 64 15
1139 -2.8957021935486251 -1.0554624956521164 1.4231319488049186 98 123 51 0.30104380836832539 69 46 61 49
1142 -2.4703527845452262 0.27368537511733398 1.2301297462790282 99 126 45 2.2663636271036847 67 69 65 116
1143 -2.4220896638794183 0.27406250703996921 1.1483651323089232 162 189 108 1.9605716336698131 65 143 64 71 63 113 62 126 61 129 59 124 60 109
1144 -3.1440161335244925 -0.15175750359321963 1.2667274915053388 111 136 55 0.23712404709379381 66 127 64 81
1145 -2.2276868346770415 0.35348016669172833 0.85328816103349026 78 108 32 1.0710707338473091 66 130 65 159 64 85 63 128 56 141 55 115 54 150 53 142 52 110
1146 -2.2143266596776918 0.7164078138506299 1.1276955703845657 120 145 64 0.95206970178921768 66 135 65 163 64 88
1147 -2.911262766062725 0.83865283823385584 1.8126007686178669 132 160 76 1.1675596004740747 66 147 65 175 64 103
1148 -2.911262766062725 0.83865283823385584 1.8126007686178669 132 160 76 1.1675596004740747 66 148 65 176 64 104
1149 -2.69438552073313 0.094036101815636597 0.85694071462145249 175 199 125 1.455938640809993 65 182 64 120 63 146
1151 -2.1687560673543467 0.71185950033623968 0.61704247133906298 0 0 0 1.3433039854855338 66 156 71 126
1152 -3.0512091169635003 0.31124667068221284 0.64443955141656906 68 64 53 3.0530184281209527 71 136 65 194
1154 -3.0143315981044783 1.4703660585647425 0.71020887464924765 60 57 52 0.31835614191550698 67 188 65 209
1155 -1.8917612178974883 0.92718461930025142 0.93124328941723344 147 183 95 0.37466080811410341 65 218 60 177
1156 -2.9796899187226438 -0.70585385504212361 1.5945445157015017 41 55 20 0.82811319932195293 66 196 67 199 65 224
1157 -2.5976371834294394 0.54799990559705036 0.53907137394277138 76 93 44 1.6579186259382694 70 156 65 185 64 110 63 132 62 145 58 86 67 169
1158 -2.9983044262301157 -1.0106879634903234 1.3904909217919759 43 61 22 2.6330110378520408 71 61 70 68 68 54 67 78 66 57
1159 -2.9143037021136777 -0.56482755043844535 1.7861942680310441 31 34 20 0.47141670085224763 66 20 63 13
1160 -2.6743239573160449 -0.70904516377093474 1.9542305724108788 34 44 18 1.3719593494215385 70 20 62 28 56 4
1161 -3.0691447335452806 -0.28112202300246736 1.3997794808656006 96 127 47 1.7461910126011557 68 46 62 54
1162 -2.827690438309828 0.23325656131619965 1.6428195663699843 106 140 54 1.4780515037273445 66 64 63 55 62 79 61 84 62 62
1164 -2.8939467805103516 0.60977619172691067 1.7465536366283547 58 60 48 0.55711981395467414 66 82 64 61
1165 -3.2274993959221621 -0.61829210661737477 1.3808996318454398 38 56 18 0.26571080711023665 66 140 64 94
1166 -1.9509344570114608 0.85021850287407186 0.71028152127895439 0 0 0 1.0463796828598171 65 188 66 158 64 114
1167 -1.579739796905776 1.0461721122357694 1.2958379844817678 55 58 51 1.8086130814350563 65 191 66 161 63 144 67 166
1168 -2.7951570439159501 -1.0087691430639176 1.7169999284164272 161 191 127 1.3802044808985199 62 169 61 170 60 153 59 157 51 196 50 142
1169 -2.8312100521272021 0.29420027066890292 0.56482221363349472 60 62 51 1.746735324919594 70 144 64 124
1172 -11.833383945646347 -6.2043292965882868 4.5814531630742392 162 166 151 0.76692085558698342 69 177 70 175 64 152 63 172 61 193 58 148
1174 -2.5684792470231033 0.3655358413170588 1.3567149229812321 35 52 14 1.377385138433995 67 85 64 49 66 81 63 72 62 101 61 105 60 87 59 86 58 62
1175 -2.8009484268941178 -0.63909573414925902 1.3530118501113313 0 0 0 2.8623734701294383 65 3 69 4
1176 -2.6520568282760775 -0.90498756546089132 1.6501689731422153 105 135 65 0.37759086353541005 64 21 63 44 62 43 61 47 60 40
1177 -2.7832850498888848 0.021741952491147153 1.2473331650697503 123 157 62 1.2623515978575774 64 23 63 45 62 56 61 63 60 51 59 54 58 29 57 30 56 45 55 35 54 59 53 46
1178 -2.8394162257273625 -0.016393370158389046 1.3229324366636102 68 103 24 1.8806520279120076 63 50 47 21 50 26 49 29 48 37 65 76 45 19
1179 -2.686874265481296 0.055921507230115991 1.1708299330136203 127 161 64 1.5546911030828772 63 52 62 57 61 64 60 52 58 30 57 40 53 55
1180 -2.7952653302375352 -1.1614359520441748 1.5966289507719555 89 119 45 0.99954171670285741 64 28 65 84 63 57
1181 -2.8626903155074901 -1.0628336901979714 1.4891187261861918 61 91 29 2.3136413995983993 62 51 61 59 60 59 59 52 58 26 57 35 56 48 55 40
1182 -2.6515584740476732 0.25149685270563343 1.4112401254703697 120 152 66 1.7605121500747238 63 70 62 78 60 69 58 49 57 56 55 69
1183 -2.5905435171957425 0.2694626297147743 1.3589269773915094 60 94 20 1.6635693118263783 64 38 65 98 66 80 63 71 62 80 61 85 60 70 59 70 58 50 57 57 56 75 55 57 54 79 52 53 50 47 49 60 48 80 47 43 45 44 46 61 51 100
1184 -2.5576057993076344 0.36421013409503022 1.3533985554304866 61 92 23 1.2367046366268888 63 73 62 102 60 86 59 87 58 63
1185 -2.8448963398998655 -1.2193687053293905 1.6159564905873784 159 180 124 2.1829394711276051 64 51 65 119 62 85 61 88 60 73 59 90 56 96 54 96 53 91
1187 -3.1455772697505835 -0.30728915652946315 1.5630748309184914 69 97 37 1.5222125440870138 64 56 63 84
1189 -2.7158471681875218 0.6500475790834126 1.5633202628286393 47 71 19 0.92190715966672843 64 62 63 92 62 113 60 100
1190 -2.9273377242969287 -0.71728109328121192 1.3775049846356966 52 74 27 1.4450053769144795 64 65 62 108 61 111 60 91 59 94 58 68 57 65 56 78 55 63 54 83 53 78
1191 -2.3252410066657605 0.50560466238913893 1.2181288285221734 115 144 60 1.3445966228360036 64 60 63 97 65 126
1192 -2.6941441371366723 0.39250658257986426 1.5108767836728192 63 94 27 1.1582307999158632 64 72 65 145 63 114 62 127
1194 -3.2371850880693152 -0.038389622240409517 1.1893400847996125 162 193 115 2.0952222503079119 64 95 63 122 61 141 62 152 65 170
1196 -2.2227665716295126 0.33624977739578743 0.70094449782720047 0 0 0 0.0061136512391242615 64 96 67 163
1197 -2.8351188334255175 0.59461311995348642 1.6150521882368261 91 122 46 0.60266109957968439 60 141 61 162 62 157 59 147
1198 -2.7878926827415986 0.50414519541665492 1.677693925162113 54 56 43 1.5567986667673883 65 174 61 161 60 140 59 146 57 128 54 153
1199 -2.6020069560096792 0.11267721392064207 1.0388410229018143 135 168 77 1.1937713712185083 59 140 57 118 58 116 56 122 54 125 53 122 52 104
1200 -1.9902147438937223 0.58019048681168817 0.60571466049343792 0 0 0 1.6248957971833393 64 125 65 197
1201 -2.5813951517813827 0.86293801275907023 0.56987297998298669 78 104 41 1.0269383863194321 64 129 63 154 62 161 61 165 60 143 59 130
1202 -2.2652475517602051 0.88143218403472912 0.61733440268970807 0 0 0 2.4754935527895521 64 132 67 183
1204 -2.5966845659774425 0.22338566431886969 1.0307743104002487 167 200 111 0.57748146856147087 65 229 63 182
1206 -1.8494549929458919 0.096124316394511744 0.42498419017128902 0 0 0 0.76531828237297139 64 109 65 153
1207 -2.1980838890764156 0.84951327596317028 1.3123649147977294 11 13 8 2.3118866614788831 64 146 63 165
1211 -2.5507724055450596 0.19665119241618043 1.2189972129251967 106 142 55 1.7717571797827865 62 61 61 68 60 55 59 57 57 53 56 72 54 62 63 46
1212 -2.8743461538481445 -1.1026531811247284 1.4041341854644445 101 131 57 1.3226152098788717 65 107 62 66
1213 -3.0513335214861566 -0.71989738113992419 1.2925324447133286 65 94 38 2.261382018987204 63 80 62 69
1214 -2.790027736360559 0.020550225253661764 1.2922462898359197 148 185 90 1.9506565651946626 63 51 62 72 61 101 60 83 59 81 58 60 57 70 56 82
1215 -2.7690115627824912 0.064158140165283845 1.3732613219685621 144 180 90 1.4893047406550939 63 66 62 74 60 66 58 45
1216 -2.8840728276126173 -1.1149722269352611 1.4940351419894196 106 137 57 1.6385660250282725 64 52 65 110 61 89 60 74 66 83
1218 -2.5418208215266094 0.12542013778212482 1.063060788886357 122 159 63 1.9672306327690052 63 88 62 95 61 102 64 47 59 82 58 46
1219 -2.511332386248466 0.28925789375749006 1.2474626180278265 70 107 29 1.7968994283965611 61 115 60 98 62 99 58 72 57 79 56 101 55 70 50 72 48 93 63 90 49 77 47 62 45 61 46 60 44 56
1220 -2.5518837663554867 0.30887236822607694 1.3063324895719337 117 151 64 1.791384848716862 63 91 62 100 61 104 60 99 59 96 58 73 57 80 56 102 55 86 53 102 52 82 51 132 50 74 49 80 47 64 39 80
1221 -2.6013336320627731 0.2281421945748478 1.337639444906622 125 159 73 1.3504200845206931 63 89 62 111 61 114 60 97 59 95
1222 -2.6780007825645247 0.1255715677690479 1.2852582955077394 150 186 96 1.2828327454307875 65 138 62 122
1223 -2.6780007825645247 0.1255715677690479 1.2852582955077394 150 186 96 1.2828327454307875 65 137 62 123
1224 -2.3615013677489456 0.524788416922507 1.229587245236752 112 144 59 1.9383730562681882 62 128 61 145 60 127 59 126 58 105 57 129 56 128 55 131 54 131 53 129 52 127 51 172 50 123
1225 -2.6269769666771263 0.72783990321115533 0.54118156130162764 83 112 48 1.5908048256259044 63 135 62 129 61 146 60 111 58 74
1226 -2.2474113507432563 0.711620615678355 0.64844929767133075 81 112 45 1.7107729761003205 63 136 62 146 60 112 61 147 59 109
1227 -2.117170838961731 0.83457355836106961 1.0753413298065846 62 100 23 1.2055302063835802 63 100 62 147 61 150 60 145
1229 -2.5686168176305739 0.86024757603318047 0.56646656849836252 77 106 42 0.66825784221617879 63 153 64 128 62 162
1230 -2.7370707967772074 1.081234492569987 0.58362745614074596 108 133 75 0.83151384106833015 64 116 60 147 59 153
1232 -1.5934746346538191 0.60950740911839763 1.1653229597142853 157 191 104 0.28983325931382387 63 163 62 189
1233 -1.5934746346538191 0.60950740911839763 1.1653229597142853 157 191 104 0.28983325931382387 63 164 62 190
1237 -2.7245779834071442 0.21495012117387632 1.0995354082698185 0 0 0 0.81134843217953989 64 163 67 202
1238 -2.7330106298165666 0.10743259245528693 1.4298475653655969 125 161 73 1.8940797080037104 62 60 60 68 59 67 56 70 54 76 53 68 51 98 50 45
1240 -2.7150322002386815 1.0739030675519823 0.58160275342596124 102 124 59 1.4390295176284742 63 156 69 152 60 146 59 154 61 167
1242 -1.4525917064908176 1.0041952581949933 1.1608951132000414 33 34 29 2.3004369081886331 70 140 72 118 71 120 75 116 68 145
1244 -2.7835301851688916 0.19700822193039808 1.6122759560435866 73 103 33 1.3507313129981999 62 44 61 48 60 45 59 48 58 35 57 44 56 58 55 47 54 63 53 59 52 42
1245 -2.8599481481676454 -1.1157356206100286 1.5501999192389606 97 129 53 0.73818246765510964 62 67 61 58 60 46 59 50
1246 -2.9961824121216867 -0.15580620101282236 1.5579852041139415 96 128 52 0.3133431902999485 63 86 61 77
1248 -2.7190373734483608 -1.0305632615372384 1.7718130504688767 139 140 126 2.0878393285524726 64 44 66 96 61 92 59 63 58 57 56 77 55 61 57 47
1249 -2.6671241050245289 -0.90541951298353718 1.6208369760443944 77 108 40 2.0716059484808578 62 88 63 63 61 93 60 76 59 64
1253 -2.4891880963841366 0.22954476025169254 1.1926425998382062 84 117 36 1.7270431236246451 61 103 60 84 59 84 62 98 58 61 57 71 56 83
1254 -2.4615539710022656 0.418672320749228 1.288646031967547 77 111 35 0.98618681508165262 62 83 61 106
1255 -2.6785385299300315 -0.91291298902334361 1.7113126724548895 71 101 37 1.7764303714489529 61 109 60 90 59 93 58 67 57 64 55 62 52 62 53 94 54 98 56 98
1256 -2.4335285682660168 0.64524770862193315 1.2610677874034832 77 110 39 1.9387088568885016 62 114 61 117 60 101
1257 -3.0138593592544831 -1.0734918304459042 1.416914222350395 146 170 112 1.5618358279224052 62 135 63 120 61 136 60 115 59 113
1259 -2.7962526389069078 0.164353222781631 1.5717024392868228 131 161 75 1.3785384211541116 62 143 60 136 61 143
1260 -3.2939650342942994 -0.3000538770687472 1.3228473273222643 123 155 80 2.1323261507529185 62 151 61 151 60 132 57 104
1262 -2.835118833425518 0.59461311995348642 1.6150521882368261 93 124 46 0.60266109957971825 62 158 61 163 60 142 59 148
1263 -2.4091129232856825 0.73452208208916681 0.59829598484736557 45 69 21 1.7472117018633482 62 159 61 164 63 152
1264 -2.5643274219220924 0.48380414261757715 1.3861049343046998 42 66 19 0.8068841149174506 62 155 61 173
1265 -2.5561591744529197 0.10747866737575003 0.82475629970361142 162 195 116 1.9508824016717832 62 182 61 181 60 163 59 164 58 134
1266 -2.7506273193651323 -0.74498235337546959 1.7973748939216059 22 35 9 1.5653162570532111 62 192 63 168 61 190 60 171 59 176 58 145 57 148 56 163 55 154 54 183 47 176
1267 -2.7458669143217542 -0.744035204420328 1.7957241552452901 22 35 9 1.5177643181008595 62 193 63 167 61 191 60 172 59 177 58 146 57 149 56 164 55 155 54 184
1268 -3.0008816119986248 -0.68481537226645728 1.600474653050044 31 46 15 1.4857492145334426 62 200 61 197 59 185
1269 -3.0212111257678953 -0.68996131229641799 1.6080417476124549 31 46 15 0.61644090171851473 62 201 61 198
1270 -2.6297953342919245 0.28540649089979198 0.62249714988388083 158 193 109 0.66537298005704926 62 142 61 142
1272 -2.1851528896952601 1.1064825418514472 0.68574806756536466 0 0 0 2.4898286179572553 62 195 63 175
1274 -2.8974208462495468 -0.67936281692295397 1.438727729411907 83 108 48 1.4993479573731823 68 5 60 9
1275 -2.7022360961883258 -0.68653919320242507 1.9514026267038762 128 126 111 0.58977344902097928 62 29 60 33
1276 -2.9145616970661332 -1.0562157881829215 1.4222793312259816 102 128 55 0.75202915838490725 63 43 65 72 60 41 59 42
1277 -2.923714263211846 -1.2205881417076252 1.550887207169642 109 133 59 1.46321733933403 61 70 60 58 59 60 57 34 55 51 54 70 53 63 52 59 62 65
1278 -2.7643026748283499 -1.0383403464074539 1.4547520970362304 0 0 0 0.44781941343963816 61 72 63 61
1279 -2.6211358536216212 0.097128569616282662 1.1091711204417907 128 159 65 1.6987872654927358 61 78 59 55 58 31 57 41 55 45 53 56 52 49
1282 -3.0593479924426035 -0.30140985702964762 1.3309176996304684 106 132 58 0.66000688737343283 61 97 63 83 60 81
1283 -2.6157505674132646 0.23562347229167557 1.3668385797614258 130 158 73 1.536096527097474 58 48 57 54 56 73 55 56 54 88 53 71 54 77 52 52 48 79 49 59 47 42 45 43
1284 -2.7758843073848247 -1.13951616381968 1.4402599186494982 0 0 0 0.37277477691228766 67 124 68 109
1287 -2.2500345915380309 0.81819156651240466 0.66166818190116017 77 103 40 1.0823586676647956 61 119 60 102 63 117 59 100
1288 -1.9427781236609469 0.8805438905179408 1.0561816650443498 101 134 43 1.5046546004619579 61 121 60 104 59 88 58 64
1289 -2.575967849519603 0.54842414537298612 0.53599571714378202 124 148 72 2.103230885526671 61 130 66 165 60 110 59 105
1290 -2.205763154337312 0.71087733184497504 0.63487052064728888 0 0 0 0.38101741834930891 64 112 65 187
1291 -2.1066104383712991 0.67343947231007983 0.9969424234791574 72 104 29 0.98521429082098333 60 113 59 110 58 92 57 96
1295 -3.2193427466390077 -0.042077908386509363 1.2211468329793698 157 184 103 2.4970385474332857 60 154 59 158 58 129
1298 -2.9499296465989704 -0.32080293996440995 1.9963520652246138 131 128 111 1.719864184490179 61 195 66 193 54 190
1300 -2.7429654167856587 0.31509394054027257 1.6209099527885777 71 101 29 1.6189866171681719 61 52 60 56 59 58 58 53 55 72 54 91 53 83
1304 -3.003290756342802 -0.79763054064727179 1.3492789646498713 47 68 25 1.7446059456898033 56 109 55 93 54 113 53 108 57 87 60 117 52 75
1305 -2.9921592080315205 -0.16585262470164139 1.4518867450730299 128 155 74 1.5112821819096687 61 140 60 121 59 118 58 113 57 105 56 134 55 123 54 143 53 137 52 120
1306 -2.9036239836064164 0.010220288752602695 1.4100274776534631 139 169 81 1.4224775644083849 60 134 59 139 58 115 56 136 55 125 54 145
1307 -2.8446238426766741 -0.79603725537355818 1.4223918563958342 65 92 41 1.4730787837338917 59 76 58 41 57 37 56 51 55 31 54 48 53 51
1308 -3.3200571542573973 -0.26533775163835721 1.2992252423011841 0 0 0 1.2081545773552436 66 141 68 123
1309 -1.6564693056366555 1.1536771991525088 1.1755539838088491 4 4 2 0.22557598977033949 61 199 60 182
1310 -2.7075584511551929 -0.82358433893477667 1.893778800924655 51 74 24 1.1264749529970897 61 34 54 7
1311 -3.0278858512466429 -1.1454223168885647 1.4598483548864836 0 0 0 0.11172946874033043 61 57 63 59
1312 -2.6813646268827616 0.11808714353039577 1.3522718970386156 109 137 51 1.7003002721508957 60 44 61 51 59 47 58 33 57 43 56 57 54 51 53 58 52 40 50 34 48 48 47 22 55 36
1313 -3.1427183129569212 -0.62071806107398086 1.3286962805420259 46 64 24 1.2087807747353116 60 79 59 78 57 38 56 52 55 32 54 49 53 43
1315 -3.0910142731127466 -0.071997595765687317 1.6934948471793059 67 91 31 1.7683066232756386 60 94 61 99 59 102 58 81 57 88 56 119 55 109 54 118 53 120 52 102
1316 -2.7466328627341157 1.0051308736149063 0.53495695054353243 49 49 37 2.4824894019547274 61 133 59 111
1317 -2.7026165542345457 -0.71789934942843692 1.9134693661444031 26 39 11 2.0882915013467427 61 139 58 98 59 117 57 103 54 141 53 136 52 119 51 165
1318 -3.2565479606340682 -0.06318936310577028 1.1038762634690602 133 127 113 0.96385721788119139 62 121 56 111 59 119 55 95
1319 -2.6262853754286861 0.12331423219523616 1.1585359578181162 161 190 98 1.7707464764998655 59 120 58 99 57 108 56 123 55 112 54 126 53 123 52 105 51 156 50 107 49 111 48 123
1321 -2.9036239836064137 0.010220288752602743 1.4100274776534627 141 171 81 1.4224775644083769 60 133 59 138 58 114 56 135 55 124 54 144
1323 -2.20830399787156 0.36101768625934028 0.85031567854536694 85 114 32 1.8689566040906975 60 139 61 157 62 153 59 144 58 119
1324 -2.4461957588717955 0.43977664602875516 0.68100815048762431 105 133 46 1.3410286591448994 60 156 57 125 59 160
1326 -2.1590832207531929 0.51114369580461028 0.77458112528381395 153 181 94 1.1960576601799202 60 165 61 184 62 185 59 174 58 141
1328 -2.3437251906058441 0.47847818860482894 0.60053039080070914 86 114 40 1.7333959334647941 60 126 61 160 59 125 58 85
1329 -2.8195778979382515 -1.1016198806718434 1.6008433022465995 71 100 36 1.3846673559746294 58 110 57 116 59 135 56 133 55 121 54 137 53 134 52 117 51 162
1331 -1.9478864169110539 0.93785001023224057 0.96711814553172515 0 0 0 1.5803011709696773 62 198 63 174 64 155
1332 -2.8955040068278679 -0.58949986534725363 1.8136020217097586 22 26 11 0.50335013461412248 59 30 58 14 54 34
1333 -2.7475114682877915 -1.0250706308662181 1.6182673916183339 122 150 72 0.88127826578702118 60 61 61 74 58 40 57 36 56 50 55 42 54 55
1334 -2.7256682945192088 0.27307858703671584 1.5906878671629197 68 98 28 0.52446639630981884 59 71 58 51
1335 -2.6436500315382809 -0.69351861180463981 1.625076091103369 26 39 9 1.0689021942282155 61 94 58 58 56 79 55 64 54 84 51 121
1337 -2.1199351897529461 0.62380417997401283 1.0170529344150385 104 134 46 0.54381070989948477 61 118 58 76 54 106 55 89 53 104 52 86
1338 -3.0095335227216427 0.74411024985315732 1.8025967555431797 48 45 40 0.89920954179748902 59 98 58 77
1339 -3.0890946824022452 -0.070342102566624237 1.6942418965916715 61 84 28 1.6627393146424769 61 100 58 80 56 120
1340 -2.6895558932659647 0.14671611495099801 1.2938490322605543 146 176 86 2.7284753719284174 59 103 58 82
1341 -2.6895558932659647 0.14671611495099801 1.2938490322605543 146 176 86 2.7284753719284174 59 104 58 83
1342 -2.252310876367051 0.25032154436571402 0.87259012728938834 127 156 63 1.2515425560473883 60 96 58 84
1343 -2.1876748963263521 0.44272762949790523 0.8814442782276064 64 97 18 0.059015459426207104 59 106 58 87
1344 -2.8109624965102635 -0.88110408653322314 1.5601718737567589 78 107 41 1.0032520118646717 59 114 58 96 57 101
1347 -2.9082814471160949 0.82030931774754745 1.784758170812762 142 172 76 1.3871968726196582 59 150 58 122
1348 -2.9082814471160976 0.82030931774754756 1.7847581708127624 142 172 76 1.387196872619425 59 149 58 123
1350 -1.4539140868431362 0.85785523076641335 1.0835542828614531 46 65 20 0.33785342483431308 59 170 58 137 55 148
1352 -1.6843726051903845 0.87928587330534891 0.88359529193543196 148 177 87 1.1314963174787627 59 180 58 147 57 155 56 171
1353 -2.8782182487704957 -0.66129950141923277 1.567269402255808 26 39 9 1.1166187106008167 59 184 58 150
1354 -1.3707244709867563 1.0371432104267448 1.0624424897015932 4 4 2 0.3815310443433329 59 187 57 160
1356 -2.3459816576112278 0.71343235392342141 0.5974699535501885 58 86 25 0.89167115677035069 59 127 58 89 57 85
1358 -3.119140920147605 0.11478267083564021 1.8002580732242601 65 61 52 1.0359486194104972 61 155 55 146 54 171
1359 -2.0299846028048893 1.0196515027005009 0.68033925680193519 12 13 8 0.42816833185889336 58 136 57 137 56 153
1361 -2.72874466132357 -0.64279756456472659 1.8648920602525763 127 128 112 1.3145693776380982 62 31 57 24
1362 -2.5995907524822135 0.29062001961507528 1.3671143356309075 85 116 40 0.85890333098762317 58 22 57 31 56 40 55 38 54 54 53 49 52 32 51 75
1364 -2.6393074508755969 0.22584207585412255 1.4037520304402631 51 79 17 1.6803151330105945 57 45 56 59 55 37 54 52 53 47 52 31 51 74 49 47 47 32
1367 -2.9926551049016936 -0.071019990543960021 1.4549300326188672 112 141 51 1.2654768207477587 56 81 54 101 55 84 53 100
1368 -2.3916469639964859 0.63646974346380403 1.2398662146561354 84 112 38 1.5000237750079846 58 75 57 74 56 92
1369 -2.1985499150108305 0.69243341181813001 0.64635092176051478 102 129 52 1.8761268536326647 58 90 57 86
1370 -2.2940578725650176 0.36327835775433115 0.74528823212867246 139 168 76 0.84595625867708746 57 92 55 97
1371 -2.9340876191546266 -0.76123914229816481 2.017411462802706 0 0 0 0.10961733791740282 60 119 62 149
1372 -2.8141346218176824 0.59576045060753635 1.6222803570577404 97 126 46 1.4669808127069524 58 106 57 112 56 129 55 132 54 132
1373 -2.8089683738367017 0.90499600390223012 1.7666799401394511 16 17 11 1.6630213929138964 58 108 57 114 56 131 55 119 54 135 53 132 52 97 49 120 48 131 45 107 47 106 46 125
1375 -2.3174985972658741 0.42536062145482773 0.68976148387176872 112 141 49 0.50608494304552165 58 121 56 142
1377 -2.8980345329715695 1.1295486283900407 1.8543865113270788 44 45 39 2.4535768230623409 58 132 53 165
1378 -3.2360176847638931 -0.45849401598456702 1.293882334908192 134 133 115 2.40144512981494 58 139 57 146
1380 -2.7466900254862066 1.1095274376543638 0.56354960875894744 95 120 52 0.040179530812987918 57 115 56 113
1381 -2.3257066334106886 0.36529386976537886 0.74472655964717538 139 168 76 1.1990512830139053 60 125 57 93
1382 -2.6278569273306527 -0.69559568178104758 1.9328285989167875 0 0 0 1.8133418528408058 58 5 60 10
1384 -2.8390212321670769 -0.96934003943303937 1.4423102525143987 32 42 53 1.6303925362628178 57 26 55 29 56 38
1385 -2.7523493911981478 -0.9824009146178444 1.5727048320855463 104 134 62 0.99147634492728154 57 27 56 39 53 42
1386 -2.5915031597428313 -0.8931942356441871 1.644814002193808 121 147 74 2.029258870642098 56 41 55 30 54 47 53 45 52 28
1387 -3.1447322768968795 -0.58024909300978589 1.3420333039733827 67 89 42 0.40805145375180357 57 39 56 42 55 33 54 45
1388 -2.8653100454722091 -0.68040862769211885 1.4556739690722789 93 118 50 0.83361591770689369 57 49 56 65 55 52 51 93
1389 -2.8354994911924045 -0.67657952178113789 1.4517559160757658 93 118 50 0.78460960298299831 57 50 56 66 55 53
1390 -2.6106991465274287 0.23530111053189418 1.3677475759135036 135 161 74 1.04169574147184 56 74 55 55 54 78 54 87 53 70 52 51 49 58 48 78 47 41 45 42
1391 -3.0578935855533769 0.83895504054412584 1.886002871419044 53 48 42 0.53954316677062675 57 61 56 76
1395 -2.7471031660775349 0.035809168364226172 1.3073839874179771 155 184 92 1.4713698602890886 57 107 55 110 54 124 53 121 52 103
1396 -2.4919974834237495 0.28278850206187989 1.166027600286879 159 188 95 1.7858240892117176 55 114 54 130 53 126 52 108 51 158 50 109 49 113 48 125 47 95 45 94
1397 -2.5023677752556361 0.21883508691294332 0.99797155522341074 181 210 118 1.2341571248992709 57 120 56 137 55 126 54 147 53 138 52 122
1398 -2.5522105549012069 0.20340417448833692 1.2096118068298112 108 136 49 0.9158612992657208 57 122 56 140 55 129 54 148 53 141
1399 -2.673833984467052 0.46754736988971463 1.4620817987945471 41 60 15 2.0762209749291616 57 127 56 144 55 130 54 152 52 126
1400 -2.887401566381675 0.80295054041733394 1.7689095794230942 151 177 90 1.417159460641882 55 138 54 163 53 153 52 139 51 190 50 138 49 152 48 158 47 143
1401 -2.7816077735151263 0.78223754247045441 1.753724379549588 151 177 90 1.2961110344596865 56 147 55 139 54 164
1402 -2.0999172396719961 0.61410024364148463 0.82564440028781283 101 129 44 0.67190945565872617 57 134 56 152 55 137
1403 -2.8814428378886374 0.11318398644912832 1.7317151398217083 0 0 0 2.4591285290964038 58 131 60 155
1404 -2.4366214853009431 0.43924165732691078 1.1940743026811462 144 171 82 1.5109918100670738 55 152 54 180 53 169 52 152 51 208 50 161 49 178 48 181 47 167 45 158 46 181
1405 -3.9338587799818807 -0.38023388478035081 2.2867266359888592 135 132 115 0.71152331568970328 57 156 58 149 56 173 55 167
1407 -3.2720036631363558 -0.69910800245112814 1.6566875323677999 24 34 9 2.2775966821433711 57 158 56 178 54 195 53 187
1408 -5.2263408120436008 -2.7481365918607437 4.0320711214656928 149 146 131 0.81982790250467052 58 154 56 183
1409 -2.7034709726710684 0.097807377028087755 1.3425257003916298 52 83 14 1.4608795542125494 58 32 57 42 56 56 61 81 60 67 55 46 54 61 53 57 52 39 50 44 48 60 47 28 42 45 38 39
1410 -2.7875029526379702 0.14392983409885621 1.5680300166476724 125 154 64 0.011835965765151021 57 133 56 151
1411 -3.0521665646985681 -0.24647091288535558 1.3586760401451072 111 138 57 2.0071329779205014 56 43 57 29 59 45 55 34 54 46 53 44 51 50
1412 -2.7944581846483936 0.31184958187686657 1.6473445971245493 75 103 28 1.0175820018157666 57 32 55 39 50 37 49 39
1413 -2.7355632450820768 0.057663631405890224 1.2099713567838377 169 195 106 1.0694029500299216 57 51 55 54 54 75 53 67 52 64
1415 -2.6810118535764178 0.25659030869282595 1.5781530098983161 72 100 25 1.3586737325239744 55 71 53 81 52 67
1416 -3.0660888400439164 -0.26675636211345166 1.4247747212603596 112 137 54 1.2535325265251882 56 99 55 81 54 99 52 76
1418 -2.5466061352991378 0.3546734299067022 1.3482409948346841 57 83 20 1.9199638041869442 56 103 57 81 55 87 54 104 53 85 52 84 51 113 50 75 49 81 48 97 45 63 47 65 46 75 43 55 44 44 42 51 41 57 40 49 39 64 38 58
1420 -2.781554010523362 -0.88852411605296344 1.5601649731662166 109 132 60 1.4065704802844134 60 116 55 104 53 116 52 100
1421 -1.9904661851378984 0.66080917875061562 1.0090114968353054 76 104 27 0.67678750607146165 56 145 55 117
1422 -2.7886011348051274 -1.0001604978094558 1.7147784468621652 167 193 119 2.0316225772054208 56 150 57 138 53 158 54 168 52 143 55 134 58 127
1423 -2.1237632052314872 0.57948361282537708 1.0070291268484595 93 121 37 1.7351121137439616 56 166 55 158 53 171
1425 -3.2031629240306518 -0.2352576730749964 1.7349181063256069 15 22 7 1.6968489284770569 55 83 56 80 54 86 53 98 52 77 57 68 58 69
1426 -3.2656960578763266 -0.049919432336665404 1.1166969300259171 63 62 53 2.0091176487702018 60 93 55 66 63 95 58 70
1427 -2.7184371489859167 -0.68582138073445553 1.9493952408211046 124 122 101 1.8737245159461202 62 30 55 25
1429 -3.0099044344243371 -0.25894370358013957 1.3751618417809655 60 83 15 2.0813884676710122 56 53 54 50 53 53 51 58
1430 -3.0703607473586416 -0.355710822241877 1.3910185357781788 71 94 24 1.072075179223789 60 62 54 56
1431 -2.2739040812439897 0.46352212382779923 0.88882360480173805 0 0 0 0.29809966451055492 56 104 57 83
1432 -3.3406329692262595 -0.31536288467221807 1.3304289659042461 138 153 92 2.2048835548375583 55 94 56 118 54 114 53 96
1433 -3.1839376862305304 -0.54106089917007105 1.8373299197836563 138 130 111 1.801449876787949 56 117 54 122 53 117
1434 -2.5264276762828701 0.10603490393093741 1.0260589322043019 0 0 0 1.005514377190398 60 135 61 154
1436 -1.5975155146573305 0.60168010968929408 1.1286107092828819 166 186 99 0.97638089476670531 55 147 54 162 53 152
1439 -4.7194879887201449 -0.41407722027698679 2.4901466766138607 134 126 107 1.0185612884570987 56 174 54 197
1440 -2.8789118731429273 -0.59454567053830809 1.8202397545205178 20 21 7 0.53179118537018244 61 38 54 28
1441 -2.2673405487655414 0.36549940920654234 0.91183034078319003 133 157 63 1.2312204386386614 55 98 53 112 52 89
1442 -2.5553156495820626 0.22905224832835552 1.3982145473693739 114 137 51 1.3869192965589816 55 15 53 17 52 21
1443 -3.0677084839031759 -0.26363550221589338 1.3772233597834869 58 81 13 0.41286534495862104 56 69 53 54
1444 -2.7829299703389037 -1.0483296085975122 1.7882107817412864 147 135 119 0.80652079736824989 60 75 53 77 52 61 50 54 48 72 47 38
1447 -2.4587369870174234 0.15438090233534266 0.97417192865278679 142 164 64 1.3947981131709237 54 102 55 85 53 101 52 80 50 69
1448 -2.8813676020607666 -0.9049389207386852 1.5725606567905244 0 0 0 3.3613370991261782 54 121 56 114
1450 -2.5054586330524526 0.21838526085730278 0.99771563169388866 179 200 105 0.98039192619968663 54 146 55 127 53 139 52 121
1451 -2.117597026394741 0.40196545934195471 0.71314775506956618 111 131 44 1.5217146718194943 54 151 55 116 53 143
1453 -2.8089193724080679 0.13541479387214592 1.5688291692495533 126 149 58 1.5390305402579596 54 170 55 136 53 162
1454 -1.478048101010671 0.85957279351869154 1.0827764521805645 0 0 0 0.20226522626143278 54 176 57 145
1456 -1.6314759318257015 0.87836237493499902 0.89384903396203119 152 175 84 0.38936823594194475 54 181 55 159 53 172 52 149
1458 -2.3494561578578308 0.24371517649734642 0.87511858313070401 124 148 52 2.5644831285278427 54 128 55 96 56 124 53 124
1461 -2.7735185942642984 0.21511308929802128 1.6147614703176494 96 121 38 1.5314372752095984 53 48 52 27 54 53 50 17
1462 -2.7383575719504742 -0.01296993023500055 1.3514431138345111 152 175 84 1.6523542868072834 52 30 51 64 48 38
1463 -2.8409000453486 -1.1432839055615944 1.5406770482724161 124 149 66 1.9101693482824911 53 64 52 35 54 71 51 77 50 29 49 31 48 40
1470 -2.8520627342779261 0.69284224509107284 1.7494086318205302 66 58 47 2.1325191593846986 54 108 52 87 51 117 48 83
1480 -2.3979178261501302 0.65124969802212607 1.3764841402875418 78 85 38 0.96653757637195414 52 173 55 162
1482 -3.0174409246151299 -0.62736000700097749 1.8836608902712741 0 0 0 1.8877068604176754 57 19 58 13
1483 -3.3026731851001596 0.93946463871079389 1.3414822912425954 32 34 20 1.2331488365493692 52 56 53 62 55 49 54 68
1485 -2.5747041795086472 0.21054767114963249 1.018953972733234 0 0 0 2.2430569538302088 62 205 69 184 68 182
1486 -2.947059011836477 -1.2051421928987764 1.4647297481668382 119 134 93 2.1990797861747189 64 41 66 69 73 50 72 57 70 65 69 61 67 75 65 103 62 48
1487 -2.8200605024276615 -1.0967894428144127 1.4740147866475881 35 45 20 2.4039322682972091 62 86 63 78 69 81 70 79 68 83 59 61
1488 -2.5542979281419984 0.20281851314361093 1.209536120458234 72 95 34 1.6034091544022928 58 117 57 121 54 149 53 140 55 128 56 139
1489 -3.1715938430416553 -0.24458826317240376 1.7234050281306519 0 0 0 2.4791915645823863 62 91 63 85 59 80 60 82 61 98
1490 -2.8119024524489107 -0.65720544761193744 1.429379780538174 102 122 51 1.2341684040569156 52 38 51 79 48 45
1491 -2.8119024524489107 -0.65720544761193744 1.429379780538174 102 122 51 1.2341684040569156 52 37 51 80 48 46
1492 -2.5880597976210917 0.19769318210375905 1.2198875759244985 104 127 45 1.4092892295441359 52 41 51 85 50 36 58 34
1494 -2.6810678880597947 0.061565130320391695 1.3294956060588861 155 179 83 1.1530324663883444 52 65 51 111 50 59 49 56 48 75
1495 -2.1531292918312039 0.59968455161762635 0.94939554769195511 64 89 21 1.4301414591235464 52 85 51 115 50 76 49 62 48 98 47 49 45 50
1497 -2.540622446516398 0.30304659978059695 0.95192837930512952 126 151 50 1.7529053508366794 52 81 51 145 50 92 49 96 47 79 45 92 46 93 43 110 42 77 44 73
1498 -2.5180481783064743 0.28533932944436591 1.2484381784370746 59 84 19 1.7278829510300702 53 111 51 146 50 95
1499 -2.8628396844611181 0.99312120876944965 1.8005925874647082 54 52 40 1.3402949006021248 52 98 51 152 50 102
1503 -3.1013801436988988 0.8313334779673156 1.3069239447269512 127 146 54 1.4790612216282337 52 111 51 175 50 126 49 129 48 138
1504 -2.708052171652394 0.68738236952120013 1.5828073958141018 41 56 17 0.60633813019741534 52 131 51 177
1505 -1.4734825274173677 0.66257604106515189 1.1055033448528573 99 123 39 1.4026921977043543 52 132 51 178 50 128 48 142 49 133
1508 -11.491864306859604 0.28366609857476782 -0.70298430442712156 10 11 15 1.186393844931386 54 186 51 210
1510 -2.8391856912459645 -1.2199055560538847 1.6086328868800708 182 200 124 1.4966456285634666 55 78 51 119 57 77 58 65 50 62 49 87 48 105 63 77
1513 -2.4293883561228999 0.81787312611181229 1.1894419609272608 69 92 24 1.0724199903911424 52 57 50 39 49 53 48 69
1514 -2.7934574728556982 -0.63122803570586505 1.4507619167178492 58 72 23 1.8083302622982906 51 94 45 24 48 58 49 44 50 43 47 19 56 67
1515 -2.7957640884367558 -1.0453033513988661 1.7890101562962344 0 0 0 1.7970643524186145 51 107 54 72
1517 -1.4483840431958404 0.50570113597403099 1.0915948711471792 82 106 30 0.28691684984683141 51 149 55 99
1522 -2.5322475670869333 0.21078733200701641 1.2171725566628802 84 108 32 1.7596949795838499 51 186 52 123 50 134 49 147 48 153 47 137 45 132 46 157 44 136 42 138 41 148 39 142 38 128
1523 -2.5299550958155161 0.21054836161030904 1.2178153046244617 84 108 32 1.6414713739566311 52 124 48 154 45 133 47 138 49 148 50 135 51 187 46 158 44 137 42 139 41 147 39 143
1527 -1.5385427655526582 0.87834491590056174 1.0637421423288389 50 67 22 1.0742592084161036 52 150 50 154
1533 -2.8375487233860932 0.60707129089475986 1.6291930012379896 0 0 0 0.83769552922273216 52 129 53 130
1536 -2.7743359421566236 -0.9999183984370511 1.4818390402773791 94 113 47 1.8022897932120734 50 42 51 90 52 60 49 43 48 56 47 26 45 23 46 32
1546 -2.818613540376925 0.25427701528790386 1.5886303561840533 89 108 29 1.236682771102126 52 109 49 124 48 133
1555 -2.2951333863522252 0.91228672289736457 1.2710507539826223 159 183 73 0.94053063505855139 50 150 49 180 48 183 47 170 51 204
1556 -2.3173904073357567 0.9205352135101269 1.2656437036747501 159 183 73 1.3634398001092827 50 151 49 181 48 184 47 171 51 205 52 147
1560 0.41251039246814331 -0.54633028398397654 2.3796479174540752 170 158 134 0.33881785610963205 50 181 49 198 48 200
1561 -1.650635956813449 0.62394015759963617 1.0814517178113043 164 181 89 1.0058768936344069 50 137 51 189 49 151 48 157
1562 -2.3248231948075322 1.0694044478165867 1.3051632245752598 38 38 26 1.2484955124214052 52 71 49 65 48 84 50 61 51 118
1563 -2.6689726769424369 0.056561507040584748 1.4025256207828924 132 148 49 1.3802106428042733 50 68 51 127 47 58 49 75
1564 -3.2027390909998559 -0.32762354960139212 1.7334369319332208 0 0 0 1.8928668026100515 53 97 55 82
1570 -2.5807890363647648 -0.67818373904160234 1.6227067794964103 0 0 0 0.3619753954540379 52 63 53 95
1573 -2.5258037333119341 0.27951456800336738 1.1647434809470865 0 0 0 1.3443630200137278 57 111 58 102 56 127
1577 -1.4946745176682414 0.86184796184734436 1.2158175973079806 88 102 40 1.2952122977164073 49 155 48 160 50 141 51 195
1580 -2.0255448342222375 0.62926918703678036 0.84351839872973067 75 95 23 2.3969336997398374 51 202 48 168 47 153 50 147
1583 -2.7230072002578742 -1.162027839705561 1.5863892391380476 126 147 56 0.61529179432691083 49 26 50 15 51 46 48 33 47 13
1584 -2.56511321659741 0.17040603158000836 1.2342099530742676 47 59 6 0.69872811011332914 49 57 50 46 51 99 48 62
1585 -2.4002289034431157 0.98379995963111389 1.3417893280591664 21 23 10 1.3484746574798581 49 54 50 52 51 103 48 70 47 37 46 67 45 51 44 68 43 85
1586 -2.0670666435244311 0.66058450074251074 0.96062021891653049 96 115 34 1.4223813330565627 50 60 51 102 48 82
1589 -2.4023306154940549 0.57600948881625336 1.2460351673152468 92 110 34 1.7119945696588517 49 82 50 77 51 133 48 99 47 66 45 68 46 80 43 75 44 60 42 84 40 90
1590 -2.135182118200682 0.6237358549464429 1.0149879058322544 80 100 28 1.564711202322463 48 100 47 67 49 83 46 81 44 47
1591 -2.3788420010323255 0.64497659465847412 1.2341322928194292 71 90 26 1.3137879524659344 49 84 50 79 51 135 48 101 47 68
1592 -2.7648942583155569 0.1816513559323748 1.5427174840427538 135 152 56 1.9657093241506449 49 99 51 144 48 112 46 94 50 90
1594 -1.6298155932363345 0.52872556370724855 1.2749056042392855 93 112 33 0.0037882357842121735 51 188 48 156
1596 -2.7578163968441589 -1.0207894150652468 1.5807307381300255 122 140 58 0.96366903127407222 48 41 49 32 47 14
1598 -2.630098251386404 -0.92296503877498315 1.657637959329048 131 149 63 1.3856547824076839 48 42 49 33 47 18
1599 -2.9914540220208297 -0.25677894207196983 1.368897557958503 98 114 26 1.2110603318362942 48 47 49 35 50 32 47 20
1601 -2.7537299393532293 0.13442912702559939 1.3386246668583714 111 127 39 0.99580141677023148 48 61 49 45 47 29 45 30 46 43
1602 -2.6952255674483716 0.10737175662803884 1.4381483976559153 111 130 41 2.0483172765116779 48 76 52 50 46 44
1603 -2.5935748194434209 0.2048302778010006 1.2158186115866259 99 117 35 1.8244375085741111 48 63 49 46 47 31 46 45 45 32 44 31
1604 -2.6300607330822436 0.31457212517882449 1.3714673190091282 78 95 25 1.2297237634466138 48 65 49 50 47 44 45 46 46 62
1607 -3.014892272321656 -0.087414332566874017 1.3783553575006335 130 148 50 1.7464621956070583 50 66 47 74
1608 -2.7763844536341713 0.11489398624832549 0.77439226113663784 143 158 55 1.174754103511322 48 107 47 76 49 94
1609 -2.899954354047602 0.088591667536429927 1.434645083208945 105 124 32 0.97514557244308353 48 108 49 95 47 77
1610 -2.4338412874775481 0.49761444770677365 1.2419619452037964 109 128 39 1.1020020252520124 48 117 47 81 45 82 46 97 43 97 44 79 42 83 41 93 40 89 39 100 38 88
1612 -2.7276320854588811 -1.0257547986225257 1.5421114899290858 68 87 23 1.2066456399184702 50 104 47 86 45 76 46 87
1613 -2.6941519151938649 -0.88104560264082388 1.5606668895022173 109 126 55 1.229504576025336 48 122 49 109 50 106 51 155 47 87
1614 -2.762257129050989 -0.83832447024134993 1.9750960157162363 160 145 122 1.3630333822912237 48 88 49 90 45 87 46 104
1615 -2.9629567889790933 -0.036015841012510624 1.4516899575743423 88 108 23 1.0133889681971018 48 106 49 110 47 90
1616 -2.4262332313271093 0.374315982062357 0.87049762203281023 137 155 55 1.9066842742067818 48 127 49 115 50 110 51 147 47 96 45 114
1617 -2.3568543769177959 0.3453124091534146 1.1764158004977723 113 130 34 1.2397046183712708 48 114 49 116 50 96 47 97 45 95 40 115 39 127
1618 -2.9914414545709711 0.32256706964648107 1.6690460919504035 118 132 44 0.67209661916156316 48 115 49 101 50 97 51 148
1619 -2.2552443391485935 0.5158958484006172 0.81098445413310472 138 153 58 2.1315562242802719 48 134 49 125 50 122 51 171 45 96 46 115 43 116
1622 -2.9962729091570264 -1.1311154595751622 1.558681115087476 78 98 26 1.3223479401352896 48 145 49 136 47 109
1623 -2.6972823601330722 -0.72415316177914135 1.9163945579151533 34 40 12 1.2092748590045297 48 132 49 121 50 115 55 106 56 116 47 111
1626 -2.9107124460993359 0.75818604613532792 1.5066497161306383 40 47 13 1.0188816817442596 48 155 45 139 46 164
1627 -2.5250507849733412 0.22380229307023525 1.0338325155470818 168 186 76 1.9610411221703816 48 165 47 150 45 148 46 171 44 152 41 146 40 153 39 166 38 153
1628 -2.3386456402530205 0.58642836552066857 1.0589166201342017 72 89 21 1.1185161981913923 49 164 47 151 45 150
1629 -2.0246223955617468 0.63268909544970187 0.84347770461160909 74 91 20 1.4245237264497916 48 167 45 151 49 165 46 174 47 152
1630 -2.9127921258015732 0.14542534082090885 1.559699135818498 117 134 42 1.518939943033581 48 178 49 175 50 156 47 165
1631 -2.9210800765602993 0.92917834161971891 1.192200903171627 6 7 2 1.3122791588588523 50 149 51 203 47 169
1635 -2.7174922434443687 0.24519252381457379 1.5735987003623548 60 79 13 1.916187655948961 48 95 49 79 50 73 45 81 46 95 43 95 44 76 42 81 41 90 40 86 51 131 39 95 38 115
1636 -2.483761600976043 0.4378002731153891 1.3166414212631103 58 75 16 1.7685776919711529 48 128 47 101 45 98
1637 -3.3146380249986902 -0.5572173786011223 1.8352035539481437 160 146 120 0.048947416682132192 49 141 47 129
1638 -2.9127921258015599 0.14542534082090705 1.5596991358184995 117 134 42 1.518939943033673 48 179 49 176 50 157 47 164
1639 -2.3387329185021959 1.5352699336946263 0.93267535254186373 7 7 5 0.72132121088445111 48 196 47 184
1641 -2.6578228333232654 -1.0811395152971621 1.568044967085678 108 126 50 0.68222256037203699 47 15 45 21 46 30
1643 -2.7017435677310977 0.38849534292481747 1.5990637611177951 38 51 8 1.2794714070890263 47 34 48 67 50 38 45 36 49 51 46 51 43 44
1644 -2.8328134975775083 0.24394070127142511 1.6147039815860251 85 103 27 0.67143539718359269 49 49 46 49
1645 -2.5865929509823444 0.30790131526574854 1.3844134485894513 73 89 27 1.5562578867034527 47 45 45 47 46 63 43 54 44 43 42 50 41 56 40 47 39 60 38 56 37 57
1646 -2.6753369490033383 0.30978732387216296 1.5743436922641871 90 108 34 1.4650004689584346 47 46 48 81 49 61 45 48 42 40 41 59 40 51 39 65
1647 -2.7426924513504392 0.052636426967141194 1.1437730910577035 138 154 55 1.6675886751020734 47 39 45 58 46 57
1648 -2.5306830572230039 0.15819890550392926 0.95535318208639142 129 145 47 0.68909132604038859 47 59 48 92 49 76 51 129
1649 -2.5044391968721862 0.2943956504127625 1.2468686907877216 0 0 0 1.379673779972729 52 66 53 80 54 89 51 112 59 85
1650 -2.5740142232517678 0.36168386612811304 1.3327452616418514 41 52 10 0.65311326276234716 43 56 44 45 42 52 41 58 40 50 38 59 37 61 36 65 34 65
1651 -2.3295778296896792 1.076663406092031 1.2958940894165125 39 40 26 1.1822519001860519 47 50 45 74
1652 -2.6764871826129979 0.19768027587565284 1.4215829718620334 50 65 10 1.9397789857787935 47 92 48 124 49 112 50 108 51 157 46 110 45 93 44 97 42 96 41 107 40 108 39 122 38 110 37 112 36 101 35 80
1654 -2.532564829649119 0.30295204009556198 1.3842815620649427 64 79 24 0.86601811834420683 45 115 46 132 43 130 44 116
1655 -2.325832955008527 0.8819998638087011 1.0670500238527991 48 65 13 1.0516543593367842 45 120 46 139 44 123
1656 -2.6907121800219658 0.086177021175277799 0.99472875822662488 131 147 49 1.8992943447331831 45 128 46 151 43 148 44 129 41 118 40 127 39 141
1657 -3.16471725369464 0.88393247482162163 1.7255434671554113 165 187 63 1.6993352069664394 47 144 45 152 46 176
1663 -2.7299602284897126 0.49521356399983657 1.5999112883392432 50 67 13 0.88945002409034557 49 118 51 160 50 111 46 117
1665 -1.7300782614358901 1.2043308644838964 1.0616448452359999 0 0 0 0.030142206118026274 52 178 53 192
1667 -2.7967347484332761 -1.1424111787799773 1.6680500266481726 104 120 78 2.2466688692997412 50 85 53 93 64 53 65 120 63 79 59 92 58 66 55 80 49 88
1668 -2.8962840132007077 -1.1714695991393369 1.4969467702417532 23 31 12 1.8666813930353165 61 108 62 105 55 79 56 97 57 62 58 55 60 89 59 91
1669 -2.7031566558436819 0.10540614461062021 1.4315510043877824 106 122 34 1.1998323153714294 45 29 47 30 43 38 44 30 42 34 41 37 39 39
1670 -2.6954443876566225 0.057165894315260611 1.3475599245712129 147 165 66 1.3249120934038696 45 40 46 58 36 57
1671 -2.5801178659090733 0.17614517976362493 1.2400004215370157 44 61 6 0.046247645419638925 47 40 44 39
1672 -2.5853102519103595 0.40614967068640995 1.3463904336451473 95 112 41 1.5252105182879134 47 47 46 65 39 51 36 50 35 35 34 68
1674 -2.5610197582024194 0.30631826821762503 1.307690093798179 91 109 33 1.3422053676144878 45 62 48 96 46 74 43 69 44 57 42 63 41 73 40 64 38 70 37 73 36 63
1675 -2.1810721264724107 0.63675019644529951 0.9924479739951666 81 96 27 1.8132327472294272 45 69 50 78 51 134 43 76 42 55
1680 -2.6905369697570194 0.16775918446763577 1.5442596003840188 117 136 44 1.4504423140290303 45 112 49 123 50 119 46 131
1681 -1.9408751580800654 0.89802184382841121 1.0386300050809285 149 166 70 0.85350439744852447 45 122 47 107 46 143
1682 -3.7826915628632429 1.3550323822975969 1.2008971482955582 71 73 60 1.0995808235539031 47 125 46 144 45 125
1685 -1.6341856363226497 0.66492886585666577 1.2315803355402022 0 0 0 1.2919895539547175 47 155 51 191
1686 -1.6378388279233376 0.84412302508395354 1.2728732526864779 0 0 0 1.5673652689301578 47 156 51 194 50 153
1687 -2.3400090287723168 0.36256947992991218 0.81586216177008553 76 94 20 1.6853561940242479 50 121 47 114 48 126 49 114 51 159 40 109 39 121
1690 -2.6608904537940474 0.81439612045407128 1.6965995700702177 63 83 20 2.4606082333477661 45 84 44 107 40 122 42 106 37 125 46 100
1691 -4.8985111026594623 -1.2332013714969636 -1.0689453691399458 143 151 153 0.067332978344417038 49 192 43 193
1692 -2.5511855150305025 0.19806247530874529 1.2328336738420083 90 104 27 0.91755347114826691 45 33 46 46 43 39 44 32 42 37
1693 -2.7026757088167717 -0.94433417565071798 1.7261030284429397 0 0 0 1.9260513272029207 48 87 49 69 50 55 51 108 47 52
1695 -1.3092159717363818 0.45535031681772736 1.1633651008075654 97 98 93 0.35250555752966656 49 104 43 79
1696 -2.8434791386705056 0.96994962290749198 1.5640450972392896 10 11 5 1.344192561114038 46 142 43 100
1697 -2.8682478422325217 0.0058342922615367779 1.1885386994974902 142 154 52 2.0028701980344241 46 107 44 92 39 90 40 83 41 85 45 90
1698 -2.7332405302544411 0.026360667227511989 1.1254565587089624 138 150 50 1.9148937136468847 45 111 43 106 44 93 40 104 39 114 41 103
1699 -2.472023078449141 0.41238290212204681 1.2022087325068642 120 135 44 1.7705415609502337 43 115 44 101 42 101 41 91 39 96 38 85 37 93
1701 -2.2409668430849652 0.74924598074483262 1.0474754246576166 83 99 26 1.3445411411304022 45 118 46 135 39 158 38 139
1702 -1.3240435511277018 0.71294692901592693 1.0588193429925901 101 113 41 0.81342111321130972 45 121 42 125
1705 -2.6486010086420824 0.15134975031197814 1.3999010363057114 77 93 20 1.9024645733296843 45 134 43 153 40 154 39 168 38 154 46 159
1708 -2.4917751296763968 0.28488980347456661 0.87105804379259699 156 174 74 1.5269124141469728 45 60 46 73 44 53
1709 -2.963946121277639 -0.031799982163114617 1.4565068857964987 88 106 22 1.423246860781239 45 91 46 108 44 111 42 111
1710 -1.6494814863394842 1.145297055598768 0.88759959418229695 65 66 60 0.11513872799171043 45 127 46 146 42 108
1711 -3.1247086442778373 -0.25265658421119908 1.3443582447500551 125 141 52 1.0090539212533445 43 29 45 28 46 41 44 21
1712 -2.6002541450889907 0.27689744675599265 1.3462377058596331 32 43 3 1.0770828980288363 43 50 44 42 41 53 42 47 40 46 39 58 38 54 37 56 36 62 35 48 34 63 33 35 32 20 31 50 30 35 29 34
1713 -1.3539235056601275 0.4662437119980436 1.1516697153593416 98 102 103 1.0612338069706633 48 118 44 80
1714 -2.7196776152646516 0.037697241376533866 1.3300927764368022 150 166 68 1.4260970607016845 46 109 37 88
1715 -2.6857403437346377 0.16876065783948888 1.5530015184226025 113 130 36 1.6266313140253827 47 93 33 84 32 54 34 118
1716 -3.205994618142419 1.0176445955327695 0.97367452935244381 85 88 81 0.11202114421972269 45 83 46 99 44 106
1717 -2.3004931226934424 0.55512888916504854 0.65181035408008203 134 149 56 1.6570642779670728 43 131 45 116 42 100 41 111 40 116
1721 -4.7650617391551267 0.63645918863075923 1.2833115731509486 0 0 0 0.68362352235469159 43 180 46 114
1722 -13.102481307033541 -5.711292033837517 -3.5977837690917505 220 228 230 0.18308937871949993 50 167 44 173 38 179
1723 -1.5422794974102716 1.1280851874230235 1.1622089484154672 7 7 5 0.47457418240007559 51 224 44 176
1726 -2.7681589050480526 -0.697546969809687 1.4418403094524606 72 89 30 0.68540868691522394 44 52 41 41 40 26
1727 -2.6452011830969648 -1.0463758101208669 1.5590784175829748 76 97 32 0.053911209522819664 43 101 42 89
1728 -2.5396616914058145 0.2152867135416161 0.78403554232062411 90 102 32 1.8556168742925181 46 153 48 163 49 160 50 144 51 197 45 130 44 131
1730 -2.6507110549927853 0.14767178755370211 0.85957105844314941 131 143 43 0.7218896040519448 43 149 42 133 41 143 40 152 39 165
1735 -2.6927713198619996 0.1251488410349979 1.3600797828126825 95 110 29 1.7029368578809436 43 37 44 29 42 33 41 36 40 34 39 38 39 47 38 40 37 37
1736 -2.5374206455368973 0.19469909625313564 1.2391570302119366 86 100 25 0.69194726902240122 43 40 42 36 41 45
1737 -2.7401068666070403 0.23590938801183145 1.6662210138808418 85 98 26 0.58258986102101173 43 41 42 39 37 59
1739 -2.8290674206713562 0.20509453269466249 1.6858376773069448 112 125 35 1.7129412817860568 43 51 44 41 42 48 41 54 39 59 38 55 37 72
1740 -2.5978748436690631 0.17411227683765881 0.92599507881829979 123 135 37 1.3479603223257735 43 63 42 59 41 69 39 77 38 66 45 59 46 72
1741 -2.5499249940883786 0.2850159827553217 0.8454642504915576 164 179 76 0.74448881806816303 42 61 41 70 40 60
1742 -2.8189004879516086 0.17119843319527836 1.5835579215224986 112 127 36 2.0110230665269717 43 68 42 62 43 90 41 72 40 62
1743 -2.9502064481298418 0.86719895422366211 1.8745496689521028 34 35 17 0.76396132137759243 42 67 40 100 41 98 39 109
1744 -2.5830152018298422 0.14199784086516573 1.1282083000362926 147 161 50 0.59741256141850196 43 89 44 72 42 76 36 96
1745 -3.0948508142554427 0.1678242252771116 1.7057947600106342 75 88 18 2.0165168568439049 42 78 39 125 40 113 38 113 41 87
1746 -2.3296923460420045 0.39283635133055345 0.88698468849454448 124 140 42 1.6263111328612663 43 94 42 80
1747 -2.9444290099637307 0.36148673549389104 1.7245460157471177 83 97 20 1.7893942224811668 42 82 41 92 40 88 39 99 38 87 37 118
1748 -3.049580989225317 0.73113536032049831 1.735915872060658 99 100 95 1.3824932870447799 44 63 41 95 39 104 38 91 49 106
1749 -2.6971074049700512 0.18096379239388669 1.5190792181508366 114 129 37 1.7517871116435402 43 112 44 98 42 97 41 108 40 111 39 123 38 112 37 114
1751 -2.9039720276272121 0.23711652792595678 1.7036208239795918 113 127 32 1.9776388199417099 43 113 42 115 40 133 41 123 39 146 38 131 37 153
1752 -2.8890623419768544 0.53645832247326919 1.6437488529611159 63 77 16 1.1049076107608671 43 134 42 117 41 128 40 139 39 152
1753 -2.6744325221648686 0.57341983419030551 1.5128734484570061 65 78 22 1.9788322010083872 43 135 42 118 40 140 41 129 39 153 38 136
1754 -3.0686813484668458 0.94663151896223441 1.0625467098832619 89 90 76 0.53087883786462475 42 121 41 133 40 143
1757 -2.7461431350203651 0.2867560090008513 1.6239650784842279 73 85 23 1.6386542791830563 41 160 40 161 43 164 39 179
1758 -2.3505552642482774 0.59405161827206365 1.0629963645984135 56 69 15 1.6926735011439635 43 166 42 152 41 162 40 163 39 181 38 164 37 154
1759 -1.575091619462851 0.77215869021293704 1.0057579122442566 88 102 23 0.28799702928380655 43 170 42 153
1760 -2.8672737651763347 0.78198491297359629 1.7862363594195183 168 183 58 1.7272539626450474 42 154 41 163 40 165 38 169 43 171
1761 -1.9396121971866791 0.92836368656209911 0.9743152357489846 147 164 52 1.717936817764856 41 171 40 174 38 175
1762 -1.4501331030522284 1.2002935455909591 1.4646353286806064 50 51 45 0.48812048254198337 44 158 42 160
1763 -2.6222577481725415 0.34664816681263427 1.6937100804579521 47 56 11 0.62909976897953734 43 178 42 162
1764 -2.4311060945962413 0.75434221363569964 0.87171785380726519 0 0 0 0.43699101182770156 43 182 46 194
1765 -2.6060688706021127 -1.0533071578471316 1.6339533603334038 164 178 100 1.3418904006192158 43 30 42 26 41 32 40 17
1766 -2.5240557811431774 -0.96058171655099911 1.645526267674037 144 159 74 1.2741040264376935 43 102 42 71 41 82 39 73 38 46 40 78
1773 -2.4968158482785703 -0.75446362961919355 1.6153558803794119 112 121 69 0.62139080948742598 42 57 41 40 40 32
1774 -2.5076883376043808 0.18779108952929333 1.118795530337203 117 132 29 1.3220547117327761 42 35 41 44 40 35
1775 -3.0033823560922586 0.74307273005419827 1.8110192314104838 94 93 89 0.40289563786361626 44 48 41 49
1776 -2.6342521853369565 -0.68132054200766212 1.5541229525231286 102 109 57 0.30596696923514355 42 58 41 50 40 43
1777 -2.6420883589036745 0.30427700607971686 1.4071969561274085 35 44 1 1.3501084283426332 43 53 41 55 40 66 39 82 38 73
1778 -2.8293381583336377 -1.2541297661867963 1.585145957433741 178 186 101 0.55241949575355143 42 56 41 64 40 57
1780 -2.9871955680415443 0.23098989374678969 1.7057751900091145 118 129 35 1.7356716125015219 42 49 41 74 40 65 39 81 37 91 36 103 35 102 38 71
1781 -2.6892158441306244 0.37971344410945762 1.6005837633988558 35 43 7 1.0650511745512652 42 54 44 46 41 77 40 52 39 66
1783 -2.5540911711945302 0.2918165365120004 1.2328989432607622 53 63 11 1.7333522881269496 42 79 43 93 41 88 40 85 38 69 38 84 37 90
1785 -2.7069598990297918 -1.1056237975804313 1.7979675098507415 137 144 49 0.9572230049758742 42 70 41 102 40 76
1786 -2.8724136928792454 0.0037534812347553227 1.3881541405329114 158 171 83 1.0285251839221976 42 93 41 104 40 105
1787 -2.7589560405735067 0.071917471688719606 1.2514464822379001 150 161 56 1.1112617162204732 41 105 40 106 39 115
1788 -2.4640460281859156 0.41242793839594544 1.3101661798522182 56 66 14 1.2993939657382112 42 102 41 112 40 117 37 94
1790 -2.6636211329142658 0.33705995558871205 1.3249375940494785 58 68 18 1.5726392890984546 42 116 40 134 39 145 41 122 38 130 36 146 35 125
1791 -2.6603306628891628 0.28781419967223959 1.5119297725675165 91 103 27 1.7370284651537795 42 140 41 125 40 136 39 148
1792 -2.2985805042566936 0.86064846873350498 1.0833283526117536 45 54 11 1.2841740626898495 42 124 40 145 41 135 39 131
1794 -1.6554059266260888 1.1584973118588411 0.86941061416455911 69 66 59 0.5774219915037655 43 141 41 138
1795 -2.6815209223551704 -1.1425129476843159 1.6229634692420816 99 112 33 1.2206222332037016 42 130 41 140 40 149 39 163 38 148
1796 -2.8342992145090924 -1.0421728664535184 1.6739094483133328 186 195 102 1.7725659698125535 42 131 41 141 40 150 39 164 38 150
1797 -2.5674006716886582 0.22856914226655209 1.0109060266181638 0 0 0 0.48371218294207496 42 136 43 151
1798 -2.257293387318728 0.66510595889277913 0.719223642360863 75 88 16 1.2854362602585732 42 142 41 149
1799 -1.5432257661714051 0.60836467881939305 1.029311652052818 156 164 53 1.4299445126017556 42 143 41 152 40 141
1800 -1.5317997959650906 0.60420268858568893 1.0384681392684763 156 164 53 0.88319563473505658 42 144 41 153
1802 -3.0737615012438484 1.1290428590270245 1.8162054851536802 76 73 66 2.2345875535223225 42 155 40 166 41 164
1804 -2.3253497718137193 0.91164663411975844 1.2655682845780842 149 165 58 1.5359877929406365 45 161 46 186 39 185 38 170 37 167 33 162 40 169
1806 -2.8530283319972551 0.75280203399251833 1.57009420136236 50 59 14 1.2019437001721456 42 122 41 134 40 144
1807 -2.2198989611694899 0.89462600115815971 1.0048926527710897 30 36 8 1.8834278187097959 43 169 41 157 40 164 39 172 38 159 37 156 36 168 34 166 35 145 33 146 31 102
1808 -2.140574795661446 1.049459417325636 1.1099930190818286 10 9 5 0.55863179563771415 45 167 41 172 40 175
1809 -3.1413632133662199 1.4751132902914001 0.98732144621988605 12 11 7 0.39670218097859111 42 183 40 186 39 204
1814 -2.2815203773208861 0.67067561398527309 0.92499025260870305 86 102 27 1.8292743181829485 41 60 40 54 39 69 38 61 37 62 36 66 34 72 35 53 33 53 32 28 30 37 29 38 31 42
1815 -2.8232361295405983 0.28814126960455988 1.706492793214182 99 113 28 0.72308665385103554 43 70 40 67 39 83
1816 -2.5211833622525965 0.29021698637205617 0.96925194898259381 119 134 29 2.2094979618455408 41 86 39 92 40 84 38 68
1817 -2.2371034791050159 0.73312751427194833 0.94053093204607674 26 33 2 2.0263564419149764 45 103 46 120 36 106 35 84 34 102
1818 -2.43372908833497 0.99998915114635101 1.3305999503710508 21 21 11 2.2483045681615117 41 99 42 68 40 101 39 110 37 126 38 96
1820 -2.4581881871729485 0.39850796267315863 0.72114790819248942 85 100 19 1.424237333697622 39 120 43 154 40 110
1824 -2.9210178382351937 0.95464303542670026 1.7527920528087302 21 21 13 0.95787433183691295 38 122 41 137 44 125
1827 -2.2983031487107737 0.89269074634305501 1.288667867020973 0 0 0 0.52348287116371461 41 167 42 159 43 174 44 160
1828 -2.0898335928169871 0.64704370844349313 0.44943792934081833 105 102 97 1.0959835211085802 42 161 37 178
1831 -2.9527680070546012 0.9259309048522979 1.9026931906746871 0 0 0 2.1850324422167322 41 100 42 69
1832 -2.6980471648492075 0.30687041301297047 1.5692013309294848 83 110 42 1.7040556447329682 62 81 61 86 60 71 59 72 58 52 57 72 56 85 55 58 54 90 53 82 52 68 51 101 50 49 44 34 46 64
1833 -2.7109042597628341 -0.5916728741684546 1.5985988174178201 64 69 37 1.5903636526822145 40 33 39 37
1834 -2.5451199351339109 0.26896718923015706 1.165148025170281 107 120 28 1.6778572585448064 40 36 41 46 39 48 37 27 36 41 35 21
1835 -2.9176162548301074 0.45676314506622667 1.7216202846574327 66 80 19 0.64192079870608809 41 48 39 52 37 42
1836 -3.0285180212261942 0.87946297480815194 1.8953627460152707 85 84 77 0.38069091508314246 44 36 37 31
1837 -2.7176033229888321 -0.600160520041221 1.5415908323063172 40 44 17 0.86377656854679785 40 58 41 66 39 55
1838 -3.0117124793885384 -0.1598857780258314 1.4242346806638815 136 149 67 1.7704223435226909 40 59 41 67 39 56 38 48
1839 -2.5156637910155446 0.3144741769096045 0.8795110192340605 124 136 34 1.9588235370537574 40 45 41 52 39 57 37 52 36 59 35 44 38 51
1840 -2.6912526464441311 0.37884089239472507 1.5997763088335166 32 39 6 1.532562173504048 40 53 41 76 39 67 38 74 37 75
1842 -2.6809308042891336 0.77807647615090958 1.595197996450215 42 50 13 1.0804502501724877 41 96 37 80
1843 -2.7247221665617429 -0.065045615204543009 1.3943550788549637 138 149 53 2.4556746361075814 40 82 39 89 38 82
1844 -2.4137782111238812 0.4090610351902047 0.83098490281876414 134 146 46 1.2466248732830527 41 89 39 94
1845 -2.7581337059590156 0.27006957158923256 1.7453020230280809 95 108 28 1.94752619434434 40 87 39 97 38 86 37 74
1846 -2.9672203692022516 0.7951330080889718 1.8609858510181225 167 179 55 1.4943922552321063 41 97 39 107 37 99 36 132 35 113 34 132
1849 -2.4497575705029799 0.44492244307214845 0.50679641405633258 190 170 159 2.2900960364460334 40 107 41 106 38 109
1850 -2.2549564444256309 0.50623312395383679 0.60511367840383656 117 110 104 1.6672521383834749 39 126 38 114 37 115 35 100
1851 -2.4979224671279123 0.38547837873385254 1.0777018217857042 0 0 0 0.271663021634718 41 110 42 99
1852 -3.0160590413387784 0.98798128274957608 1.7255801453410642 0 0 0 1.9128168005662385 40 123 43 140
1853 -2.6517468127783292 0.28736190307910586 1.5171397619045384 88 102 25 2.1439200261361568 40 135 41 124 39 147 38 132
1854 -2.2485819994120839 0.65270692713972567 0.72498375140906524 82 96 19 1.3818116438865058 40 137 39 150 38 134 41 126
1856 -2.817354054659428 0.50900490355312511 1.6772473747736945 52 62 12 2.0987563054630476 41 150 39 169 38 156 37 155
1857 -1.7078087509729587 0.81627033011531935 0.91255443269715086 95 107 25 1.123299646077041 40 156 39 171
1859 -2.7210339869921261 0.27839907945681097 1.6372657924808489 57 67 15 1.0171680343990683 40 162 39 180
1861 -2.860617932307675 0.41793271626595596 1.592965829942939 64 75 19 0.63031146780739811 40 173 41 170 39 190
1864 -2.9580046538333229 -0.66767811675462441 1.6378085419925126 23 26 5 1.6381560836763791 40 179 39 200 38 185 37 188 36 199 41 176
1866 -2.5622590593637344 0.10946745914297262 1.1927713721303121 167 179 77 1.2768051437108647 39 116 38 107
1867 -2.4326780867602014 0.58952239329261635 0.59031897979213377 140 151 57 1.5974923607083604 46 162 38 133 45 137 39 149
1868 -2.4846021356446277 0.73765831406642091 1.1575122600087424 43 51 12 2.3987480348752364 40 168 39 183 41 166
1871 -2.440465386913949 0.4440790070682496 0.59830820650666672 116 125 36 0.51838862786667739 39 49 37 40
1873 -2.9278215870859747 -0.76896358673969245 1.9004245421416357 113 117 40 1.057649524049836 39 45 38 47 37 65
1874 -2.6290744084113871 0.13780417727618494 1.0265384762456276 125 137 37 1.141571252768278 38 50 37 50 41 51 40 44
1875 -2.7563914717815381 0.24651448369105999 1.6564310137368199 64 77 18 1.06285403990521 40 48 38 57
1877 -15.229115277356842 3.4476009162182195 -1.1074018114922886 66 62 59 0.079079527423872129 43 73 38 90
1881 -2.5088355932646862 0.23531747169469508 0.78591257833082528 126 137 41 1.0638138769597081 39 117 41 120 37 109 38 108
1883 -2.4399344170761474 0.37006007244904338 1.1055352801294374 81 99 17 0.96164654367156288 39 144 38 129 37 117
1884 -2.2238778379382245 0.74530891587156334 1.048853623426147 0 0 0 0.41930087956546824 42 120 43 136 44 122
1889 -2.958253737283254 -0.66867613210240229 1.6373917837244398 18 21 4 1.0597529031997794 39 199 38 184 37 187 36 198
1891 -2.4030143007413911 0.14580952156039595 0.72501286813133603 0 0 0 2.2945319225189116 40 159 41 159 42 149 43 147
1892 -3.0115382774849322 -0.30579780823985436 1.2034144347448734 178 177 172 0.55440826497297913 41 177 36 192
1893 -2.7945575007777839 -1.0003732173078854 1.433422208295879 92 102 40 0.34794929405556196 38 45 37 34
1894 -2.6340626115831456 0.19102605433280409 1.3342499698881973 49 59 6 1.70349996011253 45 34 37 39 46 34
1896 -2.5636128530303601 0.30063835354311114 1.2241996812379246 55 65 13 0.28263224187778885 39 79 40 63 37 71
1897 -2.6178181557126496 0.304386814712022 1.4311701869223523 37 44 3 0.30688631423612822 37 92 35 83
1900 -2.5310466799316265 -0.77303333282537434 1.5470458024949227 160 161 156 0.76176098550947702 38 104 37 105 36 90
1902 -1.5933228353827804 0.6467032617158569 0.98601750011298561 165 173 61 0.24156306362920016 38 137 36 126
1906 -9.5697754839825464 -4.2545193596489836 -1.7830993274871105 225 227 222 0.11900719119175407 40 178 37 176
1908 -6.3643723404771277 0.39202489562924137 0.93118324447108347 143 142 137 0.47643856488380426 38 162 37 162
1911 -2.582677596227589 1.9147687585023374 1.9330057451577163 44 43 38 0.86608084749817638 38 187 37 191
1913 -2.8513103828175614 -1.0961414420715396 1.7857990152193333 80 91 25 1.5117157392177436 37 33 36 45 30 31
1914 -2.5559509581335766 0.30541872213318244 1.2563695239040218 53 68 10 1.1650355625812201 37 28 36 49 34 36 33 27
1915 -2.3015550586655076 0.60801310084201843 0.88347010740365972 102 121 32 1.3915225390248878 37 41 36 52 35 37 34 70
1916 -2.6156706961594836 0.23372033204370291 1.372240357162287 109 126 32 1.5575791496878901 38 52 36 60 35 46 34 62 33 46
1917 -2.6145794314158279 0.23338441611463481 1.3730948070142508 109 126 32 1.6515034783923406 38 53 36 61 35 47 33 47
1918 -2.0454075897766928 0.99296541046920583 0.64433149881177643 87 90 81 1.3027682429551826 37 78 36 82 35 67
1920 -2.6062200336037264 0.2271725425614457 1.3102794268729041 112 130 31 1.0835997883101782 36 100 35 79 34 95
1921 -2.7782374006880128 0.6109461324221046 1.6587215647759519 87 104 26 2.1096273037021742 37 123 36 108 35 109 34 106
1924 -2.4014303545602171 0.36212094006605572 0.7517259405505673 125 142 36 0.92185503527150103 37 132 35 97 36 120
1925 -1.6106914705427167 0.65820671053841784 0.95696304506526297 170 183 78 0.50632246988638185 37 138 36 125 35 106
1930 -2.6597683298740713 0.30059703171757324 1.5141100821661959 109 126 34 0.96560232169296023 37 135 36 147 35 126
1931 -2.6597683298740713 0.30059703171757324 1.5141100821661959 109 126 34 0.96560232169296023 37 136 36 148 35 127
1933 -2.6530575379317263 0.16105567188346012 1.4059554728623038 75 93 18 1.2768053397349379 37 150 36 165
1934 -2.0694938263203801 1.0620184579233569 1.1843689816429603 13 14 8 1.4407457870909652 37 179 34 181 35 167
1935 -1.756495682471219 1.2481190401611113 0.98357407878877678 11 12 7 1.5192262398505136 41 174 36 193 40 176 39 193 35 171
1936 -6.2694149709961868 -3.321970787312142 0.23925150164417128 216 222 218 0.058600056991782591 37 177 36 194
1937 -2.2594920908621061 1.061177679620368 0.98510389493729011 65 69 44 1.3826681229138025 37 82 36 85 34 86 33 56
1941 -2.9226675147796417 -1.0330092486399338 1.8228789753285324 22 27 33 1.1834974162889977 37 130 36 161 35 140
1942 -2.7094512687985 0.12195673392701194 1.3466485196482563 128 145 52 1.3194057628850522 36 39 38 32 35 18 34 28
1943 -2.7204626999155761 0.10448500522152877 1.4160997750457882 144 160 60 1.1553840164671818 36 40 40 29 35 19 34 35
1945 -2.7069225353542348 0.096808423396514992 1.353079305435031 41 55 1 1.7791430493582396 36 48 37 36 35 31 34 34 33 25 32 8 31 35 29 29 30 29
1949 -2.5744826494716757 0.36034301568244431 1.3323569117288416 29 37 0 1.7928663077522606 36 64 37 60 35 52 34 64 33 49 32 26 31 51 30 36
1955 -2.6730978734978721 0.22582997298879656 1.6088311341396035 54 67 13 1.9212961209116974 36 102 37 116 35 82 34 80
1957 -1.5307721267371619 1.0316559072063367 1.0242080138348257 48 52 15 1.5871725204635889 36 112 35 91
1959 -2.6765258829208047 0.11217975315883043 0.9430348006171192 143 160 64 2.6268750009523698 37 131 35 96
1960 -2.7157127486586696 0.18458669764118699 1.5069354413968226 0 0 0 0.93924746043556817 36 121 37 113 39 124 40 112 38 111 35 99
1961 -2.2602819580104314 0.52358148635037349 0.75657353685675699 146 163 57 1.6977097568245052 36 124 37 137 35 103 34 120
1962 -2.2853552151519669 0.76323186536287102 1.0075439948511393 106 122 33 1.9866113033838484 36 129 37 122 40 142 41 132 35 108 34 126 33 108 32 73 31 74
1969 -2.8174567683466059 0.75675532592714156 1.8101782695026363 0 0 0 0.75685891383283077 37 166 39 184
1971 -2.5947706144246321 0.20286526852234874 1.1917763717088559 118 133 42 1.5596697750557107 36 33 37 26 35 14 34 30
1972 -2.6097325409595036 0.31372986226304267 1.3546896931171457 70 84 23 1.3912371485109254 35 34 33 36 34 48
1973 -2.572692159530845 0.40092603597611082 1.3634321591521883 97 111 35 0.78527192182424221 36 51 35 36 34 67 33 50 32 27 31 60 30 58 29 62
1974 -2.7245846051246367 -1.2169947179374205 1.5799090491504728 172 186 107 1.286396697799038 35 39 34 51 33 29
1975 -2.815085488391051 0.5951550691026839 1.7101226193141603 98 112 24 1.6437697615560363 36 81 35 56 34 84 33 69 32 43
1976 -2.4028487544243129 -0.79145796927302947 1.6997871671096849 157 160 153 1.4100266368686603 36 71 35 58 34 76 33 60 31 55
1977 -2.4132685527728022 0.38605623680929846 1.2744860235336952 89 103 24 0.97995801798533577 36 76 35 63
1978 -2.4725430013750889 0.43376292013142531 1.2747032826960565 50 59 11 1.3874867270216027 36 77 35 64 34 100 33 86 32 55 31 71 30 57
1979 -2.6696386474589886 0.36814104992171709 1.6201726932355807 38 46 7 1.8925053294817711 36 79 35 65 34 83 33 67
1980 -2.5668147631826757 0.249412975460267 0.71733510329418815 143 161 53 0.32990258895628199 36 118 35 75
1981 -2.2421097004811688 0.73870612035575955 0.93212470313428963 32 39 5 1.0314847015886537 36 107 35 85 34 103
1982 -2.6658597621546622 0.63785902936088212 1.4058103837286631 14 18 4 2.7383069534842002 36 128 35 86 34 104
1983 -2.5964388855765632 0.77199518548736468 1.8268190619083844 76 93 22 1.7841626612297945 36 131 35 90
1984 -2.3662886724565029 1.1402068635717104 1.2182518280686945 42 43 27 1.9807496745444984 36 114 35 93 34 108 33 93
1985 -2.3702435937977602 0.42515202652006079 0.57520980750304296 187 179 168 1.824977143563618 36 99 35 98
1986 -2.6594661657261778 0.5620450714026779 1.5415767933360751 82 98 25 0.70157726916179208 36 127 35 107
1987 -2.4996539320226345 0.92989899501389972 1.2946071915986987 116 134 35 2.6200067697480924 36 130 35 111 34 152
1988 -2.9053939396600938 0.86693520165663285 1.9111834579582043 20 22 11 1.525530405518416 36 135 35 116 34 136
1989 -2.6104722670178164 0.31651406114599989 1.3890657447811352 61 72 16 1.7240866763257479 36 145 35 124 34 147 33 128 32 69 31 84
1990 -2.5668939328152702 0.2651503457268895 0.90277145703627626 166 184 74 1.8699702769745332 36 164 35 141 34 142
1992 -1.7041721982638462 1.3261241208905366 1.307379541427369 0 0 0 1.2127014973687968 38 171 39 186
1994 -2.7312934638753981 0.3195872055230991 1.7165083624873838 73 84 26 0.2186248425279575 36 42 34 39
1995 -2.8927561029421236 -1.1019813675221355 1.7356604076300104 86 96 27 0.92585235108134145 35 28 34 54
1996 -2.5752765789333658 0.17075604100698963 0.92508179355082265 151 168 62 1.652098611937058 35 60 36 72 34 58
1997 -2.6460477977515069 0.18387000834979636 1.3152237077851552 63 84 7 1.6139193187674779 35 45 34 61 32 24 31 48
1998 -2.6634149242039284 0.63856738232202381 1.4128627646799019 16 18 5 2.4268305639187946 35 87 34 105 33 68
1999 -3.3859122125574923 0.82409751516258833 1.3546767194567875 145 156 51 1.0498177718984569 35 88 34 129 36 109
2000 -3.212327158209296 0.8266722460999637 1.5518734965552594 17 19 6 0.84201999261009886 36 83 35 89
2001 -2.2550265104479452 1.051166340497141 1.1652689793952178 20 20 10 0.71717953618212149 35 131 34 134 33 90
2002 -2.3844851049235616 0.99194249843034898 1.3712890102680884 21 21 11 1.3503028932985099 35 115 36 134 33 114 32 79 31 87 30 92 29 87
2003 -7.7161135973332788 -2.1340715638335022 -2.2309628532492458 144 149 145 0.92910571474384351 35 136 33 136 32 95
2004 -7.7649798611084107 -1.8274585712359837 -2.2827149782224887 161 166 162 1.009857323690865 35 137 36 157 32 96 33 137 31 107 30 104
2005 -2.7651453931485963 0.25769410527245185 1.5869928667860465 57 67 15 1.206336677213141 34 164 33 143 32 101 31 99 30 98 29 96
2006 -8.7180281779920517 1.0251335440421216 -1.1679941665719604 117 120 113 1.8213083766984708 35 150 31 127 33 165
2007 -2.8398726694073368 0.77316884679099718 1.7970143111529224 157 176 51 1.7484955058456755 36 185 34 179 33 166
2008 -2.3992615975541254 0.51252484768664019 1.2049197114875345 92 106 29 1.8136713115421237 34 71 33 52 32 41 31 62 29 75
2010 -2.5515339481229318 0.33151179914758067 1.2690673644536339 121 134 42 2.0912032417006685 34 81 33 65 32 37 31 58 30 45 29 49
2011 -2.4295486888326927 0.42765242676436876 1.1672665246362273 115 130 37 1.5430199548120049 34 98 31 59 33 85 30 55
2014 -2.5687409030673836 0.20841380200538856 1.1723958958149097 102 117 22 1.1705049369446312 34 116 33 102 32 66 31 68 30 67 29 56
2015 -2.6858879940121376 0.58447068400992785 1.5218007892330361 97 111 34 1.4460146559939442 33 109 32 75
2016 -2.7843050432665422 -0.97914210447823347 1.8212931858172114 91 104 24 1.6077723322236916 34 137 33 118 35 121 36 139
2018 -3.3907330011118688 0.11362897956546561 1.6069108811351323 198 188 178 1.7445039399687132 34 144 33 125 32 87 31 98 30 85
2019 -2.4556278625979209 0.33315852262189405 1.204616603885148 95 111 22 1.4162789915827534 33 126 29 85
2020 -2.6146858403099604 0.32144079926814412 1.3777512176850444 72 84 18 2.1103072084754921 34 148 37 134 33 127 32 68 31 83 30 88
2021 -2.9110704870887614 1.1302715549901761 1.0078546750660486 79 80 64 0.67869316778570665 34 154 33 134
2022 -2.7005137967350432 0.92560354531032529 1.7331569009662482 21 21 13 0.92820109079501401 34 167 33 148
2027 -2.5506068292123492 -0.77938367716860835 1.7753105027613307 36 43 9 1.6258020677413796 34 182 33 172 32 125
2028 -2.997251525279649 -0.69970286928420422 1.5474889976706585 35 41 8 0.23333308991470703 34 195 32 131
2030 -2.653095054203213 0.11561555519806008 1.1935925688868705 189 204 101 0.7496564647340821 34 115 33 101 32 65
2031 -2.5908155622666431 -1.0205718019802137 1.6696111274625813 170 176 164 0.42836026435888097 35 139 32 108
2032 -3.0297389424801526 0.59439068924729066 1.3685113922249326 41 48 14 0.48799453427302786 34 178 32 122
2033 -2.6544454473479635 0.24460139585605145 1.4351640576390896 124 138 40 0.3342412807498284 34 31 32 11
2034 -2.5745798477343018 0.1704194198525277 1.2332037088753192 94 114 18 0.65071975485411915 33 34 32 19 31 41
2035 -2.5969408858950822 -0.95614571290539474 1.7221663545874766 96 110 25 2.2023008448942405 33 79 32 32 30 66
2036 -2.6709707478245184 0.20411594280490322 1.4261459414887807 77 95 13 1.0216965692635893 33 83 34 97 32 36 31 57 30 43 29 47
2037 -2.3536741975245801 0.50299169216586004 1.1040579345974524 102 119 23 0.0011510982418006035 33 66 31 61
2038 -2.6602166363351549 0.3271591953898858 1.5044093659907329 121 135 40 1.4173491510917302 32 71 30 69 31 70 29 74
2039 -2.6835315375364859 0.4532499822416165 1.5218364411638778 87 100 30 1.1210005315913303 32 72 31 73 29 64 30 59
2040 -2.9681138070379531 0.23447459980255686 1.7204305145369947 73 84 24 1.2950604873013203 33 129 32 88 34 121
2041 -2.6174346216659914 0.48318959516635412 1.427098303173997 40 47 13 0.85865534733090865 32 89 31 101 30 89
2042 -2.9572358976417537 0.77702694135960637 1.8648204195883475 156 174 52 1.9253730667376416 33 113 32 90 31 104 29 111
2043 -2.9572358976417537 0.77702694135960637 1.8648204195883475 156 174 52 1.9253730667376416 33 112 32 91 31 105 29 112
2045 -3.2688577652069699 0.88299507736658622 1.4722433290972756 17 19 8 2.9790001750783861 33 132 32 103
2046 -2.7299306744895566 -1.1518950104453245 1.7172705851595444 71 84 14 1.0489344152347087 33 151 32 106 31 114
2047 -3.0960784746233547 -1.1578409834062198 1.5923860864359871 166 171 167 1.5589010266738395 33 152 32 107 31 115 30 111
2048 -2.3396044304027974 0.92857804060984539 1.2372129365861615 164 183 75 1.5706070988686252 35 152 36 176 32 113 31 122
2049 -2.956196237931513 -1.0187910702716922 1.7946302477280469 15 20 26 1.785005502122053 33 156 32 114 31 125 30 120 29 124
2051 -2.9972515252796508 -0.699702869284204 1.5474889976706565 42 48 10 0.23333308991482188 34 196 32 132
2052 -3.9305650672705741 -0.12134814887077824 1.3393639049001129 177 180 173 0.5208530068891648 34 194 32 134
2053 -2.7604051036856734 0.080468218022049592 1.1851392101089027 194 209 104 1.8230642306406795 33 61 32 33
2054 -2.7269034362547191 0.096431558248816454 0.94616892687851928 167 181 70 1.882314265051104 33 100 32 62
2055 -2.5850953523169307 0.20915020476876917 1.1941066424872617 136 150 39 0.34046578761425367 32 10 33 26 31 32
2056 -2.7513366343228438 -1.2230413489539826 1.5206924066077767 189 203 150 2.0444994318898235 32 15 31 44
2057 -2.9385977242441625 -1.1082087318424934 1.6815995015560219 105 114 33 1.0731163605609981 33 42 31 45
2058 -2.5546421319818151 0.28821402305294685 1.2363992644366644 102 118 19 1.7379091172651551 32 25 31 49 30 44 29 48
2059 -2.5995666698984636 0.1680919498464499 1.0823860611464546 185 198 82 1.1145050943899026 32 34 33 62 31 56 30 51
2061 -2.4612042099645919 1.0522536639331104 1.3653157047931221 42 43 27 1.5347886204449903 32 49 31 65 30 60 29 67
2062 -2.7888140133146688 0.98526353932221322 1.8140723313819269 58 57 39 0.96223139681436798 32 51 31 66 30 62
2063 -2.6227308546985588 0.24305414779656839 1.2896800750064261 149 163 49 1.7191148620858399 32 53 33 82 31 69 30 52 29 57
2064 -2.7106588315024247 0.37805146292135855 1.5571796621288394 64 75 17 1.859302530414193 32 56 31 72 30 71 29 63
2065 -3.2187832692718623 0.8039079298825399 1.4222609860317739 108 118 32 1.4291634994288362 32 57 31 75 30 91 29 86
2066 -2.8581782355195817 0.84436363063745479 1.9459497155079752 24 24 12 2.2331357656814279 32 80 30 77 31 76
2067 -2.9394594200969739 -0.7725181390365351 1.8402267112099773 63 72 19 1.3246312598077914 33 99 34 112 31 80
2068 -2.7348208651783246 0.94730427642724646 1.6684176705177514 24 24 14 0.44844940443953663 32 92 31 88
2069 -2.8037815921094693 -0.9842200039654444 1.7597452903191912 117 128 36 1.0392645853258726 32 81 31 93 30 96 29 82
2070 -8.0237071384414627 -2.1439321994585256 -2.5438469823098675 0 0 0 0.32758361313938356 34 157 36 156
2071 -3.3404272518169158 0.75586502927288124 1.3137332167924314 143 155 55 0.97605970424274913 31 119 30 114 29 118
2072 -3.3404272518169158 0.75586502927288124 1.3137332167924314 143 155 55 0.97605970424274913 31 120 30 113 29 119
2073 -2.3693751675872292 0.9676276890535026 1.1358196520897592 171 188 87 2.5697943348632548 32 112 31 121 30 115 29 120
2074 -8.2773597728416082 0.93781700683867952 -0.83341569791391845 0 0 0 0.13980012730688265 34 177 36 174
2075 -2.6953096456365278 0.38468852836969808 1.6261969108447492 58 67 10 0.65891339550939443 32 14 30 30
2076 -3.4254619101926336 0.87218324167163441 1.4801929964665754 90 87 80 2.0553606936884177 31 53 30 38 29 51
2077 -2.2866987441800566 0.75121219143459217 1.0111971746160469 127 137 41 1.544775922357045 30 74 29 77
2078 -2.3504364636647166 1.1468607017722583 1.248512847961565 54 53 35 1.7238185761610276 31 89 32 58 30 76 29 88
2079 -2.9627150140597989 0.23542027379888672 1.7490164582815682 71 79 20 2.2896416349486883 31 100 30 99 29 97
2080 -3.407604053046553 1.0991416653129158 1.4011119469574265 85 82 73 0.37777814310298424 31 113 30 108 29 113
2081 -2.5034886729641093 0.60002840946211478 1.3746370898334375 35 38 11 0.84275101816961684 32 126 30 128 29 134
2082 -2.8781327083160333 0.82000592117085602 1.6640783401411279 154 169 44 0.36822358832546692 31 134 30 129 29 136
2083 -2.8699250851983065 0.80649831127484273 1.6969246170239758 154 169 44 2.0979883346376846 31 133 32 123 30 130 29 135
2084 -7.2289355952954191 -1.3864939531855089 -2.2215548502074012 0 0 0 1.2692201283097375 32 120 33 168
2085 -2.7054883055942138 0.22194650420546774 1.5626537807140721 83 96 16 0.35407418469344254 30 46 29 35
2088 -2.6790553518419133 0.58587721593403319 1.5413223478971956 116 128 42 0.8587654637141483 30 75 31 85 29 78
2089 -2.4583670999482337 0.33148471138502822 1.220154068208106 0 0 0 1.3810357324285139 30 87 31 82 32 67
2090 -2.1137929493521006 1.0471158020783911 1.1580687925035344 16 16 8 1.9942660053720653 30 122 33 167 29 125
2092 -6.2522524299469948 1.0306579086615297 -1.2988946846629543 0 0 0 0.89856212262692114 31 97 33 124 32 86
2093 -7.2663655803886655 -1.6697301670191886 -2.5521207984440752 0 0 0 1.7911280660603079 31 108 32 97
